거주동 코드,거주동 이름,근무동 코드,근무동 이름,출근_이동량,평균_이동시간_분,평균_이동거리_m,평균_이동거리_km,원본_행수,home_code8,work_code8,is_top80,목적지_순위,최종_가중치,is_internal
11230536,용신동,11230536,용신동,103993.53,19.37,458.58,0.459,5273,11230536,11230536,1,1.0,0.12409382,1
11230536,용신동,11110615,종로1.2.3.4가동,61617.55,35.15,4060.11,4.06,4522,11230536,11110615,1,2.0,0.07352724,0
11230545,제기동,11230536,용신동,47187.47,21.25,860.7,0.861,4341,11230545,11230536,1,3.0,0.04906586,0
11230536,용신동,11140550,명동,40631.78,37.44,4467.63,4.468,3677,11230536,11140550,1,3.0,0.04848526,0
11230536,용신동,11230545,제기동,33440.81,20.77,856.98,0.857,3604,11230536,11230545,1,4.0,0.03990439,0
11230560,전농1동,11230536,용신동,29262.22,27.55,1688.39,1.688,3485,11230560,11230536,1,10.0,0.02142389,0
11230536,용신동,11140520,소공동,26411.92,41.15,5209.77,5.21,3038,11230536,11140520,1,5.0,0.03151692,0
11230536,용신동,11140540,회현동,24397.82,42.01,5339.52,5.34,3144,11230536,11140540,1,6.0,0.02911353,0
11230536,용신동,11200690,성수2가3동,23582.81,34.46,4033.04,4.033,2868,11230536,11200690,1,7.0,0.02814099,0
11230536,용신동,11680640,역삼1동,23074.46,56.45,8443.06,8.443,2957,11230536,11680640,1,8.0,0.02753439,0
11230536,용신동,11560540,여의동,21233.56,57.92,11247.62,11.248,2392,11230536,11560540,1,9.0,0.02533767,0
11230536,용신동,11110630,종로5.6가동,21198.37,28.62,2460.17,2.46,2938,11230536,11110630,1,10.0,0.02529568,0
11230705,청량리동,11230536,용신동,20817.15,23.65,1577.85,1.578,2859,11230705,11230536,1,6.0,0.02945354,0
11200535,왕십리도선동,11230536,용신동,20438.18,21.9,956.69,0.957,3239,11200535,11230536,1,20.0,0.01473522,0
11230660,장안2동,11230536,용신동,20245.94,29.94,3412.46,3.412,3134,11230660,11230536,1,13.0,0.01472237,0
11290705,종암동,11230536,용신동,20039.66,28.13,2522.46,2.522,3078,11290705,11230536,1,17.0,0.01300002,0
11230536,용신동,11290600,안암동,19894.64,24.83,1096.37,1.096,2837,11230536,11290600,1,11.0,0.02373996,0
11290610,보문동,11230536,용신동,19420.07,19.4,1161.56,1.162,2785,11290610,11230536,1,7.0,0.02736047,0
11230536,용신동,11200535,왕십리도선동,19380.13,20.36,1012.74,1.013,2773,11230536,11200535,1,12.0,0.023126,0
11230600,답십리1동,11230536,용신동,18693.78,23.73,1626.71,1.627,2806,11230600,11230536,1,21.0,0.01476312,0
11230610,답십리2동,11230536,용신동,16065.29,28.76,2442.84,2.443,2555,11230610,11230536,1,20.0,0.01410938,0
11230650,장안1동,11230536,용신동,15436.88,25.33,3311.39,3.311,2530,11230650,11230536,1,28.0,0.01087505,0
11230536,용신동,11140590,광희동,14741.06,31.35,2595.68,2.596,2319,11230536,11140590,1,13.0,0.01759027,0
11110710,숭인2동,11230536,용신동,14001.03,15.44,890.58,0.891,2377,11110710,11230536,1,10.0,0.02507272,0
11230536,용신동,11200560,행당1동,13730.89,18.27,1948.39,1.948,2126,11230536,11200560,1,14.0,0.01638485,0
11290600,안암동,11230536,용신동,13380.08,20.3,1150.37,1.15,2285,11290600,11230536,1,8.0,0.02443993,0
11305545,송중동,11230536,용신동,13300.94,39.58,4746.83,4.747,2479,11305545,11230536,1,26.0,0.01134858,0
11230570,전농2동,11230536,용신동,13220.23,28.29,2525.03,2.525,2271,11230570,11230536,1,16.0,0.01777821,0
11230536,용신동,11230560,전농1동,12969.73,25.21,1435.15,1.435,2251,11230536,11230560,1,15.0,0.01547657,0
11230730,휘경2동,11230536,용신동,12917.83,29.44,3022.27,3.022,2114,11230730,11230536,1,19.0,0.01435237,0
11230536,용신동,11110530,사직동,12648.43,42.6,5409.65,5.41,2159,11230536,11110530,1,16.0,0.01509317,0
11230536,용신동,11230650,장안1동,12220.1,26.22,3056.36,3.056,2096,11230536,11230650,1,17.0,0.01458205,0
11290810,석관동,11230536,용신동,12059.15,37.4,4541.79,4.542,2086,11290810,11230536,1,31.0,0.00927881,0
11200540,마장동,11230536,용신동,11429.28,20.71,1174.81,1.175,2163,11200540,11230536,1,24.0,0.01176857,0
11230536,용신동,11680580,삼성1동,10902.95,52.69,7550.66,7.551,1972,11230536,11680580,1,18.0,0.01301032,0
11230536,용신동,11140615,신당동,10345.78,35.25,2029.85,2.03,1909,11230536,11140615,1,19.0,0.01234545,0
11230740,이문1동,11230536,용신동,10027.59,30.93,3488.21,3.488,1930,11230740,11230536,1,21.0,0.01302023,0
11290725,월곡2동,11230536,용신동,9832.34,39.75,3284.88,3.285,2343,11290725,11230536,1,24.0,0.01163382,0
11230750,이문2동,11230536,용신동,9588.11,29.17,4284.31,4.284,1681,11230750,11230536,1,18.0,0.01324389,0
11230536,용신동,11170625,한강로동,9585.73,45.61,7631.38,7.631,1602,11230536,11170625,1,20.0,0.0114385,0
11230536,용신동,11230600,답십리1동,9578.95,24.01,1340.24,1.34,1780,11230536,11230600,1,21.0,0.01143041,0
11230536,용신동,11650530,서초3동,9497.99,61.78,10123.63,10.124,1718,11230536,11650530,1,22.0,0.0113338,0
11230720,휘경1동,11230536,용신동,9448.62,27.49,3203.32,3.203,1845,11230720,11230536,1,22.0,0.01441582,0
11305575,삼각산동,11230536,용신동,9444.65,40.87,4769.82,4.77,1840,11305575,11230536,1,35.0,0.00844346,0
11230536,용신동,11140605,을지로동,9437.61,35.51,3460.01,3.46,1675,11230536,11140605,1,23.0,0.01126175,0
11350560,월계1동,11230536,용신동,9219.67,40.61,5658.92,5.659,1878,11350560,11230536,1,24.0,0.01165551,0
11200570,행당2동,11230536,용신동,9162.95,34.78,2238.19,2.238,1855,11200570,11230536,1,39.0,0.00828558,0
11230536,용신동,11680531,논현2동,9027.94,51.35,6591.95,6.592,1707,11230536,11680531,1,24.0,0.0107729,0
11230536,용신동,11110710,숭인2동,9007.41,19.0,952.96,0.953,1700,11230536,11110710,1,25.0,0.0107484,0
11230536,용신동,11680545,압구정동,8995.39,44.09,5622.62,5.623,1815,11230536,11680545,1,26.0,0.01073406,0
11200560,행당1동,11230536,용신동,8885.57,21.74,2040.1,2.04,1934,11200560,11230536,1,28.0,0.01244553,0
11230536,용신동,11230705,청량리동,8863.93,24.9,1580.99,1.581,1779,11230536,11230705,1,27.0,0.01057719,0
11305555,송천동,11230536,용신동,8696.27,39.09,4749.23,4.749,1815,11305555,11230536,1,35.0,0.00921324,0
11230536,용신동,11200660,성수1가2동,8649.65,32.23,3270.6,3.271,1640,11230536,11200660,1,28.0,0.01032149,0
11230536,용신동,11680610,대치2동,8444.98,52.09,8014.58,8.015,1663,11230536,11680610,1,29.0,0.01007726,0
11260590,상봉2동,11230536,용신동,8424.63,33.86,4756.42,4.756,1856,11260590,11230536,1,40.0,0.00825672,0
11260680,신내1동,11230536,용신동,8416.07,45.94,7167.5,7.168,1809,11260680,11230536,1,46.0,0.00633087,0
11230536,용신동,11680630,대치4동,8359.92,50.4,8017.58,8.018,1454,11230536,11680630,1,30.0,0.00997576,0
11290715,월곡1동,11230536,용신동,8354.5,38.27,3591.9,3.592,1708,11290715,11230536,1,33.0,0.00894747,0
11230536,용신동,11410565,충현동,8349.21,41.9,6391.65,6.392,1549,11230536,11410565,1,31.0,0.00996298,0
11260610,중화2동,11230536,용신동,8236.65,38.41,4476.79,4.477,1723,11260610,11230536,1,42.0,0.00894878,0
11230536,용신동,11200540,마장동,8223.69,20.95,924.72,0.925,1642,11230536,11200540,1,32.0,0.0098132,0
11260655,망우본동,11230536,용신동,8122.66,43.2,6827.19,6.827,1704,11260655,11230536,1,55.0,0.0059299,0
11350580,월계3동,11230536,용신동,8077.27,38.59,6120.25,6.12,1767,11350580,11230536,1,41.0,0.00705076,0
11305660,인수동,11230536,용신동,7856.32,41.14,6983.57,6.984,1509,11305660,11230536,1,41.0,0.00754486,0
11290760,장위1동,11230536,용신동,7763.93,44.24,4730.45,4.73,1611,11290760,11230536,1,33.0,0.00881011,0
11305645,우이동,11230536,용신동,7656.57,44.28,8572.79,8.573,1558,11305645,11230536,1,25.0,0.01069659,0
11230536,용신동,11140570,필동,7634.19,39.66,4031.0,4.031,1536,11230536,11140570,1,33.0,0.00910976,0
11260565,면목본동,11230536,용신동,7532.72,36.93,5272.74,5.273,1698,11260565,11230536,1,66.0,0.0055332,0
11320512,창2동,11230536,용신동,7380.46,49.61,7500.93,7.501,1541,11320512,11230536,1,49.0,0.0070246,0
11230536,용신동,11680510,신사동,7297.47,48.41,6135.81,6.136,1479,11230536,11680510,1,34.0,0.00870795,0
11290660,길음1동,11230536,용신동,7167.34,39.13,3792.6,3.793,1607,11290660,11230536,1,67.0,0.00483076,0
11230536,용신동,11200790,용답동,7162.93,19.83,2423.19,2.423,1479,11230536,11200790,1,35.0,0.00854741,0
11230536,용신동,11110640,이화동,7156.29,33.86,2716.22,2.716,1468,11230536,11110640,1,36.0,0.00853949,0
11305534,삼양동,11230536,용신동,6993.88,42.28,5537.77,5.538,1581,11305534,11230536,1,47.0,0.00706162,0
11290555,삼선동,11230536,용신동,6893.76,27.85,1971.07,1.971,1588,11290555,11230536,1,38.0,0.00729971,0
11200615,금호2.3가동,11230536,용신동,6803.32,33.08,2907.38,2.907,1421,11200615,11230536,1,54.0,0.0069549,0
11290650,정릉4동,11230536,용신동,6753.9,39.4,4889.14,4.889,1467,11290650,11230536,1,38.0,0.00759792,0
11230536,용신동,11680650,역삼2동,6716.86,53.75,8487.26,8.487,1446,11230536,11680650,1,37.0,0.00801512,0
11230536,용신동,11710710,잠실6동,6701.82,51.15,9182.76,9.183,1420,11230536,11710710,1,38.0,0.00799718,0
11320514,창4동,11230536,용신동,6657.71,45.1,8736.34,8.736,1334,11320514,11230536,1,52.0,0.005971,0
11260600,중화1동,11230536,용신동,6614.1,43.46,5135.21,5.135,1507,11260600,11230536,1,38.0,0.0088466,0
11260620,묵1동,11230536,용신동,6589.19,42.97,6126.72,6.127,1376,11260620,11230536,1,68.0,0.00514302,0
11290630,정릉2동,11230536,용신동,6450.95,35.72,3649.5,3.649,1571,11290630,11230536,1,44.0,0.00693725,0
11230536,용신동,11215870,구의3동,6449.52,32.54,6815.61,6.816,1259,11230536,11215870,1,39.0,0.00769611,0
11230536,용신동,11680521,논현1동,6406.03,51.6,6960.46,6.96,1352,11230536,11680521,1,40.0,0.00764421,0
11215770,중곡4동,11230536,용신동,6399.85,35.87,5534.73,5.535,1423,11215770,11230536,1,67.0,0.00541372,0
11230536,용신동,11170685,한남동,6396.24,44.3,5128.62,5.129,1431,11230536,11170685,1,41.0,0.00763253,0
11230536,용신동,11440660,서교동,6385.09,50.46,10172.15,10.172,1353,11230536,11440660,1,42.0,0.00761923,0
11290685,길음2동,11230536,용신동,6152.99,35.44,3550.85,3.551,1432,11290685,11230536,1,52.0,0.0065269,0
11230536,용신동,11650520,서초2동,5962.14,59.87,9371.11,9.371,1303,11230536,11650520,1,43.0,0.00711453,0
11230536,용신동,11710642,문정2동,5959.47,58.84,12651.19,12.651,1326,11230536,11710642,1,44.0,0.00711134,0
11305625,수유2동,11230536,용신동,5828.33,45.85,7675.65,7.676,1371,11305625,11230536,1,43.0,0.0073535,0
11380690,진관동,11230536,용신동,5808.1,64.94,11679.48,11.679,1340,11380690,11230536,0,,,0
11230536,용신동,11230660,장안2동,5786.26,29.65,3355.88,3.356,1226,11230536,11230660,1,45.0,0.00690465,0
11230536,용신동,11560535,영등포동,5782.78,59.9,12389.0,12.389,1160,11230536,11560535,1,46.0,0.0069005,0
11230536,용신동,11545510,가산동,5739.92,75.73,17271.41,17.271,1208,11230536,11545510,1,47.0,0.00684936,0
11230536,용신동,11110670,창신1동,5691.6,31.55,1753.7,1.754,1312,11230536,11110670,1,48.0,0.0067917,0
11230536,용신동,11680655,도곡1동,5646.73,56.28,10005.31,10.005,1298,11230536,11680655,1,49.0,0.00673815,0
11230536,용신동,11290610,보문동,5609.96,23.33,1163.36,1.163,1293,11230536,11290610,1,50.0,0.00669428,0
11260520,면목2동,11230536,용신동,5554.46,32.44,4342.5,4.343,1143,11260520,11230536,1,57.0,0.00667139,0
11350595,공릉1동,11230536,용신동,5551.48,45.8,6556.71,6.557,1243,11350595,11230536,1,83.0,0.0041235,0
11305603,번2동,11230536,용신동,5542.87,48.05,6014.28,6.014,1298,11305603,11230536,1,31.0,0.00977124,0
11230536,용신동,11680565,청담동,5540.51,43.99,6021.08,6.021,1229,11230536,11680565,1,51.0,0.0066114,0
11260570,면목7동,11230536,용신동,5511.36,39.18,4899.16,4.899,1143,11260570,11230536,1,57.0,0.00663217,0
11290575,동선동,11230536,용신동,5325.08,29.68,2342.69,2.343,1478,11290575,11230536,1,38.0,0.00701404,0
11215750,중곡2동,11230536,용신동,5216.53,32.05,5186.58,5.187,1191,11215750,11230536,1,60.0,0.00595239,0
11350640,상계2동,11230536,용신동,5164.74,56.12,9516.03,9.516,1403,11350640,11230536,1,47.0,0.00699295,0
11380510,녹번동,11230536,용신동,5154.1,47.88,9188.66,9.189,1140,11380510,11230536,0,,,0
11350695,상계6.7동,11230536,용신동,5099.51,55.78,8458.88,8.459,1254,11350695,11230536,1,79.0,0.00399679,0
11200790,용답동,11230536,용신동,5051.7,24.93,2134.44,2.134,1305,11200790,11230536,1,41.0,0.00794872,0
11200520,왕십리2동,11230536,용신동,5025.36,38.72,1813.38,1.813,1312,11200520,11230536,1,55.0,0.00630477,0
11305635,수유3동,11230536,용신동,4989.24,44.47,7100.97,7.101,1147,11305635,11230536,1,62.0,0.00586173,0
11320511,창1동,11230536,용신동,4907.95,51.46,8014.8,8.015,1150,11320511,11230536,1,61.0,0.0052994,0
11740685,길동,11230536,용신동,4743.59,54.1,10594.1,10.594,1253,11740685,11230536,0,,,0
11230710,회기동,11230536,용신동,4742.41,27.05,2268.9,2.269,1201,11230710,11230536,1,18.0,0.01300071,0
11350570,월계2동,11230536,용신동,4661.83,45.53,6357.56,6.358,1016,11350570,11230536,1,68.0,0.00534158,0
11305615,수유1동,11230536,용신동,4550.6,41.27,6253.49,6.253,1072,11305615,11230536,1,51.0,0.00659193,0
11140670,황학동,11230536,용신동,4485.13,21.67,985.51,0.986,1082,11140670,11230536,1,37.0,0.00807067,0
11215860,구의2동,11230536,용신동,4483.66,34.72,6183.84,6.184,1227,11215860,11230536,1,78.0,0.00411879,0
11320515,창5동,11230536,용신동,4458.48,54.8,8753.62,8.754,980,11320515,11230536,1,64.0,0.00507504,0
11290525,성북동,11230536,용신동,4412.25,40.01,3315.66,3.316,1126,11290525,11230536,1,43.0,0.00670027,0
11350600,공릉2동,11230536,용신동,4386.58,46.12,7137.5,7.137,1028,11350600,11230536,1,103.0,0.00272621,0
11230536,용신동,11170530,남영동,4385.89,42.57,6375.9,6.376,1033,11230536,11170530,1,52.0,0.00523361,0
11230536,용신동,11290705,종암동,4371.83,22.04,2387.96,2.388,1002,11230536,11290705,1,53.0,0.00521684,0
11230536,용신동,11530540,구로3동,4365.45,73.23,15630.88,15.631,998,11230536,11530540,1,54.0,0.00520922,0
11230536,용신동,11200650,성수1가1동,4359.94,37.61,3823.01,3.823,1066,11230536,11200650,1,55.0,0.00520265,0
11230536,용신동,11230710,회기동,4351.51,32.41,2466.23,2.466,982,11230536,11230710,1,56.0,0.00519259,0
11230536,용신동,11650651,양재1동,4281.74,58.54,11172.65,11.173,984,11230536,11650651,1,57.0,0.00510933,0
11305535,미아동,11230536,용신동,4281.63,39.8,5849.45,5.849,974,11305535,11230536,1,56.0,0.00608787,0
11230536,용신동,11140665,동화동,4266.75,24.84,1916.11,1.916,924,11230536,11140665,1,58.0,0.00509144,0
11305608,번3동,11230536,용신동,4260.45,51.0,5739.74,5.74,1106,11305608,11230536,1,42.0,0.00793373,0
11740570,암사1동,11230536,용신동,4168.77,56.85,9610.17,9.61,1061,11740570,11230536,0,,,0
11230536,용신동,11680590,삼성2동,4118.19,54.32,7236.59,7.237,1016,11230536,11680590,1,59.0,0.00491417,0
11110700,숭인1동,11230536,용신동,4114.15,25.4,1275.07,1.275,1090,11110700,11230536,1,20.0,0.01387878,0
11230536,용신동,11140650,신당5동,4105.86,30.37,1707.76,1.708,986,11230536,11140650,1,60.0,0.00489946,0
11200580,응봉동,11230536,용신동,4070.4,28.44,2734.83,2.735,817,11200580,11230536,1,46.0,0.00704298,0
11260575,면목3.8동,11230536,용신동,4067.08,49.4,5575.45,5.575,1059,11260575,11230536,1,81.0,0.00407998,0
11380520,불광1동,11230536,용신동,4042.49,59.5,10254.23,10.254,1049,11380520,11230536,0,,,0
11230536,용신동,11260590,상봉2동,3992.63,36.31,4448.75,4.449,905,11230536,11260590,1,61.0,0.00476434,0
11110680,창신2동,11230536,용신동,3965.07,28.69,1824.87,1.825,943,11110680,11230536,1,20.0,0.01368535,0
11230536,용신동,11440740,상암동,3963.17,60.31,12473.73,12.474,955,11230536,11440740,1,62.0,0.00472919,0
11230536,용신동,11200520,왕십리2동,3935.54,24.61,1732.76,1.733,914,11230536,11200520,1,63.0,0.00469622,0
11350625,중계2.3동,11230536,용신동,3921.38,56.87,8056.72,8.057,1003,11350625,11230536,1,98.0,0.00323632,0
11260580,상봉1동,11230536,용신동,3898.39,35.42,5907.55,5.908,864,11260580,11230536,1,71.0,0.00469737,0
11320660,쌍문1동,11230536,용신동,3894.32,60.36,8431.04,8.431,977,11320660,11230536,1,64.0,0.00525375,0
11320522,도봉2동,11230536,용신동,3883.63,64.75,11803.13,11.803,944,11320522,11230536,1,71.0,0.00423997,0
11260540,면목4동,11230536,용신동,3879.58,32.79,4521.54,4.522,886,11260540,11230536,1,61.0,0.00589612,0
11320521,도봉1동,11230536,용신동,3875.14,51.0,11553.9,11.554,889,11320521,11230536,1,42.0,0.00642732,0
11380625,역촌동,11230536,용신동,3859.54,70.22,10601.4,10.601,968,11380625,11230536,0,,,0
11350710,상계9동,11230536,용신동,3793.95,53.46,10266.73,10.267,1002,11350710,11230536,1,74.0,0.00450135,0
11230536,용신동,11650531,서초4동,3761.15,60.13,8451.13,8.451,924,11230536,11650531,1,64.0,0.00448812,0
11320690,방학1동,11230536,용신동,3754.19,45.79,9968.97,9.969,839,11320690,11230536,1,72.0,0.00442172,0
11215810,광장동,11230536,용신동,3726.75,45.61,7136.01,7.136,934,11215810,11230536,0,,,0
11230536,용신동,11140670,황학동,3678.3,26.65,1376.55,1.377,900,11230536,11140670,1,65.0,0.00438926,0
11230536,용신동,11140580,장충동,3631.63,36.61,3126.76,3.127,882,11230536,11140580,1,66.0,0.00433357,0
11350630,상계1동,11230536,용신동,3613.18,60.52,11353.37,11.353,921,11350630,11230536,0,,,0
11230536,용신동,11230610,답십리2동,3582.88,25.22,2478.3,2.478,840,11230536,11230610,1,67.0,0.00427539,0
11230536,용신동,11110600,가회동,3539.09,39.0,4200.39,4.2,880,11230536,11110600,1,68.0,0.00422314,0
11320680,쌍문3동,11230536,용신동,3537.01,53.5,8110.53,8.111,832,11320680,11230536,1,61.0,0.0058392,0
11260660,망우3동,11230536,용신동,3526.94,41.45,6093.42,6.093,843,11260660,11230536,1,54.0,0.00677692,0
11230536,용신동,11290555,삼선동,3522.27,26.54,2112.16,2.112,758,11230536,11290555,1,69.0,0.00420307,0
11140650,신당5동,11230536,용신동,3516.94,25.39,1606.99,1.607,836,11140650,11230536,1,40.0,0.00781629,0
11305595,번1동,11230536,용신동,3511.69,43.55,6910.87,6.911,937,11305595,11230536,1,63.0,0.00534364,0
11215740,중곡1동,11230536,용신동,3382.74,38.06,4497.42,4.497,816,11215740,11230536,1,70.0,0.0046829,0
11350700,상계8동,11230536,용신동,3369.15,63.36,10371.62,10.372,849,11350700,11230536,1,89.0,0.00352016,0
11215780,능동,11230536,용신동,3359.8,30.64,5172.94,5.173,994,11215780,11230536,1,58.0,0.00556714,0
11215870,구의3동,11230536,용신동,3352.02,45.36,6959.09,6.959,872,11215870,11230536,0,,,0
11350665,상계3.4동,11230536,용신동,3349.19,64.13,11039.36,11.039,854,11350665,11230536,1,87.0,0.00361044,0
11200620,금호4가동,11230536,용신동,3337.25,38.89,3554.15,3.554,804,11200620,11230536,1,54.0,0.00585249,0
11350611,하계1동,11230536,용신동,3327.5,50.32,7749.46,7.749,873,11350611,11230536,1,93.0,0.00351313,0
11215760,중곡3동,11230536,용신동,3271.87,38.33,4535.06,4.535,831,11215760,11230536,1,71.0,0.00492694,0
11230536,용신동,11215840,자양3동,3255.55,32.0,5640.27,5.64,656,11230536,11215840,1,70.0,0.0038848,0
11110690,창신3동,11230536,용신동,3246.87,25.32,1355.96,1.356,780,11110690,11230536,1,24.0,0.01253229,0
11140615,신당동,11230536,용신동,3241.12,26.82,1859.33,1.859,951,11140615,11230536,1,28.0,0.00900718,0
11200645,옥수동,11230536,용신동,3228.22,34.04,3758.62,3.759,837,11200645,11230536,0,,,0
11410620,홍제1동,11230536,용신동,3206.54,48.2,7937.75,7.938,928,11410620,11230536,0,,,0
11290580,돈암1동,11230536,용신동,3188.72,33.0,2625.7,2.626,849,11290580,11230536,1,60.0,0.00535989,0
11230536,용신동,11200670,성수2가1동,3154.71,34.43,4418.01,4.418,755,11230536,11200670,1,71.0,0.00376447,0
11260690,신내2동,11230536,용신동,3147.28,41.82,6901.55,6.902,768,11260690,11230536,1,75.0,0.00432097,0
11290780,장위3동,11230536,용신동,3047.63,47.3,5148.29,5.148,748,11290780,11230536,1,53.0,0.00639607,0
11410720,북가좌2동,11230536,용신동,3001.75,62.27,10236.25,10.236,800,11410720,11230536,0,,,0
11230536,용신동,11140625,다산동,2985.39,35.26,3130.52,3.131,758,11230536,11140625,1,72.0,0.00356242,0
11170555,청파동,11230536,용신동,2982.48,46.1,6660.73,6.661,796,11170555,11230536,0,,,0
11230536,용신동,11560605,문래동,2933.72,58.62,14104.28,14.104,712,11230536,11560605,1,73.0,0.00350076,0
11320700,방학2동,11230536,용신동,2904.15,52.08,10149.66,10.15,648,11320700,11230536,1,52.0,0.00540014,0
11320710,방학3동,11230536,용신동,2857.98,51.55,9635.57,9.636,696,11320710,11230536,1,87.0,0.00330482,0
11290770,장위2동,11230536,용신동,2857.51,41.42,4467.74,4.468,836,11290770,11230536,1,70.0,0.00502214,0
11215730,군자동,11230536,용신동,2826.36,22.13,4554.35,4.554,673,11215730,11230536,1,74.0,0.00374058,0
11230536,용신동,11215780,능동,2821.21,34.58,5092.37,5.092,665,11230536,11215780,1,74.0,0.00336651,0
11200590,금호1가동,11230536,용신동,2811.39,31.43,2428.01,2.428,725,11200590,11230536,1,65.0,0.00419966,0
11230536,용신동,11650510,서초1동,2802.91,60.45,10053.77,10.054,717,11230536,11650510,1,75.0,0.00334467,0
11320513,창3동,11230536,용신동,2762.56,49.63,6942.35,6.942,708,11320513,11230536,1,56.0,0.00644246,0
11410640,홍제3동,11230536,용신동,2760.59,54.57,7416.63,7.417,719,11410640,11230536,1,67.0,0.00378029,0
11230536,용신동,11410585,신촌동,2746.66,47.81,8292.69,8.293,712,11230536,11410585,1,76.0,0.00327755,0
11560630,신길1동,11230536,용신동,2698.76,59.64,11896.73,11.897,775,11560630,11230536,0,,,0
11200670,성수2가1동,11230536,용신동,2666.14,36.98,4891.8,4.892,720,11200670,11230536,1,51.0,0.00450689,0
11230536,용신동,11110515,청운효자동,2644.91,55.47,5704.43,5.704,675,11230536,11110515,1,77.0,0.00315613,0
11290590,돈암2동,11230536,용신동,2615.79,37.5,2849.43,2.849,669,11290590,11230536,1,63.0,0.00505169,0
11410660,홍은1동,11230536,용신동,2604.07,55.99,7770.57,7.771,712,11410660,11230536,0,,,0
11410565,충현동,11230536,용신동,2602.29,45.06,6345.42,6.345,767,11410565,11230536,0,,,0
11230536,용신동,11110700,숭인1동,2598.71,22.47,1438.79,1.439,619,11230536,11110700,0,,,0
11590660,대방동,11230536,용신동,2596.36,59.01,11838.09,11.838,710,11590660,11230536,0,,,0
11560515,영등포본동,11230536,용신동,2588.78,56.51,12788.47,12.788,620,11560515,11230536,0,,,0
11320670,쌍문2동,11230536,용신동,2573.23,46.07,8961.45,8.961,776,11320670,11230536,1,88.0,0.00362979,0
11680670,개포2동,11230536,용신동,2542.91,59.91,10251.2,10.251,576,11680670,11230536,0,,,0
11200660,성수1가2동,11230536,용신동,2539.98,31.04,3260.58,3.261,705,11200660,11230536,1,64.0,0.00410162,0
11215850,구의1동,11230536,용신동,2524.46,37.56,6134.16,6.134,610,11215850,11230536,0,,,0
11410700,남가좌2동,11230536,용신동,2511.98,67.44,9742.88,9.743,701,11410700,11230536,0,,,0
11200550,사근동,11230536,용신동,2462.77,26.51,2144.94,2.145,652,11200550,11230536,1,58.0,0.00532094,0
11230536,용신동,11230730,휘경2동,2450.45,33.13,2957.93,2.958,610,11230536,11230730,0,,,0
11110615,종로1.2.3.4가동,11230536,용신동,2445.84,30.46,4302.15,4.302,736,11110615,11230536,0,,,0
11320681,쌍문4동,11230536,용신동,2442.62,54.82,8752.86,8.753,588,11320681,11230536,1,82.0,0.00379818,0
11740640,성내1동,11230536,용신동,2424.44,55.42,9744.18,9.744,663,11740640,11230536,0,,,0
11290620,정릉1동,11230536,용신동,2416.75,34.82,3072.88,3.073,630,11290620,11230536,1,71.0,0.00428066,0
11140645,청구동,11230536,용신동,2414.95,36.29,2952.92,2.953,595,11140645,11230536,1,61.0,0.00521599,0
11260550,면목5동,11230536,용신동,2405.58,37.39,4296.45,4.296,625,11260550,11230536,1,83.0,0.00420006,0
11230536,용신동,11710520,풍납2동,2404.31,55.69,8726.64,8.727,608,11230536,11710520,0,,,0
11530780,오류2동,11230536,용신동,2362.92,76.39,19287.47,19.287,670,11530780,11230536,0,,,0
11380600,응암3동,11230536,용신동,2358.09,57.25,10219.36,10.219,611,11380600,11230536,0,,,0
11230536,용신동,11200550,사근동,2328.72,32.49,2355.8,2.356,603,11230536,11200550,0,,,0
11110650,혜화동,11230536,용신동,2302.54,34.85,3308.9,3.309,677,11110650,11230536,1,59.0,0.0037804,0
11230536,용신동,11290725,월곡2동,2277.6,28.06,3125.82,3.126,536,11230536,11290725,0,,,0
11200690,성수2가3동,11230536,용신동,2270.74,38.7,3843.0,3.843,791,11200690,11230536,0,,,0
11230536,용신동,11680750,수서동,2240.12,57.58,11425.57,11.426,545,11230536,11680750,0,,,0
11740600,천호1동,11230536,용신동,2230.15,59.83,9897.05,9.897,619,11740600,11230536,0,,,0
11230536,용신동,11740660,성내3동,2211.77,51.68,10292.75,10.293,574,11230536,11740660,0,,,0
11230536,용신동,11650540,잠원동,2202.71,46.51,6787.32,6.787,574,11230536,11650540,0,,,0
11230536,용신동,11350695,상계6.7동,2188.66,51.75,8804.69,8.805,549,11230536,11350695,0,,,0
11230536,용신동,11260680,신내1동,2178.72,46.19,7776.97,7.777,562,11230536,11260680,0,,,0
11590560,상도4동,11230536,용신동,2170.72,55.4,11535.71,11.536,534,11590560,11230536,0,,,0
11230536,용신동,11530560,구로5동,2163.34,77.45,15268.0,15.268,587,11230536,11530560,0,,,0
11230536,용신동,11440600,대흥동,2149.35,49.56,8465.4,8.465,542,11230536,11440600,0,,,0
11215820,자양1동,11230536,용신동,2147.63,46.44,6350.0,6.35,539,11215820,11230536,0,,,0
11215840,자양3동,11230536,용신동,2135.44,43.29,6043.44,6.043,594,11215840,11230536,0,,,0
11230536,용신동,11110580,교남동,2134.05,40.98,6299.39,6.299,480,11230536,11110580,0,,,0
11740525,상일1동,11230536,용신동,2120.36,65.54,12121.34,12.121,619,11740525,11230536,0,,,0
11230536,용신동,11230740,이문1동,2109.92,33.54,3161.42,3.161,529,11230536,11230740,0,,,0
11230536,용신동,11440690,망원1동,2108.75,47.59,11485.54,11.486,506,11230536,11440690,0,,,0
11350612,하계2동,11230536,용신동,2088.59,47.47,7109.99,7.11,527,11350612,11230536,1,108.0,0.00318106,0
11230536,용신동,11215740,중곡1동,2083.81,38.09,4060.25,4.06,528,11230536,11215740,0,,,0
11140665,동화동,11230536,용신동,2082.34,25.98,2007.12,2.007,553,11140665,11230536,1,55.0,0.00539821,0
11350624,중계4동,11230536,용신동,2081.49,57.35,10020.56,10.021,493,11350624,11230536,1,87.0,0.00333777,0
11380580,응암1동,11230536,용신동,2063.87,56.25,9262.28,9.262,550,11380580,11230536,0,,,0
11380570,대조동,11230536,용신동,2061.0,56.0,10324.94,10.325,561,11380570,11230536,0,,,0
11230536,용신동,11305635,수유3동,2058.31,49.06,6961.71,6.962,518,11230536,11305635,0,,,0
11680640,역삼1동,11230536,용신동,2024.61,47.98,8692.73,8.693,678,11680640,11230536,0,,,0
11230536,용신동,11215847,자양4동,2022.37,39.56,4943.41,4.943,513,11230536,11215847,0,,,0
11110580,교남동,11230536,용신동,2016.46,34.14,5797.9,5.798,653,11110580,11230536,1,56.0,0.00415718,0
11230536,용신동,11230570,전농2동,2014.35,22.56,2437.78,2.438,524,11230536,11230570,0,,,0
11200650,성수1가1동,11230536,용신동,2014.3,31.98,4026.55,4.027,545,11200650,11230536,0,,,0
11440730,성산2동,11230536,용신동,2007.09,51.14,10926.41,10.926,506,11440730,11230536,0,,,0
11230536,용신동,11710720,잠실7동,2002.01,50.18,8541.83,8.542,482,11230536,11710720,0,,,0
11170520,용산2가동,11230536,용신동,1993.64,42.77,5114.96,5.115,540,11170520,11230536,1,53.0,0.00591927,0
11230536,용신동,11305555,송천동,1990.99,37.18,4887.83,4.888,542,11230536,11305555,0,,,0
11740610,천호2동,11230536,용신동,1977.67,62.8,9192.92,9.193,525,11740610,11230536,0,,,0
11740620,천호3동,11230536,용신동,1975.4,49.11,10033.68,10.034,622,11740620,11230536,0,,,0
11230536,용신동,11170560,원효로1동,1967.84,45.61,7262.18,7.262,494,11230536,11170560,0,,,0
11680700,세곡동,11230536,용신동,1959.59,59.11,13106.78,13.107,560,11680700,11230536,0,,,0
11440660,서교동,11230536,용신동,1958.52,49.04,9782.42,9.782,629,11440660,11230536,0,,,0
11110670,창신1동,11230536,용신동,1941.72,25.22,1393.37,1.393,551,11110670,11230536,1,23.0,0.01183624,0
11140625,다산동,11230536,용신동,1940.52,27.64,2897.14,2.897,553,11140625,11230536,0,,,0
11230536,용신동,11500603,가양1동,1926.62,74.21,17806.19,17.806,506,11230536,11500603,0,,,0
11215847,자양4동,11230536,용신동,1917.19,48.36,5478.64,5.479,504,11215847,11230536,0,,,0
11230536,용신동,11710680,잠실3동,1907.58,52.02,9147.19,9.147,477,11230536,11710680,0,,,0
11230536,용신동,11140680,중림동,1877.29,45.6,6160.77,6.161,489,11230536,11140680,0,,,0
11230536,용신동,11305545,송중동,1868.28,37.12,4551.94,4.552,489,11230536,11305545,0,,,0
11380632,신사2동,11230536,용신동,1866.04,63.57,10811.53,10.812,510,11380632,11230536,0,,,0
11680545,압구정동,11230536,용신동,1838.73,46.27,5192.7,5.193,533,11680545,11230536,0,,,0
11350621,중계1동,11230536,용신동,1837.19,54.08,9030.51,9.031,515,11350621,11230536,0,,,0
11410655,홍제2동,11230536,용신동,1835.2,49.59,6999.92,7.0,492,11410655,11230536,0,,,0
11230536,용신동,11650652,양재2동,1832.68,66.36,11844.58,11.845,472,11230536,11650652,0,,,0
11530750,개봉2동,11230536,용신동,1830.52,72.95,18121.01,18.121,416,11530750,11230536,0,,,0
11410520,천연동,11230536,용신동,1814.38,49.08,6087.96,6.088,464,11410520,11230536,0,,,0
11380590,응암2동,11230536,용신동,1813.33,53.01,9389.64,9.39,347,11380590,11230536,0,,,0
11710647,위례동,11230536,용신동,1801.61,68.85,14457.19,14.457,528,11710647,11230536,0,,,0
11380631,신사1동,11230536,용신동,1792.92,81.31,10949.11,10.949,449,11380631,11230536,0,,,0
11740690,둔촌1동,11230536,용신동,1786.87,52.67,10794.99,10.795,553,11740690,11230536,0,,,0
11230536,용신동,11290575,동선동,1768.56,33.32,2178.18,2.178,423,11230536,11290575,0,,,0
11230536,용신동,11440565,공덕동,1768.24,50.29,7610.21,7.61,476,11230536,11440565,0,,,0
11410685,홍은2동,11230536,용신동,1759.4,53.38,8808.45,8.808,439,11410685,11230536,0,,,0
11230536,용신동,11560560,당산2동,1752.32,71.68,12536.35,12.536,468,11230536,11560560,0,,,0
11215830,자양2동,11230536,용신동,1751.1,49.67,6683.71,6.684,493,11215830,11230536,0,,,0
11440655,서강동,11230536,용신동,1741.12,43.18,9396.53,9.397,485,11440655,11230536,0,,,0
11230536,용신동,11215710,화양동,1732.76,38.43,5015.67,5.016,469,11230536,11215710,0,,,0
11440565,공덕동,11230536,용신동,1730.65,50.43,7342.91,7.343,470,11440565,11230536,0,,,0
11470650,신정4동,11230536,용신동,1728.08,64.24,16445.93,16.446,525,11470650,11230536,0,,,0
11545610,독산1동,11230536,용신동,1722.2,90.58,17096.51,17.097,494,11545610,11230536,0,,,0
11350670,상계5동,11230536,용신동,1721.76,56.54,10154.7,10.155,439,11350670,11230536,0,,,0
11590520,노량진2동,11230536,용신동,1707.66,48.25,10800.52,10.801,551,11590520,11230536,1,65.0,0.0042782,0
11590540,상도2동,11230536,용신동,1707.23,58.89,11478.2,11.478,459,11590540,11230536,0,,,0
11380640,증산동,11230536,용신동,1706.26,61.11,11550.42,11.55,391,11380640,11230536,0,,,0
11680610,대치2동,11230536,용신동,1697.26,53.93,8851.64,8.852,449,11680610,11230536,0,,,0
11440600,대흥동,11230536,용신동,1696.51,44.08,8129.49,8.129,450,11440600,11230536,0,,,0
11710600,석촌동,11230536,용신동,1687.57,49.87,10395.73,10.396,445,11710600,11230536,0,,,0
11230536,용신동,11500593,화곡8동,1687.08,72.78,16896.27,16.896,447,11230536,11500593,0,,,0
11710570,오금동,11230536,용신동,1686.45,57.58,11754.68,11.755,504,11710570,11230536,0,,,0
11260630,묵2동,11230536,용신동,1681.97,43.35,5409.56,5.41,459,11260630,11230536,0,,,0
11500590,화곡본동,11230536,용신동,1676.72,81.17,16951.6,16.952,491,11500590,11230536,0,,,0
11440555,아현동,11230536,용신동,1669.13,39.18,7116.35,7.116,463,11440555,11230536,0,,,0
11380650,수색동,11230536,용신동,1652.04,56.02,11671.02,11.671,474,11380650,11230536,0,,,0
11230536,용신동,11110650,혜화동,1618.91,39.86,2957.37,2.957,437,11230536,11110650,0,,,0
11410690,남가좌1동,11230536,용신동,1598.42,64.64,10232.64,10.233,425,11410690,11230536,0,,,0
11710562,방이2동,11230536,용신동,1598.19,53.23,10188.91,10.189,458,11710562,11230536,0,,,0
11140635,약수동,11230536,용신동,1594.04,31.57,3670.32,3.67,430,11140635,11230536,0,,,0
11500540,화곡1동,11230536,용신동,1580.3,72.24,17394.03,17.394,439,11500540,11230536,0,,,0
11380530,불광2동,11230536,용신동,1575.99,52.73,11041.28,11.041,430,11380530,11230536,0,,,0
11740660,성내3동,11230536,용신동,1570.53,50.03,10258.64,10.259,554,11740660,11230536,0,,,0
11230536,용신동,11230720,휘경1동,1567.37,29.12,3341.96,3.342,400,11230536,11230720,0,,,0
11110640,이화동,11230536,용신동,1565.65,30.85,2351.8,2.352,515,11110640,11230536,1,45.0,0.00486127,0
11350619,중계본동,11230536,용신동,1560.3,52.82,8992.36,8.992,436,11350619,11230536,0,,,0
11590510,노량진1동,11230536,용신동,1558.69,52.22,10353.37,10.353,471,11590510,11230536,0,,,0
11650590,방배본동,11230536,용신동,1551.01,58.57,9442.81,9.443,409,11650590,11230536,0,,,0
11230536,용신동,11200645,옥수동,1532.34,40.91,4302.67,4.303,410,11230536,11200645,0,,,0
11230536,용신동,11260620,묵1동,1526.65,37.81,5862.2,5.862,345,11230536,11260620,0,,,0
11710670,잠실2동,11230536,용신동,1519.5,48.01,8665.25,8.665,402,11710670,11230536,0,,,0
11710580,송파1동,11230536,용신동,1505.09,54.97,10525.4,10.525,434,11710580,11230536,0,,,0
11230536,용신동,11710631,가락1동,1500.22,70.01,11148.68,11.149,400,11230536,11710631,0,,,0
11230536,용신동,11710562,방이2동,1488.06,49.69,9421.55,9.422,375,11230536,11710562,0,,,0
11170560,원효로1동,11230536,용신동,1486.51,54.57,7194.14,7.194,377,11170560,11230536,0,,,0
11230536,용신동,11710650,잠실본동,1481.17,57.12,8767.7,8.768,385,11230536,11710650,0,,,0
11620630,남현동,11230536,용신동,1477.03,55.75,12404.42,12.404,441,11620630,11230536,0,,,0
11410710,북가좌1동,11230536,용신동,1473.16,66.52,10384.61,10.385,386,11410710,11230536,0,,,0
11230536,용신동,11560550,당산1동,1464.21,65.37,13622.62,13.623,370,11230536,11560550,0,,,0
11230536,용신동,11500535,등촌3동,1461.13,72.75,16710.13,16.71,372,11230536,11500535,0,,,0
11230536,용신동,11290715,월곡1동,1455.59,28.98,3293.84,3.294,337,11230536,11290715,0,,,0
11230536,용신동,11260655,망우본동,1452.79,43.93,6722.46,6.722,372,11230536,11260655,0,,,0
11740560,고덕2동,11230536,용신동,1449.65,61.06,12387.65,12.388,345,11740560,11230536,0,,,0
11230536,용신동,11350580,월계3동,1443.43,42.01,5403.91,5.404,382,11230536,11350580,0,,,0
11290640,정릉3동,11230536,용신동,1439.78,31.71,4669.02,4.669,375,11290640,11230536,1,71.0,0.0042508,0
11710650,잠실본동,11230536,용신동,1431.92,39.98,9327.99,9.328,405,11710650,11230536,0,,,0
11410615,연희동,11230536,용신동,1430.74,58.19,8650.37,8.65,373,11410615,11230536,0,,,0
11680590,삼성2동,11230536,용신동,1419.23,47.11,7230.86,7.231,421,11680590,11230536,0,,,0
11440630,신수동,11230536,용신동,1403.61,50.87,8518.5,8.518,363,11440630,11230536,0,,,0
11230536,용신동,11350611,하계1동,1399.22,40.99,7739.44,7.739,315,11230536,11350611,0,,,0
11440680,합정동,11230536,용신동,1396.19,47.01,10914.87,10.915,384,11440680,11230536,0,,,0
11230536,용신동,11650581,반포4동,1395.24,62.38,8627.61,8.628,371,11230536,11650581,0,,,0
11380560,구산동,11230536,용신동,1392.28,54.29,11097.86,11.098,415,11380560,11230536,0,,,0
11710680,잠실3동,11230536,용신동,1391.79,50.07,9278.84,9.279,372,11710680,11230536,0,,,0
11200720,송정동,11230536,용신동,1384.51,35.78,4076.71,4.077,389,11200720,11230536,0,,,0
11590550,상도3동,11230536,용신동,1379.01,59.07,12312.68,12.313,340,11590550,11230536,0,,,0
11620695,신림동,11230536,용신동,1361.43,67.81,13337.7,13.338,426,11620695,11230536,0,,,0
11530520,구로1동,11230536,용신동,1356.47,78.87,16668.81,16.669,353,11530520,11230536,0,,,0
11230536,용신동,11740570,암사1동,1354.92,52.05,9389.31,9.389,308,11230536,11740570,0,,,0
11740515,강일동,11230536,용신동,1354.59,64.91,12506.45,12.506,423,11740515,11230536,0,,,0
11230536,용신동,11200590,금호1가동,1340.08,39.44,2706.16,2.706,345,11230536,11200590,0,,,0
11680600,대치1동,11230536,용신동,1333.2,64.18,9329.98,9.33,428,11680600,11230536,0,,,0
11440590,용강동,11230536,용신동,1330.16,47.49,8654.55,8.655,352,11440590,11230536,0,,,0
11710690,잠실4동,11230536,용신동,1318.88,47.33,9210.36,9.21,363,11710690,11230536,0,,,0
11740530,명일1동,11230536,용신동,1316.51,59.25,10405.84,10.406,390,11740530,11230536,0,,,0
11710631,가락1동,11230536,용신동,1313.69,56.08,11025.77,11.026,411,11710631,11230536,0,,,0
11590670,신대방1동,11230536,용신동,1311.6,58.62,13868.88,13.869,358,11590670,11230536,0,,,0
11530510,신도림동,11230536,용신동,1304.05,65.43,15054.81,15.055,346,11530510,11230536,0,,,0
11710720,잠실7동,11230536,용신동,1296.95,51.19,8397.11,8.397,372,11710720,11230536,0,,,0
11620585,낙성대동,11230536,용신동,1292.37,65.12,12773.47,12.773,427,11620585,11230536,0,,,0
11680675,개포3동,11230536,용신동,1283.19,45.28,10045.93,10.046,299,11680675,11230536,0,,,0
11230536,용신동,11740610,천호2동,1269.63,54.2,8957.4,8.957,342,11230536,11740610,0,,,0
11740580,암사2동,11230536,용신동,1256.88,61.49,8748.56,8.749,381,11740580,11230536,0,,,0
11230536,용신동,11680700,세곡동,1254.15,70.36,13561.65,13.562,334,11230536,11680700,0,,,0
11230536,용신동,11560610,양평1동,1253.71,69.47,13976.56,13.977,326,11230536,11560610,0,,,0
11230536,용신동,11290525,성북동,1253.35,33.92,3211.47,3.211,331,11230536,11290525,0,,,0
11650560,반포1동,11230536,용신동,1249.93,58.43,7825.64,7.826,364,11650560,11230536,0,,,0
11230536,용신동,11215830,자양2동,1249.68,39.13,6216.95,6.217,299,11230536,11215830,0,,,0
11380552,갈현2동,11230536,용신동,1236.61,53.36,11249.29,11.249,325,11380552,11230536,0,,,0
11230536,용신동,11260575,면목3.8동,1235.62,45.01,4758.88,4.759,321,11230536,11260575,0,,,0
11590620,사당1동,11230536,용신동,1228.72,56.29,11625.52,11.626,339,11590620,11230536,0,,,0
11410585,신촌동,11230536,용신동,1225.98,47.67,7944.57,7.945,433,11410585,11230536,0,,,0
11650530,서초3동,11230536,용신동,1221.64,56.93,10236.59,10.237,412,11650530,11230536,0,,,0
11710610,삼전동,11230536,용신동,1217.25,56.18,9650.09,9.65,375,11710610,11230536,0,,,0
11230536,용신동,11200620,금호4가동,1216.52,36.17,3542.73,3.543,324,11230536,11200620,0,,,0
11530560,구로5동,11230536,용신동,1212.18,70.28,15324.64,15.325,346,11530560,11230536,0,,,0
11230536,용신동,11680656,도곡2동,1209.6,59.92,10072.1,10.072,321,11230536,11680656,0,,,0
11230536,용신동,11290640,정릉3동,1208.66,35.56,4853.56,4.854,322,11230536,11290640,0,,,0
11710641,문정1동,11230536,용신동,1208.02,61.07,12999.04,12.999,399,11710641,11230536,0,,,0
11230536,용신동,11260565,면목본동,1203.21,38.48,5235.08,5.235,313,11230536,11260565,0,,,0
11710642,문정2동,11230536,용신동,1203.13,63.57,12980.25,12.98,355,11710642,11230536,0,,,0
11170510,후암동,11230536,용신동,1201.73,46.49,4991.68,4.992,362,11170510,11230536,0,,,0
11230536,용신동,11740526,상일2동,1190.55,61.0,13073.18,13.073,337,11230536,11740526,0,,,0
11500535,등촌3동,11230536,용신동,1179.88,72.96,16382.34,16.382,346,11500535,11230536,0,,,0
11230536,용신동,11500510,염창동,1178.61,84.46,14995.69,14.996,331,11230536,11500510,0,,,0
11230536,용신동,11170650,이태원1동,1178.05,42.04,6187.34,6.187,338,11230536,11170650,0,,,0
11440690,망원1동,11230536,용신동,1176.32,52.79,11185.9,11.186,379,11440690,11230536,0,,,0
11230536,용신동,11260610,중화2동,1167.44,46.58,4423.69,4.424,316,11230536,11260610,0,,,0
11230536,용신동,11215730,군자동,1164.68,32.72,4190.3,4.19,307,11230536,11215730,0,,,0
11710520,풍납2동,11230536,용신동,1155.56,53.76,8594.41,8.594,329,11710520,11230536,0,,,0
11560585,도림동,11230536,용신동,1153.08,60.05,13754.14,13.754,319,11560585,11230536,0,,,0
11215710,화양동,11230536,용신동,1150.49,34.91,4776.55,4.777,366,11215710,11230536,0,,,0
11620775,난곡동,11230536,용신동,1150.07,78.76,14876.7,14.877,308,11620775,11230536,0,,,0
11560535,영등포동,11230536,용신동,1149.02,50.82,12178.13,12.178,324,11560535,11230536,0,,,0
11230536,용신동,11500540,화곡1동,1140.94,79.27,17466.71,17.467,313,11230536,11500540,0,,,0
11710532,거여2동,11230536,용신동,1140.23,63.95,13968.53,13.969,293,11710532,11230536,0,,,0
11110560,평창동,11230536,용신동,1127.11,52.93,6761.64,6.762,316,11110560,11230536,0,,,0
11740526,상일2동,11230536,용신동,1115.0,79.35,13234.32,13.234,380,11740526,11230536,0,,,0
11650580,반포3동,11230536,용신동,1099.26,45.73,7831.61,7.832,339,11650580,11230536,0,,,0
11230536,용신동,11440590,용강동,1096.91,51.79,8549.75,8.55,300,11230536,11440590,0,,,0
11230536,용신동,11500620,공항동,1091.38,69.1,20956.12,20.956,308,11230536,11500620,0,,,0
11230536,용신동,11200615,금호2.3가동,1088.74,33.16,3064.54,3.065,294,11230536,11200615,0,,,0
11350720,상계10동,11230536,용신동,1075.97,53.45,9931.56,9.932,302,11350720,11230536,0,,,0
11230536,용신동,11140635,약수동,1067.43,47.17,3308.89,3.309,286,11230536,11140635,0,,,0
11590530,상도1동,11230536,용신동,1063.92,60.57,11048.25,11.048,337,11590530,11230536,0,,,0
11230536,용신동,11290660,길음1동,1059.22,53.89,3728.97,3.729,291,11230536,11290660,0,,,0
11230536,용신동,11440655,서강동,1057.72,57.9,9962.37,9.962,300,11230536,11440655,0,,,0
11230536,용신동,11500611,발산1동,1053.51,81.61,18213.77,18.214,290,11230536,11500611,0,,,0
11230536,용신동,11170580,효창동,1051.36,39.11,7738.65,7.739,264,11230536,11170580,0,,,0
11500510,염창동,11230536,용신동,1050.62,56.95,13936.99,13.937,281,11500510,11230536,0,,,0
11230536,용신동,11560620,양평2동,1045.25,64.27,13292.61,13.293,290,11230536,11560620,0,,,0
11620525,보라매동,11230536,용신동,1042.95,68.51,12763.78,12.764,324,11620525,11230536,0,,,0
11230536,용신동,11590660,대방동,1038.4,52.8,12271.1,12.271,255,11230536,11590660,0,,,0
11110630,종로5.6가동,11230536,용신동,1037.55,30.65,2416.93,2.417,320,11110630,11230536,1,46.0,0.00394344,0
11230536,용신동,11500520,등촌1동,1036.76,63.44,15570.11,15.57,235,11230536,11500520,0,,,0
11530760,개봉3동,11230536,용신동,1035.02,70.11,18533.07,18.533,325,11530760,11230536,0,,,0
11590605,흑석동,11230536,용신동,1030.24,61.2,10294.07,10.294,251,11590605,11230536,0,,,0
11170625,한강로동,11230536,용신동,1025.54,56.02,7998.84,7.999,345,11170625,11230536,0,,,0
11650540,잠원동,11230536,용신동,1023.2,45.91,6618.03,6.618,292,11650540,11230536,0,,,0
11230536,용신동,11650560,반포1동,1022.71,54.82,7724.74,7.725,280,11230536,11650560,0,,,0
11500560,화곡3동,11230536,용신동,1019.06,69.31,17117.55,17.118,280,11500560,11230536,0,,,0
11560540,여의동,11230536,용신동,1018.49,49.91,10716.79,10.717,329,11560540,11230536,0,,,0
11140590,광희동,11230536,용신동,1012.64,36.18,2504.79,2.505,349,11140590,11230536,0,,,0
11230536,용신동,11215860,구의2동,1012.07,40.11,5780.22,5.78,279,11230536,11215860,0,,,0
11230536,용신동,11710600,석촌동,1006.71,57.61,10114.02,10.114,281,11230536,11710600,0,,,0
11230536,용신동,11110540,삼청동,1002.82,43.59,4646.48,4.646,262,11230536,11110540,0,,,0
11230536,용신동,11740700,둔촌2동,996.0,50.12,10912.55,10.913,256,11230536,11740700,0,,,0
11230536,용신동,11140645,청구동,991.55,38.98,2704.13,2.704,259,11230536,11140645,0,,,0
11170630,이촌1동,11230536,용신동,989.17,49.04,8569.26,8.569,270,11170630,11230536,0,,,0
11650570,반포2동,11230536,용신동,986.46,35.88,8494.9,8.495,276,11650570,11230536,0,,,0
11230536,용신동,11350595,공릉1동,986.16,36.56,6360.23,6.36,267,11230536,11350595,0,,,0
11230536,용신동,11170555,청파동,985.47,44.55,6484.92,6.485,274,11230536,11170555,0,,,0
11230536,용신동,11500640,방화2동,980.92,97.0,20431.11,20.431,265,11230536,11500640,0,,,0
11620735,대학동,11230536,용신동,977.02,92.65,14607.4,14.607,316,11620735,11230536,0,,,0
11530540,구로3동,11230536,용신동,968.89,71.01,16143.19,16.143,282,11530540,11230536,0,,,0
11230536,용신동,11680600,대치1동,967.45,52.97,9311.24,9.311,256,11230536,11680600,0,,,0
11740650,성내2동,11230536,용신동,961.92,46.5,9723.65,9.724,285,11740650,11230536,0,,,0
11500520,등촌1동,11230536,용신동,959.3,69.11,15290.79,15.291,276,11500520,11230536,0,,,0
11620665,서림동,11230536,용신동,956.69,74.75,13928.19,13.928,284,11620665,11230536,0,,,0
11230536,용신동,11620525,보라매동,954.55,97.25,13263.44,13.263,266,11230536,11620525,0,,,0
11440720,성산1동,11230536,용신동,954.22,52.01,10614.37,10.614,303,11440720,11230536,0,,,0
11470550,목5동,11230536,용신동,953.06,59.01,14321.3,14.321,256,11470550,11230536,0,,,0
11230536,용신동,11440730,성산2동,947.65,58.98,11202.98,11.203,254,11230536,11440730,0,,,0
11680650,역삼2동,11230536,용신동,946.23,51.55,8616.18,8.616,293,11680650,11230536,0,,,0
11590650,사당4동,11230536,용신동,941.49,56.59,11890.62,11.891,284,11590650,11230536,0,,,0
11710620,가락본동,11230536,용신동,939.28,80.53,12139.01,12.139,335,11710620,11230536,0,,,0
11650581,반포4동,11230536,용신동,937.28,51.66,8442.1,8.442,316,11650581,11230536,0,,,0
11230536,용신동,11305603,번2동,930.88,43.23,6137.21,6.137,254,11230536,11305603,0,,,0
11680565,청담동,11230536,용신동,930.4,52.34,6165.23,6.165,297,11680565,11230536,0,,,0
11620625,인헌동,11230536,용신동,929.07,53.82,12934.74,12.935,312,11620625,11230536,0,,,0
11170685,한남동,11230536,용신동,926.01,39.75,5263.73,5.264,273,11170685,11230536,0,,,0
11170650,이태원1동,11230536,용신동,921.58,56.04,5724.02,5.724,253,11170650,11230536,0,,,0
11230536,용신동,11680670,개포2동,920.17,51.14,10573.84,10.574,226,11230536,11680670,0,,,0
11590640,사당3동,11230536,용신동,915.85,69.04,11270.73,11.271,237,11590640,11230536,0,,,0
11230536,용신동,11260630,묵2동,913.49,30.86,4823.78,4.824,259,11230536,11260630,0,,,0
11590630,사당2동,11230536,용신동,911.9,49.16,10274.86,10.275,268,11590630,11230536,0,,,0
11230536,용신동,11215850,구의1동,909.92,39.75,6052.84,6.053,237,11230536,11215850,0,,,0
11680531,논현2동,11230536,용신동,903.2,49.76,7158.15,7.158,255,11680531,11230536,0,,,0
11545510,가산동,11230536,용신동,901.59,76.96,16475.37,16.475,314,11545510,11230536,0,,,0
11560550,당산1동,11230536,용신동,898.81,56.84,13325.52,13.326,277,11560550,11230536,0,,,0
11170530,남영동,11230536,용신동,897.9,38.74,6184.27,6.184,270,11170530,11230536,0,,,0
11230536,용신동,11590680,신대방2동,893.05,53.22,13066.74,13.067,224,11230536,11590680,0,,,0
11110570,무악동,11230536,용신동,889.25,39.75,6531.93,6.532,256,11110570,11230536,0,,,0
11545670,시흥1동,11230536,용신동,884.71,77.08,17148.24,17.148,227,11545670,11230536,0,,,0
11230536,용신동,11620735,대학동,880.43,81.4,14937.42,14.937,238,11230536,11620735,0,,,0
11500630,방화1동,11230536,용신동,874.22,75.01,18668.71,18.669,231,11500630,11230536,0,,,0
11530770,오류1동,11230536,용신동,872.33,81.36,18578.24,18.578,232,11530770,11230536,0,,,0
11230536,용신동,11215820,자양1동,872.11,45.8,6402.47,6.402,251,11230536,11215820,0,,,0
11680521,논현1동,11230536,용신동,867.79,59.19,7207.85,7.208,314,11680521,11230536,0,,,0
11650651,양재1동,11230536,용신동,860.59,60.66,10978.17,10.978,257,11650651,11230536,0,,,0
11230536,용신동,11305535,미아동,859.57,43.02,5595.58,5.596,212,11230536,11305535,0,,,0
11470680,신정7동,11230536,용신동,859.2,65.69,15994.68,15.995,245,11470680,11230536,0,,,0
11230536,용신동,11710620,가락본동,858.05,70.09,11847.24,11.847,245,11230536,11710620,0,,,0
11620565,성현동,11230536,용신동,855.43,46.94,12107.33,12.107,201,11620565,11230536,0,,,0
11680630,대치4동,11230536,용신동,846.22,59.56,8630.64,8.631,263,11680630,11230536,0,,,0
11230536,용신동,11380510,녹번동,846.1,46.72,9367.25,9.367,231,11230536,11380510,0,,,0
11590651,사당5동,11230536,용신동,844.04,51.93,11718.47,11.718,279,11590651,11230536,0,,,0
11230536,용신동,11590630,사당2동,840.6,57.3,10775.87,10.776,231,11230536,11590630,0,,,0
11230536,용신동,11650610,방배2동,830.08,56.6,11803.61,11.804,237,11230536,11650610,0,,,0
11230536,용신동,11350600,공릉2동,829.36,48.9,7090.01,7.09,219,11230536,11350600,0,,,0
11650531,서초4동,11230536,용신동,827.31,54.65,8433.68,8.434,233,11650531,11230536,0,,,0
11230536,용신동,11260540,면목4동,818.6,43.94,4345.72,4.346,226,11230536,11260540,0,,,0
11230536,용신동,11740525,상일1동,816.94,53.17,11164.49,11.164,219,11230536,11740525,0,,,0
11530530,구로2동,11230536,용신동,812.96,69.65,15679.57,15.68,218,11530530,11230536,0,,,0
11620595,청룡동,11230536,용신동,811.16,63.25,13320.85,13.321,273,11620595,11230536,0,,,0
11530740,개봉1동,11230536,용신동,797.83,73.32,17888.88,17.889,238,11530740,11230536,0,,,0
11230536,용신동,11170660,이태원2동,797.52,41.22,5288.85,5.289,219,11230536,11170660,0,,,0
11230536,용신동,11440610,염리동,796.24,66.72,8382.42,8.382,215,11230536,11440610,0,,,0
11230536,용신동,11110680,창신2동,794.47,29.34,1835.85,1.836,212,11230536,11110680,0,,,0
11140550,명동,11230536,용신동,791.02,38.39,4385.21,4.385,222,11140550,11230536,0,,,0
11500611,발산1동,11230536,용신동,789.23,77.9,18140.42,18.14,231,11500611,11230536,0,,,0
11230536,용신동,11740685,길동,786.22,60.7,10220.41,10.22,221,11230536,11740685,0,,,0
11230536,용신동,11440630,신수동,784.39,53.7,8935.76,8.936,227,11230536,11440630,0,,,0
11230536,용신동,11215770,중곡4동,784.09,34.92,4999.77,5.0,209,11230536,11215770,0,,,0
11710646,장지동,11230536,용신동,781.2,57.3,13423.67,13.424,224,11710646,11230536,0,,,0
11170700,보광동,11230536,용신동,780.32,43.67,5525.45,5.525,227,11170700,11230536,0,,,0
11230536,용신동,11545610,독산1동,776.97,70.81,17397.5,17.397,212,11230536,11545610,0,,,0
11740540,명일2동,11230536,용신동,771.98,58.02,11298.99,11.299,241,11740540,11230536,0,,,0
11170690,서빙고동,11230536,용신동,767.85,69.26,6933.57,6.934,218,11170690,11230536,0,,,0
11500615,우장산동,11230536,용신동,764.03,70.83,17004.79,17.005,209,11500615,11230536,0,,,0
11110550,부암동,11230536,용신동,759.94,38.54,6308.66,6.309,236,11110550,11230536,0,,,0
11545680,시흥2동,11230536,용신동,755.56,92.07,17361.2,17.361,188,11545680,11230536,0,,,0
11620605,은천동,11230536,용신동,753.12,74.91,12410.91,12.411,198,11620605,11230536,0,,,0
11650510,서초1동,11230536,용신동,752.23,61.16,10037.53,10.038,186,11650510,11230536,0,,,0
11230536,용신동,11290810,석관동,744.95,28.67,4504.44,4.504,194,11230536,11290810,0,,,0
11110515,청운효자동,11230536,용신동,744.07,41.24,5687.04,5.687,253,11110515,11230536,0,,,0
11590680,신대방2동,11230536,용신동,742.28,59.92,13030.8,13.031,209,11590680,11230536,0,,,0
11230536,용신동,11620595,청룡동,742.13,78.89,13361.48,13.361,197,11230536,11620595,0,,,0
11230536,용신동,11590620,사당1동,741.39,55.1,11426.83,11.427,196,11230536,11590620,0,,,0
11620745,삼성동,11230536,용신동,739.94,96.81,14692.71,14.693,204,11620745,11230536,0,,,0
11170660,이태원2동,11230536,용신동,738.96,31.92,5418.01,5.418,219,11170660,11230536,0,,,0
11470560,신월1동,11230536,용신동,736.52,75.57,17865.27,17.865,208,11470560,11230536,0,,,0
11230536,용신동,11650660,내곡동,722.53,75.96,13327.96,13.328,207,11230536,11650660,0,,,0
11230536,용신동,11380631,신사1동,718.0,62.87,10823.45,10.823,196,11230536,11380631,0,,,0
11230536,용신동,11260520,면목2동,717.71,26.95,4304.23,4.304,187,11230536,11260520,0,,,0
11650620,방배3동,11230536,용신동,716.39,58.83,11328.97,11.329,196,11650620,11230536,0,,,0
11230536,용신동,11170690,서빙고동,713.08,40.94,6879.78,6.88,199,11230536,11170690,0,,,0
11230536,용신동,11320514,창4동,709.36,47.17,8640.97,8.641,189,11230536,11320514,0,,,0
11230536,용신동,11260580,상봉1동,708.15,52.72,5517.33,5.517,189,11230536,11260580,0,,,0
11170580,효창동,11230536,용신동,706.73,52.97,6977.8,6.978,206,11170580,11230536,0,,,0
11545620,독산2동,11230536,용신동,705.08,95.02,16899.88,16.9,168,11545620,11230536,0,,,0
11230536,용신동,11740620,천호3동,703.61,46.26,9368.66,9.369,187,11230536,11740620,0,,,0
11710710,잠실6동,11230536,용신동,703.05,46.04,8863.34,8.863,227,11710710,11230536,0,,,0
11230536,용신동,11215750,중곡2동,700.1,32.28,4539.85,4.54,196,11230536,11215750,0,,,0
11500640,방화2동,11230536,용신동,699.74,83.86,19930.9,19.931,181,11500640,11230536,0,,,0
11440585,도화동,11230536,용신동,694.77,54.22,8577.14,8.577,201,11440585,11230536,0,,,0
11410555,북아현동,11230536,용신동,691.01,49.27,6491.73,6.492,210,11410555,11230536,0,,,0
11710540,마천1동,11230536,용신동,684.91,53.17,14241.27,14.241,183,11710540,11230536,0,,,0
11230536,용신동,11410615,연희동,682.64,86.44,8883.16,8.883,206,11230536,11410615,0,,,0
11230536,용신동,11110690,창신3동,677.22,38.51,1271.34,1.271,196,11230536,11110690,0,,,0
11500593,화곡8동,11230536,용신동,674.34,72.18,16741.15,16.741,227,11500593,11230536,0,,,0
11440740,상암동,11230536,용신동,670.71,67.43,12874.82,12.875,214,11440740,11230536,0,,,0
11230536,용신동,11170630,이촌1동,667.98,59.51,8429.79,8.43,189,11230536,11170630,0,,,0
11230536,용신동,11350640,상계2동,667.09,51.51,9580.77,9.581,182,11230536,11350640,0,,,0
11680655,도곡1동,11230536,용신동,663.02,63.55,9802.09,9.802,231,11680655,11230536,0,,,0
11620575,행운동,11230536,용신동,662.51,79.44,12252.65,12.253,186,11620575,11230536,0,,,0
11710590,송파2동,11230536,용신동,662.2,55.97,11232.21,11.232,177,11710590,11230536,0,,,0
11530720,고척1동,11230536,용신동,660.81,63.81,17099.72,17.1,197,11530720,11230536,0,,,0
11560700,대림1동,11230536,용신동,659.07,67.74,14817.5,14.818,183,11560700,11230536,0,,,0
11740700,둔촌2동,11230536,용신동,657.87,53.13,10734.97,10.735,216,11740700,11230536,0,,,0
11230536,용신동,11620725,조원동,654.76,68.51,15403.28,15.403,182,11230536,11620725,0,,,0
11710566,오륜동,11230536,용신동,649.14,49.77,10562.13,10.562,190,11710566,11230536,0,,,0
11620725,조원동,11230536,용신동,643.89,66.86,15149.49,15.149,197,11620725,11230536,0,,,0
11620715,난향동,11230536,용신동,642.73,96.33,16076.49,16.076,166,11620715,11230536,0,,,0
11230536,용신동,11305625,수유2동,641.14,56.3,7750.19,7.75,187,11230536,11305625,0,,,0
11440610,염리동,11230536,용신동,639.31,46.28,8063.84,8.064,210,11440610,11230536,0,,,0
11380551,갈현1동,11230536,용신동,639.29,58.67,11475.14,11.475,204,11380551,11230536,0,,,0
11650621,방배4동,11230536,용신동,638.42,58.53,9484.0,9.484,162,11650621,11230536,0,,,0
11530595,가리봉동,11230536,용신동,634.42,75.83,16129.3,16.129,195,11530595,11230536,0,,,0
11500605,가양3동,11230536,용신동,632.78,75.31,15379.64,15.38,178,11500605,11230536,0,,,0
11230536,용신동,11710670,잠실2동,629.56,58.95,8284.74,8.285,169,11230536,11710670,0,,,0
11230536,용신동,11260690,신내2동,628.06,40.52,6047.79,6.048,167,11230536,11260690,0,,,0
11230536,용신동,11230750,이문2동,627.95,32.35,4255.14,4.255,172,11230536,11230750,0,,,0
11500604,가양2동,11230536,용신동,615.43,81.71,15877.46,15.877,188,11500604,11230536,0,,,0
11560670,신길5동,11230536,용신동,613.97,67.64,13433.27,13.433,160,11560670,11230536,0,,,0
11140540,회현동,11230536,용신동,613.08,62.46,4711.93,4.712,207,11140540,11230536,0,,,0
11560560,당산2동,11230536,용신동,612.62,54.45,12417.42,12.417,198,11560560,11230536,0,,,0
11230536,용신동,11740560,고덕2동,610.2,57.0,11477.76,11.478,168,11230536,11740560,0,,,0
11230536,용신동,11290685,길음2동,605.43,37.13,3396.82,3.397,159,11230536,11290685,0,,,0
11230536,용신동,11305575,삼각산동,599.03,41.65,4854.43,4.854,165,11230536,11305575,0,,,0
11230536,용신동,11290650,정릉4동,596.71,43.9,4846.04,4.846,168,11230536,11290650,0,,,0
11470510,목1동,11230536,용신동,596.08,69.18,14934.76,14.935,167,11470510,11230536,0,,,0
11230536,용신동,11380570,대조동,595.84,51.27,9473.23,9.473,169,11230536,11380570,0,,,0
11560610,양평1동,11230536,용신동,588.52,61.19,13645.06,13.645,200,11560610,11230536,0,,,0
11710561,방이1동,11230536,용신동,587.09,51.14,10815.26,10.815,189,11710561,11230536,0,,,0
11230536,용신동,11710632,가락2동,584.91,50.99,11983.21,11.983,155,11230536,11710632,0,,,0
11620645,서원동,11230536,용신동,583.66,70.75,14133.49,14.133,155,11620645,11230536,0,,,0
11740550,고덕1동,11230536,용신동,581.53,80.45,10922.91,10.923,159,11740550,11230536,0,,,0
11230536,용신동,11290590,돈암2동,581.3,35.48,3428.3,3.428,154,11230536,11290590,0,,,0
11110530,사직동,11230536,용신동,578.57,40.01,4880.82,4.881,201,11110530,11230536,0,,,0
11230536,용신동,11740640,성내1동,578.35,55.44,9698.62,9.699,160,11230536,11740640,0,,,0
11230536,용신동,11440585,도화동,578.15,51.36,9003.48,9.003,160,11230536,11440585,0,,,0
11560720,대림3동,11230536,용신동,574.48,70.18,14647.31,14.647,174,11560720,11230536,0,,,0
11680720,일원본동,11230536,용신동,574.11,56.78,11333.29,11.333,164,11680720,11230536,0,,,0
11710632,가락2동,11230536,용신동,570.5,49.64,12557.27,12.557,155,11710632,11230536,0,,,0
11230536,용신동,11590530,상도1동,561.6,65.96,11117.03,11.117,153,11230536,11590530,0,,,0
11230536,용신동,11440680,합정동,559.55,55.75,10819.78,10.82,160,11230536,11440680,0,,,0
11500641,방화3동,11230536,용신동,558.67,78.67,19649.08,19.649,149,11500641,11230536,0,,,0
11230536,용신동,11740650,성내2동,556.56,50.43,8758.67,8.759,151,11230536,11740650,0,,,0
11230536,용신동,11590670,신대방1동,554.68,56.14,14090.78,14.091,154,11230536,11590670,0,,,0
11230536,용신동,11470510,목1동,553.44,70.57,14947.46,14.947,147,11230536,11470510,0,,,0
11230536,용신동,11215760,중곡3동,547.37,33.83,4450.47,4.45,161,11230536,11215760,0,,,0
11545710,시흥5동,11230536,용신동,542.75,77.26,17659.68,17.66,156,11545710,11230536,0,,,0
11680580,삼성1동,11230536,용신동,540.83,39.19,6835.81,6.836,188,11680580,11230536,0,,,0
11230536,용신동,11740550,고덕1동,538.82,47.24,10143.71,10.144,156,11230536,11740550,0,,,0
11230536,용신동,11200720,송정동,535.26,33.93,3583.96,3.584,147,11230536,11200720,0,,,0
11710510,풍납1동,11230536,용신동,534.57,57.97,8892.44,8.892,186,11710510,11230536,0,,,0
11230536,용신동,11680720,일원본동,525.5,54.81,11188.97,11.189,157,11230536,11680720,0,,,0
11230536,용신동,11350619,중계본동,522.33,38.11,9065.67,9.066,151,11230536,11350619,0,,,0
11470520,목2동,11230536,용신동,521.61,75.95,14505.78,14.506,156,11470520,11230536,0,,,0
11230536,용신동,11305645,우이동,516.1,44.04,8286.7,8.287,141,11230536,11305645,0,,,0
11230536,용신동,11710641,문정1동,509.78,68.13,13047.64,13.048,139,11230536,11710641,0,,,0
11230536,용신동,11290630,정릉2동,507.43,44.16,3810.97,3.811,144,11230536,11290630,0,,,0
11500591,화곡6동,11230536,용신동,499.89,63.99,16216.26,16.216,148,11500591,11230536,0,,,0
11230536,용신동,11440555,아현동,496.93,53.83,7711.29,7.711,142,11230536,11440555,0,,,0
11110600,가회동,11230536,용신동,489.51,33.65,3552.86,3.553,149,11110600,11230536,0,,,0
11230536,용신동,11530530,구로2동,487.22,65.01,16567.29,16.567,142,11230536,11530530,0,,,0
11230536,용신동,11110570,무악동,473.5,38.67,6457.48,6.457,133,11230536,11110570,0,,,0
11560680,신길6동,11230536,용신동,473.44,63.01,13938.9,13.939,136,11560680,11230536,0,,,0
11650520,서초2동,11230536,용신동,473.4,62.72,9689.31,9.689,167,11650520,11230536,0,,,0
11140570,필동,11230536,용신동,471.97,33.59,3896.0,3.896,161,11140570,11230536,0,,,0
11230536,용신동,11110550,부암동,471.67,45.48,7816.45,7.816,135,11230536,11110550,0,,,0
11230536,용신동,11380625,역촌동,470.82,77.53,11504.85,11.505,125,11230536,11380625,0,,,0
11230536,용신동,11350612,하계2동,469.76,49.03,7557.0,7.557,120,11230536,11350612,0,,,0
11470600,신월5동,11230536,용신동,469.24,71.87,17891.68,17.892,120,11470600,11230536,0,,,0
11650610,방배2동,11230536,용신동,468.3,75.09,11482.39,11.482,119,11650610,11230536,0,,,0
11230536,용신동,11650600,방배1동,466.92,62.49,10688.33,10.688,136,11230536,11650600,0,,,0
11230536,용신동,11410720,북가좌2동,465.55,60.76,10265.49,10.265,139,11230536,11410720,0,,,0
11230536,용신동,11170590,용문동,465.3,41.44,7981.57,7.982,124,11230536,11170590,0,,,0
11710531,거여1동,11230536,용신동,462.4,58.4,12794.33,12.794,139,11710531,11230536,0,,,0
11230536,용신동,11320515,창5동,459.35,40.86,8494.45,8.494,134,11230536,11320515,0,,,0
11230536,용신동,11110560,평창동,458.8,60.55,7230.66,7.231,129,11230536,11110560,0,,,0
11710550,마천2동,11230536,용신동,456.91,64.15,13908.46,13.908,123,11710550,11230536,0,,,0
11230536,용신동,11590520,노량진2동,445.65,48.55,10660.96,10.661,124,11230536,11590520,0,,,0
11230536,용신동,11710690,잠실4동,439.39,32.7,8641.15,8.641,126,11230536,11710690,0,,,0
11230536,용신동,11710566,오륜동,439.39,62.71,10327.5,10.327,124,11230536,11710566,0,,,0
11470530,목3동,11230536,용신동,437.14,72.94,14555.1,14.555,122,11470530,11230536,0,,,0
11560605,문래동,11230536,용신동,434.77,58.01,13982.89,13.983,133,11560605,11230536,0,,,0
11230536,용신동,11740540,명일2동,434.74,63.75,11095.26,11.095,117,11230536,11740540,0,,,0
11470670,신정6동,11230536,용신동,432.79,68.56,15969.55,15.97,116,11470670,11230536,0,,,0
11230536,용신동,11170510,후암동,428.17,48.54,6087.58,6.088,120,11230536,11170510,0,,,0
11230536,용신동,11380690,진관동,422.72,53.62,11841.85,11.842,128,11230536,11380690,0,,,0
11620685,신사동,11230536,용신동,419.62,77.47,14255.59,14.256,119,11620685,11230536,0,,,0
11230536,용신동,11500591,화곡6동,419.32,69.42,15905.32,15.905,120,11230536,11500591,0,,,0
11650660,내곡동,11230536,용신동,413.7,66.78,14671.38,14.671,125,11650660,11230536,0,,,0
11230536,용신동,11650570,반포2동,412.86,61.22,8268.9,8.269,112,11230536,11650570,0,,,0
11230536,용신동,11305660,인수동,409.39,46.48,7364.09,7.364,109,11230536,11305660,0,,,0
11680656,도곡2동,11230536,용신동,409.3,53.16,10090.18,10.09,132,11680656,11230536,0,,,0
11230536,용신동,11320522,도봉2동,403.47,39.32,11225.85,11.226,108,11230536,11320522,0,,,0
11530550,구로4동,11230536,용신동,401.46,67.8,15571.73,15.572,109,11530550,11230536,0,,,0
11230536,용신동,11305595,번1동,400.84,38.41,6757.52,6.758,112,11230536,11305595,0,,,0
11230536,용신동,11380551,갈현1동,395.53,48.91,11951.09,11.951,108,11230536,11380551,0,,,0
11230536,용신동,11710510,풍납1동,394.53,60.99,8954.96,8.955,112,11230536,11710510,0,,,0
11230536,용신동,11380650,수색동,392.2,78.32,13332.84,13.333,105,11230536,11380650,0,,,0
11230536,용신동,11260570,면목7동,384.51,38.31,4592.82,4.593,107,11230536,11260570,0,,,0
11545630,독산3동,11230536,용신동,382.76,111.55,15886.88,15.887,101,11545630,11230536,0,,,0
11680690,개포4동,11230536,용신동,382.27,51.58,10824.23,10.824,114,11680690,11230536,0,,,0
11230536,용신동,11410520,천연동,375.17,49.71,7106.41,7.106,106,11230536,11410520,0,,,0
11230536,용신동,11320690,방학1동,373.51,44.84,9751.82,9.752,106,11230536,11320690,0,,,0
11230536,용신동,11620695,신림동,373.39,62.59,14076.43,14.076,107,11230536,11620695,0,,,0
11230536,용신동,11320680,쌍문3동,371.21,62.52,8020.77,8.021,109,11230536,11320680,0,,,0
11230536,용신동,11350560,월계1동,355.55,42.83,5550.02,5.55,104,11230536,11350560,0,,,0
11230536,용신동,11215810,광장동,351.17,44.57,7306.5,7.307,99,11230536,11215810,0,,,0
11440700,망원2동,11230536,용신동,349.54,76.06,11348.77,11.349,91,11440700,11230536,0,,,0
11230536,용신동,11710580,송파1동,346.66,44.17,10400.21,10.4,95,11230536,11710580,0,,,0
11230536,용신동,11500604,가양2동,343.05,70.18,15734.68,15.735,97,11230536,11500604,0,,,0
11470590,신월4동,11230536,용신동,342.67,67.21,17865.29,17.865,90,11470590,11230536,0,,,0
11230536,용신동,11500641,방화3동,334.87,67.86,19032.76,19.033,91,11230536,11500641,0,,,0
11545700,시흥4동,11230536,용신동,331.61,87.24,16727.14,16.727,99,11545700,11230536,0,,,0
11230536,용신동,11470650,신정4동,331.0,61.83,16494.54,16.495,93,11230536,11470650,0,,,0
11230536,용신동,11170570,원효로2동,330.02,44.88,8149.77,8.15,88,11230536,11170570,0,,,0
11230536,용신동,11650590,방배본동,319.75,48.75,9508.11,9.508,90,11230536,11650590,0,,,0
11230536,용신동,11530510,신도림동,317.35,62.77,15149.53,15.15,93,11230536,11530510,0,,,0
11230536,용신동,11410690,남가좌1동,314.79,65.66,10725.34,10.725,83,11230536,11410690,0,,,0
11230536,용신동,11620575,행운동,313.03,75.64,12570.59,12.571,86,11230536,11620575,0,,,0
11230536,용신동,11620775,난곡동,310.3,75.65,15524.73,15.525,81,11230536,11620775,0,,,0
11230536,용신동,11290620,정릉1동,301.92,39.52,2927.3,2.927,87,11230536,11290620,0,,,0
11230536,용신동,11290770,장위2동,300.58,39.62,4500.91,4.501,85,11230536,11290770,0,,,0
11230536,용신동,11650621,방배4동,299.5,60.12,10178.54,10.179,90,11230536,11650621,0,,,0
11740590,암사3동,11230536,용신동,298.29,78.42,9340.15,9.34,92,11740590,11230536,0,,,0
11230536,용신동,11710590,송파2동,293.68,56.63,10342.72,10.343,83,11230536,11710590,0,,,0
11530790,수궁동,11230536,용신동,288.55,73.04,20695.3,20.695,93,11530790,11230536,0,,,0
11500603,가양1동,11230536,용신동,286.09,77.08,17347.86,17.348,80,11500603,11230536,0,,,0
11230536,용신동,11620605,은천동,285.9,62.09,13370.14,13.37,92,11230536,11620605,0,,,0
11170570,원효로2동,11230536,용신동,279.39,52.47,7951.7,7.952,96,11170570,11230536,0,,,0
11650600,방배1동,11230536,용신동,278.6,77.06,10354.94,10.355,95,11650600,11230536,0,,,0
11230536,용신동,11470530,목3동,278.33,69.26,16196.8,16.197,79,11230536,11470530,0,,,0
11230536,용신동,11320512,창2동,264.85,111.46,7686.41,7.686,74,11230536,11320512,0,,,0
11440710,연남동,11230536,용신동,262.46,47.56,9811.43,9.811,79,11440710,11230536,0,,,0
11680660,개포1동,11230536,용신동,261.8,74.57,11115.95,11.116,87,11680660,11230536,0,,,0
11110540,삼청동,11230536,용신동,260.67,48.38,4359.52,4.36,99,11110540,11230536,0,,,0
11230536,용신동,11680690,개포4동,256.55,63.26,11451.0,11.451,73,11230536,11680690,0,,,0
11230536,용신동,11740580,암사2동,254.59,41.9,8130.65,8.131,77,11230536,11740580,0,,,0
11230536,용신동,11260660,망우3동,254.48,48.62,5916.46,5.916,72,11230536,11260660,0,,,0
11230536,용신동,11530770,오류1동,253.63,72.61,19290.49,19.29,58,11230536,11530770,0,,,0
11140605,을지로동,11230536,용신동,251.62,34.28,3463.34,3.463,83,11140605,11230536,0,,,0
11230536,용신동,11260550,면목5동,251.12,19.36,3066.33,3.066,72,11230536,11260550,0,,,0
11230536,용신동,11320670,쌍문2동,250.91,69.38,8894.41,8.894,68,11230536,11320670,0,,,0
11230536,용신동,11200570,행당2동,249.26,25.51,2461.51,2.462,67,11230536,11200570,0,,,0
11620615,중앙동,11230536,용신동,246.83,71.08,12453.3,12.453,78,11620615,11230536,0,,,0
11230536,용신동,11650580,반포3동,244.03,48.72,7661.29,7.661,70,11230536,11650580,0,,,0
11230536,용신동,11530730,고척2동,242.84,67.67,17959.6,17.96,63,11230536,11530730,0,,,0
11470640,신정3동,11230536,용신동,242.26,95.07,17827.09,17.827,66,11470640,11230536,0,,,0
11230536,용신동,11740515,강일동,241.22,63.31,12447.28,12.447,67,11230536,11740515,0,,,0
11230536,용신동,11410640,홍제3동,239.73,35.21,7878.17,7.878,65,11230536,11410640,0,,,0
11230536,용신동,11620685,신사동,238.35,59.59,14285.91,14.286,72,11230536,11620685,0,,,0
11650652,양재2동,11230536,용신동,234.39,59.45,12871.43,12.871,76,11650652,11230536,0,,,0
11230536,용신동,11170520,용산2가동,233.39,38.89,5575.13,5.575,67,11230536,11170520,0,,,0
11530800,항동,11230536,용신동,228.51,82.54,20557.28,20.557,64,11530800,11230536,0,,,0
11230536,용신동,11440720,성산1동,227.63,52.38,10303.82,10.304,63,11230536,11440720,0,,,0
11230536,용신동,11260600,중화1동,226.89,37.68,4737.1,4.737,75,11230536,11260600,0,,,0
11545640,독산4동,11230536,용신동,223.11,79.45,16869.59,16.87,63,11545640,11230536,0,,,0
11230536,용신동,11410555,북아현동,220.07,47.31,7352.98,7.353,63,11230536,11410555,0,,,0
11230536,용신동,11545670,시흥1동,218.21,91.1,18462.55,18.463,60,11230536,11545670,0,,,0
11560660,신길4동,11230536,용신동,217.72,61.6,12390.37,12.39,65,11560660,11230536,0,,,0
11170590,용문동,11230536,용신동,216.91,53.54,8059.72,8.06,71,11170590,11230536,0,,,0
11230536,용신동,11710561,방이1동,216.0,56.6,10836.95,10.837,60,11230536,11710561,0,,,0
11140680,중림동,11230536,용신동,214.61,53.63,6017.78,6.018,65,11140680,11230536,0,,,0
11230536,용신동,11410700,남가좌2동,212.11,63.27,10132.61,10.133,59,11230536,11410700,0,,,0
11620545,청림동,11230536,용신동,209.84,49.41,11059.22,11.059,63,11620545,11230536,0,,,0
11230536,용신동,11680675,개포3동,207.45,90.26,10001.64,10.002,59,11230536,11680675,0,,,0
11230536,용신동,11710570,오금동,207.24,78.65,11927.98,11.928,58,11230536,11710570,0,,,0
11230536,용신동,11650620,방배3동,206.85,60.15,11214.02,11.214,58,11230536,11650620,0,,,0
11560690,신길7동,11230536,용신동,206.67,58.42,13048.52,13.049,60,11560690,11230536,0,,,0
11530730,고척2동,11230536,용신동,202.86,66.82,16564.75,16.565,56,11530730,11230536,0,,,0
11230536,용신동,11560680,신길6동,194.66,43.19,13791.81,13.792,55,11230536,11560680,0,,,0
11620765,미성동,11230536,용신동,193.55,104.56,15594.73,15.595,57,11620765,11230536,0,,,0
11230536,용신동,11290580,돈암1동,191.78,42.2,2421.68,2.422,61,11230536,11290580,0,,,0
11230536,용신동,11590510,노량진1동,191.69,59.58,10803.45,10.803,57,11230536,11590510,0,,,0
11230536,용신동,11710610,삼전동,185.69,80.4,9660.97,9.661,50,11230536,11710610,0,,,0
11230536,용신동,11320521,도봉1동,184.62,43.12,11154.37,11.154,49,11230536,11320521,0,,,0
11230536,용신동,11440710,연남동,178.08,55.11,9998.0,9.998,52,11230536,11440710,0,,,0
11680750,수서동,11230536,용신동,177.32,62.07,11435.71,11.436,53,11680750,11230536,0,,,0
11680730,일원1동,11230536,용신동,175.88,61.16,10560.89,10.561,54,11680730,11230536,0,,,0
11230536,용신동,11290780,장위3동,165.05,32.38,4970.73,4.971,49,11230536,11290780,0,,,0
11230536,용신동,11740530,명일1동,163.63,76.67,9640.48,9.64,46,11230536,11740530,0,,,0
11545690,시흥3동,11230536,용신동,161.73,106.0,18278.73,18.279,44,11545690,11230536,0,,,0
11230536,용신동,11350624,중계4동,155.91,60.27,9978.52,9.979,46,11230536,11350624,0,,,0
11230536,용신동,11320660,쌍문1동,152.63,61.04,8654.08,8.654,40,11230536,11320660,0,,,0
11140580,장충동,11230536,용신동,144.07,40.95,3261.3,3.261,43,11140580,11230536,0,,,0
11230536,용신동,11560650,신길3동,143.11,58.33,13142.76,13.143,50,11230536,11560650,0,,,0
11620655,신원동,11230536,용신동,133.01,67.12,14386.92,14.387,39,11620655,11230536,0,,,0
11500570,화곡4동,11230536,용신동,132.13,71.29,16171.95,16.172,31,11500570,11230536,0,,,0
11230536,용신동,11620630,남현동,131.98,80.2,12126.38,12.126,37,11230536,11620630,0,,,0
11470630,신정2동,11230536,용신동,128.55,63.19,14641.4,14.641,37,11470630,11230536,0,,,0
11230536,용신동,11170640,이촌2동,125.66,57.29,8405.34,8.405,36,11230536,11170640,0,,,0
11230536,용신동,11560515,영등포본동,124.78,64.48,12448.93,12.449,34,11230536,11560515,0,,,0
11470611,신월7동,11230536,용신동,124.04,69.33,18309.08,18.309,35,11470611,11230536,0,,,0
11230536,용신동,11200580,응봉동,123.86,42.4,2671.69,2.672,35,11230536,11200580,0,,,0
11230536,용신동,11710647,위례동,112.83,58.98,14088.68,14.089,35,11230536,11710647,0,,,0
11230536,용신동,11380530,불광2동,104.45,49.8,11742.4,11.742,30,11230536,11380530,0,,,0
11500550,화곡2동,11230536,용신동,102.25,78.27,16403.92,16.404,32,11500550,11230536,0,,,0
11470570,신월2동,11230536,용신동,101.16,63.18,17646.05,17.646,24,11470570,11230536,0,,,0
11230536,용신동,11560630,신길1동,98.44,59.52,12707.88,12.708,30,11230536,11560630,0,,,0
11230536,용신동,11350570,월계2동,96.68,53.14,6406.05,6.406,26,11230536,11350570,0,,,0
11230536,용신동,11410685,홍은2동,96.33,67.68,9033.72,9.034,27,11230536,11410685,0,,,0
11230536,용신동,11350625,중계2.3동,95.96,50.97,7484.0,7.484,27,11230536,11350625,0,,,0
11230536,용신동,11380560,구산동,91.15,59.22,11124.84,11.125,25,11230536,11380560,0,,,0
11560620,양평2동,11230536,용신동,88.54,54.41,12940.48,12.94,29,11560620,11230536,0,,,0
11680510,신사동,11230536,용신동,86.92,62.83,5827.14,5.827,26,11680510,11230536,0,,,0
11230536,용신동,11710550,마천2동,85.51,69.05,13654.75,13.655,25,11230536,11710550,0,,,0
11230536,용신동,11470520,목2동,81.38,113.16,15433.01,15.433,23,11230536,11470520,0,,,0
11230536,용신동,11170700,보광동,78.66,43.31,5985.68,5.986,24,11230536,11170700,0,,,0
11470540,목4동,11230536,용신동,78.13,74.44,14958.15,14.958,21,11470540,11230536,0,,,0
11230536,용신동,11620565,성현동,77.81,51.78,11805.12,11.805,20,11230536,11620565,0,,,0
11230536,용신동,11530720,고척1동,76.06,69.52,17675.28,17.675,23,11230536,11530720,0,,,0
11230536,용신동,11410655,홍제2동,73.93,36.16,7138.14,7.138,20,11230536,11410655,0,,,0
11230536,용신동,11350665,상계3.4동,73.71,42.7,11413.64,11.414,22,11230536,11350665,0,,,0
11230536,용신동,11560720,대림3동,72.46,77.14,14410.33,14.41,17,11230536,11560720,0,,,0
11230536,용신동,11350700,상계8동,71.66,44.97,10602.94,10.603,21,11230536,11350700,0,,,0
11230536,용신동,11590640,사당3동,71.28,108.61,10978.11,10.978,18,11230536,11590640,0,,,0
11140520,소공동,11230536,용신동,71.07,30.56,4946.62,4.947,22,11140520,11230536,0,,,0
11230536,용신동,11620615,중앙동,69.49,73.18,12660.9,12.661,20,11230536,11620615,0,,,0
11230536,용신동,11620645,서원동,69.08,74.7,13509.9,13.51,19,11230536,11620645,0,,,0
11230536,용신동,11500560,화곡3동,66.5,147.32,17792.32,17.792,16,11230536,11500560,0,,,0
11230536,용신동,11320710,방학3동,66.01,46.24,9601.94,9.602,20,11230536,11320710,0,,,0
11230536,용신동,11290760,장위1동,65.78,36.7,4729.49,4.729,20,11230536,11290760,0,,,0
11230536,용신동,11545630,독산3동,65.25,77.97,16818.41,16.818,18,11230536,11545630,0,,,0
11230536,용신동,11530750,개봉2동,63.32,74.21,17259.14,17.259,13,11230536,11530750,0,,,0
11230536,용신동,11545690,시흥3동,58.66,66.84,19630.98,19.631,17,11230536,11545690,0,,,0
11500620,공항동,11230536,용신동,57.62,76.34,19311.21,19.311,17,11500620,11230536,0,,,0
11230536,용신동,11740600,천호1동,55.45,35.82,9900.36,9.9,16,11230536,11740600,0,,,0
11230536,용신동,11620665,서림동,55.05,94.28,14962.36,14.962,15,11230536,11620665,0,,,0
11230536,용신동,11305608,번3동,54.77,45.05,5906.09,5.906,16,11230536,11305608,0,,,0
11230536,용신동,11305615,수유1동,51.77,42.8,6081.14,6.081,18,11230536,11305615,0,,,0
11230536,용신동,11320513,창3동,51.42,38.13,6675.14,6.675,14,11230536,11320513,0,,,0
11230536,용신동,11590540,상도2동,48.5,79.99,11028.27,11.028,15,11230536,11590540,0,,,0
11230536,용신동,11350630,상계1동,47.66,80.32,11325.83,11.326,15,11230536,11350630,0,,,0
11230536,용신동,11710646,장지동,47.6,63.73,13098.71,13.099,17,11230536,11710646,0,,,0
11230536,용신동,11380600,응암3동,47.57,73.5,10619.33,10.619,13,11230536,11380600,0,,,0
11230536,용신동,11320511,창1동,45.95,78.35,7934.87,7.935,14,11230536,11320511,0,,,0
11470620,신정1동,11230536,용신동,45.09,78.25,16549.18,16.549,12,11470620,11230536,0,,,0
11500530,등촌2동,11230536,용신동,43.7,92.31,15996.56,15.997,9,11500530,11230536,0,,,0
11230536,용신동,11470550,목5동,43.65,65.08,14680.77,14.681,13,11230536,11470550,0,,,0
11230536,용신동,11380520,불광1동,42.88,70.09,10222.36,10.222,13,11230536,11380520,0,,,0
11230536,용신동,11380552,갈현2동,42.0,87.25,11929.17,11.929,12,11230536,11380552,0,,,0
11230536,용신동,11590605,흑석동,41.46,42.88,9741.39,9.741,16,11230536,11590605,0,,,0
11230536,용신동,11710532,거여2동,39.69,81.23,14144.17,14.144,10,11230536,11710532,0,,,0
11230536,용신동,11410710,북가좌1동,38.18,58.9,10389.21,10.389,11,11230536,11410710,0,,,0
11470580,신월3동,11230536,용신동,38.14,89.52,18541.65,18.542,9,11470580,11230536,0,,,0
11230536,용신동,11470630,신정2동,37.65,61.29,14943.59,14.944,11,11230536,11470630,0,,,0
11230536,용신동,11560690,신길7동,35.59,138.86,12992.04,12.992,9,11230536,11560690,0,,,0
11230536,용신동,11305534,삼양동,35.59,43.49,5543.33,5.543,10,11230536,11305534,0,,,0
11230536,용신동,11410660,홍은1동,33.98,49.46,7680.82,7.681,10,11230536,11410660,0,,,0
11230536,용신동,11560700,대림1동,33.68,64.48,14677.71,14.678,9,11230536,11560700,0,,,0
11230536,용신동,11530780,오류2동,31.61,103.38,20316.19,20.316,9,11230536,11530780,0,,,0
11230536,용신동,11620585,낙성대동,28.04,83.64,12718.18,12.718,8,11230536,11620585,0,,,0
11230536,용신동,11530800,항동,27.47,62.44,20698.0,20.698,8,11230536,11530800,0,,,0
11230536,용신동,11680660,개포1동,27.05,89.49,10668.89,10.669,6,11230536,11680660,0,,,0
11230536,용신동,11350670,상계5동,26.99,73.25,10131.52,10.132,8,11230536,11350670,0,,,0
11230536,용신동,11500630,방화1동,26.55,73.36,19176.9,19.177,8,11230536,11500630,0,,,0
11230536,용신동,11530550,구로4동,26.22,80.55,15949.0,15.949,7,11230536,11530550,0,,,0
11230536,용신동,11500530,등촌2동,25.38,68.92,15895.21,15.895,7,11230536,11500530,0,,,0
11230536,용신동,11350720,상계10동,24.97,50.29,9377.13,9.377,7,11230536,11350720,0,,,0
11230536,용신동,11350621,중계1동,24.33,30.34,9094.67,9.095,7,11230536,11350621,0,,,0
11560710,대림2동,11230536,용신동,24.23,81.22,14451.89,14.452,6,11560710,11230536,0,,,0
11230536,용신동,11470580,신월3동,22.29,97.99,19653.91,19.654,7,11230536,11470580,0,,,0
11230536,용신동,11740690,둔촌1동,22.06,68.64,10949.76,10.95,6,11230536,11740690,0,,,0
11650550,반포본동,11230536,용신동,20.51,54.53,9146.8,9.147,6,11650550,11230536,0,,,0
11230536,용신동,11560710,대림2동,20.3,72.2,15082.0,15.082,5,11230536,11560710,0,,,0
11230536,용신동,11380580,응암1동,20.06,46.55,9657.24,9.657,6,11230536,11380580,0,,,0
11230536,용신동,11590550,상도3동,20.05,59.99,12956.07,12.956,5,11230536,11590550,0,,,0
11230536,용신동,11650550,반포본동,19.8,72.03,9025.6,9.026,6,11230536,11650550,0,,,0
11230536,용신동,11530520,구로1동,19.33,69.2,16689.4,16.689,5,11230536,11530520,0,,,0
11230536,용신동,11560585,도림동,18.99,56.07,13190.97,13.191,6,11230536,11560585,0,,,0
11170640,이촌2동,11230536,용신동,17.12,54.52,9174.78,9.175,5,11170640,11230536,0,,,0
11230536,용신동,11470620,신정1동,17.0,91.91,16195.51,16.196,5,11230536,11470620,0,,,0
11230536,용신동,11590651,사당5동,15.94,63.86,11550.4,11.55,6,11230536,11590651,0,,,0
11230536,용신동,11710531,거여1동,15.76,40.49,12813.26,12.813,5,11230536,11710531,0,,,0
11230536,용신동,11470670,신정6동,14.85,88.07,16279.42,16.279,4,11230536,11470670,0,,,0
11230536,용신동,11530595,가리봉동,14.12,177.0,15994.82,15.995,4,11230536,11530595,0,,,0
11230536,용신동,11470540,목4동,14.09,86.18,15924.14,15.924,4,11230536,11470540,0,,,0
11230536,용신동,11545710,시흥5동,14.0,84.25,17660.0,17.66,4,11230536,11545710,0,,,0
11230536,용신동,11410620,홍제1동,13.87,92.84,8268.11,8.268,4,11230536,11410620,0,,,0
11230536,용신동,11530740,개봉1동,10.58,76.6,18165.79,18.166,3,11230536,11530740,0,,,0
11560650,신길3동,11230536,용신동,10.54,116.02,13989.77,13.99,3,11560650,11230536,0,,,0
11230536,용신동,11320700,방학2동,10.33,83.92,10156.47,10.156,3,11230536,11320700,0,,,0
11230536,용신동,11560660,신길4동,9.49,58.11,12889.85,12.89,3,11230536,11560660,0,,,0
11230536,용신동,11545700,시흥4동,7.84,237.5,17594.0,17.594,2,11230536,11545700,0,,,0
11230536,용신동,11530790,수궁동,6.84,71.61,20523.61,20.524,2,11230536,11530790,0,,,0
11230536,용신동,11740590,암사3동,6.14,62.52,10188.96,10.189,2,11230536,11740590,0,,,0
11230536,용신동,11380632,신사2동,4.16,42.5,11566.0,11.566,2,11230536,11380632,0,,,0
11470610,신월6동,11230536,용신동,3.5,95.0,17281.0,17.281,1,11470610,11230536,0,,,0
11230536,용신동,11560670,신길5동,3.5,81.0,13177.0,13.177,1,11230536,11560670,0,,,0
11230536,용신동,11470680,신정7동,3.5,173.0,16459.0,16.459,1,11230536,11470680,0,,,0
11230536,용신동,11350710,상계9동,3.5,34.0,9772.0,9.772,1,11230536,11350710,0,,,0
11230536,용신동,11620625,인헌동,3.5,47.0,12821.0,12.821,1,11230536,11620625,0,,,0
11230536,용신동,11470611,신월7동,3.5,106.0,18739.0,18.739,1,11230536,11470611,0,,,0
11230536,용신동,11710540,마천1동,3.22,91.0,14665.0,14.665,1,11230536,11710540,0,,,0
11230536,용신동,11500605,가양3동,3.09,55.0,15179.0,15.179,1,11230536,11500605,0,,,0
11230536,용신동,11530760,개봉3동,2.32,57.0,17672.0,17.672,1,11230536,11530760,0,,,0
11230536,용신동,11500615,우장산동,2.31,48.0,18153.0,18.153,1,11230536,11500615,0,,,0
11230536,용신동,11470640,신정3동,2.26,95.0,18357.0,18.357,1,11230536,11470640,0,,,0
