OD_KEY,거주동 코드,거주동 이름,근무동 코드,근무동 이름,목적지_순위,출근_이동량,거주동_전체_출근량,목적지_출근비중,누적_출근비중,선택목적지_출근량합,최종_가중치,평균_이동시간_분,평균_이동거리_m,내부통근여부,분석용_편도시간_분,분석용_편도거리_km,분석용_편도요금_원,요금산출방식,총도보시간_분,총도보거리_m,도보시간비중,환승횟수,버스_이용구간수,지하철_이용구간수,도보_구간수,기차_이용구간수,교통수단_순서,이용노선,추천경로수,전체추천경로수,최종경로유형,경로값_산출방식,경로정보존재여부,요금정보존재여부,home_code8,work_code8
11110580_11230536,11110580,교남동,11230536,용신동,56,2016.46,605883.87,0.00332813,0.77878952,485054.3,0.00415718,34.14,5797.9,False,36.1,7.89,1500.0,API_선택경로요금,7.5,506.0,0.2077562326869806,1.0,2.0,0.0,3.0,0.0,WALK → BUS → WALK → BUS → WALK,간선:720 → 간선:421,10.0,,대중교통,TMAP_최종경로,True,True,11110580,11230536
11110630_11230536,11110630,종로5.6가동,11230536,용신동,46,1037.55,328018.08,0.00316309,0.79898602,263107.85,0.00394344,30.65,2416.93,False,19.0,3.32,1500.0,API_선택경로요금,9.1,597.0,0.4789473684210526,0.0,1.0,0.0,2.0,0.0,WALK → BUS → WALK,간선:370,10.0,,대중교통,TMAP_최종경로,True,True,11110630,11230536
11110640_11230536,11110640,이화동,11230536,용신동,45,1565.65,401502.7,0.00389948,0.7426505,322065.81,0.00486127,30.85,2351.8,False,25.7,4.07,1500.0,API_선택경로요금,11.7,766.0,0.4552529182879377,0.0,1.0,0.0,2.0,0.0,WALK → BUS → WALK,지선:2112,10.0,,대중교통,TMAP_최종경로,True,True,11110640,11230536
11110650_11230536,11110650,혜화동,11230536,용신동,59,2302.54,760903.86,0.00302606,0.77022578,609072.35,0.0037804,34.85,3308.9,False,26.6,4.89,1500.0,API_선택경로요금,8.0,499.0,0.3007518796992481,1.0,2.0,0.0,3.0,0.0,WALK → BUS → WALK → BUS → WALK,마을:종로08 → 지선:2112,10.0,,대중교통,TMAP_최종경로,True,True,11110650,11230536
11110670_11230536,11110670,창신1동,11230536,용신동,23,1941.72,204779.68,0.009482,0.58643348,164048.71,0.01183624,25.22,1393.37,False,18.0,2.71,1500.0,API_선택경로요금,11.8,827.0,0.6555555555555556,0.0,1.0,0.0,2.0,0.0,WALK → BUS → WALK,간선:370,10.0,,대중교통,TMAP_최종경로,True,True,11110670,11230536
11110680_11230536,11110680,창신2동,11230536,용신동,20,3965.07,361303.43,0.01097435,0.57073125,289730.89,0.01368535,28.69,1824.87,False,18.4,2.74,1500.0,API_선택경로요금,12.2,827.0,0.6630434782608696,0.0,1.0,0.0,2.0,0.0,WALK → BUS → WALK,간선:370,10.0,,대중교통,TMAP_최종경로,True,True,11110680,11230536
11110690_11230536,11110690,창신3동,11230536,용신동,24,3246.87,322678.11,0.01006226,0.53910109,259080.38,0.01253229,25.32,1355.96,False,19.6,3.29,1500.0,API_선택경로요금,10.0,655.0,0.5102040816326531,1.0,2.0,0.0,3.0,0.0,WALK → BUS → WALK → BUS → WALK,마을:종로03 → 간선:370,10.0,,대중교통,TMAP_최종경로,True,True,11110690,11230536
11110700_11230536,11110700,숭인1동,11230536,용신동,20,4114.15,369557.11,0.01113265,0.51929119,296434.47,0.01387878,25.4,1275.07,False,18.0,3.17,1500.0,API_선택경로요금,9.2,573.0,0.5111111111111111,1.0,2.0,0.0,3.0,0.0,WALK → BUS → WALK → BUS → WALK,마을:종로03 → 간선:370,10.0,,대중교통,TMAP_최종경로,True,True,11110700,11230536
11110710_11230536,11110710,숭인2동,11230536,용신동,10,14001.03,695525.21,0.02013015,0.35305563,558416.87,0.02507272,15.44,890.58,False,12.8,1.81,1500.0,API_선택경로요금,8.9,590.0,0.6953125,0.0,1.0,0.0,2.0,0.0,WALK → BUS → WALK,간선:370,10.0,,대중교통,TMAP_최종경로,True,True,11110710,11230536
11140615_11230536,11140615,신당동,11230536,용신동,28,3241.12,448684.05,0.00722361,0.63748281,359837.45,0.00900718,26.82,1859.33,False,21.0,4.03,1500.0,API_선택경로요금,6.9,496.0,0.3285714285714285,0.0,1.0,0.0,2.0,0.0,WALK → BUS → WALK,간선:147,10.0,,대중교통,TMAP_최종경로,True,True,11140615,11230536
11140645_11230536,11140645,청구동,11230536,용신동,61,2414.95,578371.89,0.00417543,0.7665969,462989.9,0.00521599,36.29,2952.92,False,25.1,4.62,1500.0,API_선택경로요금,9.7,751.0,0.3864541832669322,0.0,1.0,0.0,2.0,0.0,WALK → BUS → WALK,간선:147,10.0,,대중교통,TMAP_최종경로,True,True,11140645,11230536
11140650_11230536,11140650,신당5동,11230536,용신동,40,3516.94,561851.78,0.00625955,0.68331424,449950.27,0.00781629,25.39,1606.99,False,13.4,3.04,1500.0,API_선택경로요금,4.0,245.0,0.2985074626865671,1.0,2.0,0.0,3.0,0.0,WALK → BUS → WALK → BUS → WALK,지선:2015 → 간선:110B국민대,10.0,,대중교통,TMAP_최종경로,True,True,11140650,11230536
11140665_11230536,11140665,동화동,11230536,용신동,55,2082.34,481418.05,0.00432543,0.74731402,385746.48,0.00539821,25.98,2007.12,False,25.8,5.33,1500.0,API_선택경로요금,7.7,500.0,0.2984496124031007,1.0,2.0,0.0,3.0,0.0,WALK → BUS → WALK → BUS → WALK,지선:2233 → 간선:N30,10.0,,대중교통,TMAP_최종경로,True,True,11140665,11230536
11140670_11230536,11140670,황학동,11230536,용신동,37,4485.13,693440.72,0.00646794,0.67759886,555731.9,0.00807067,21.67,985.51,False,18.7,2.97,1500.0,API_선택경로요금,7.7,545.0,0.411764705882353,0.0,1.0,0.0,2.0,0.0,WALK → BUS → WALK,간선:421,10.0,,대중교통,TMAP_최종경로,True,True,11140670,11230536
11170520_11230536,11170520,용산2가동,11230536,용신동,53,1993.64,419816.66,0.00474883,0.74176144,336804.96,0.00591927,42.77,5114.96,False,39.1,10.29,1600.0,API_선택경로요금,3.2,182.0,0.0818414322250639,1.0,2.0,0.0,3.0,0.0,WALK → BUS → WALK → BUS → WALK,간선:402 → 간선:110B국민대,10.0,,대중교통,TMAP_최종경로,True,True,11170520,11230536
11200520_11230536,11200520,왕십리2동,11230536,용신동,55,5025.36,993657.06,0.00505744,0.70749596,797072.58,0.00630477,38.72,1813.38,False,12.9,2.18,1500.0,API_선택경로요금,7.2,495.0,0.5581395348837209,1.0,2.0,0.0,3.0,0.0,WALK → BUS → WALK → BUS → WALK,지선:2015 → 간선:110B국민대,10.0,,대중교통,TMAP_최종경로,True,True,11200520,11230536
11200535_11230536,11200535,왕십리도선동,11230536,용신동,20,20438.18,1729169.94,0.01181965,0.47386908,1387028.72,0.01473522,21.9,956.69,False,18.1,2.96,1500.0,API_선택경로요금,7.1,467.0,0.3922651933701657,0.0,1.0,0.0,2.0,0.0,WALK → BUS → WALK,간선:421,7.0,,대중교통,TMAP_최종경로,True,True,11200535,11230536
11200540_11230536,11200540,마장동,11230536,용신동,24,11429.28,1211506.86,0.00943394,0.51295321,971169.76,0.01176857,20.71,1174.81,False,14.1,1.53,1550.0,API_선택경로요금,12.1,819.0,0.8581560283687943,0.0,0.0,1.0,2.0,0.0,WALK → SUBWAY → WALK,수도권2호선,10.0,,대중교통,TMAP_최종경로,True,True,11200540,11230536
11200550_11230536,11200550,사근동,11230536,용신동,58,2462.77,577259.43,0.00426631,0.76448108,462845.03,0.00532094,26.51,2144.94,False,17.2,2.94,1500.0,API_선택경로요금,8.3,525.0,0.4825581395348838,1.0,2.0,0.0,3.0,0.0,WALK → BUS → WALK → BUS → WALK,지선:4211 → 지선:2222,10.0,,대중교통,TMAP_최종경로,True,True,11200550,11230536
11200560_11230536,11200560,행당1동,11230536,용신동,28,8885.57,889654.41,0.00998766,0.51663357,713956.52,0.01244553,21.74,2040.1,False,11.1,2.33,1500.0,API_선택경로요금,6.2,438.0,0.5585585585585586,0.0,1.0,0.0,2.0,0.0,WALK → BUS → WALK,간선:110B국민대,10.0,,대중교통,TMAP_최종경로,True,True,11200560,11230536
11200570_11230536,11200570,행당2동,11230536,용신동,39,9162.95,1380198.6,0.00663886,0.6259778,1105891.59,0.00828558,34.78,2238.19,False,18.4,2.57,1500.0,API_선택경로요금,13.5,938.0,0.7336956521739131,0.0,1.0,0.0,2.0,0.0,WALK → BUS → WALK,간선:110B국민대,10.0,,대중교통,TMAP_최종경로,True,True,11200570,11230536
11200580_11230536,11200580,응봉동,11230536,용신동,46,4070.4,720135.71,0.00565227,0.67148405,577937.29,0.00704298,28.44,2734.83,False,9.7,2.69,1500.0,API_선택경로요금,3.3,192.0,0.3402061855670103,0.0,1.0,0.0,2.0,0.0,WALK → BUS → WALK,간선:110B국민대,9.0,,대중교통,TMAP_최종경로,True,True,11200580,11230536
11200590_11230536,11200590,금호1가동,11230536,용신동,65,2811.39,835159.26,0.00336629,0.75793835,669433.39,0.00419966,31.43,2428.01,False,17.5,3.93,1550.0,API_선택경로요금,9.7,590.0,0.5542857142857143,1.0,1.0,1.0,3.0,0.0,WALK → SUBWAY → WALK → BUS → WALK,수도권5호선 → 지선:2222,10.0,,대중교통,TMAP_최종경로,True,True,11200590,11230536
11200615_11230536,11200615,금호2.3가동,11230536,용신동,54,6803.32,1222347.51,0.00556578,0.71036346,978205.11,0.0069549,33.08,2907.38,False,21.6,5.26,1500.0,API_선택경로요금,5.9,381.0,0.2731481481481481,1.0,2.0,0.0,3.0,0.0,WALK → BUS → WALK → BUS → WALK,마을:성동02 → 간선:110B국민대,10.0,,대중교통,TMAP_최종경로,True,True,11200615,11230536
11200620_11230536,11200620,금호4가동,11230536,용신동,54,3337.25,711671.64,0.00468931,0.76113807,570227.37,0.00585249,38.89,3554.15,False,15.0,4.11,1500.0,API_선택경로요금,5.3,332.0,0.3533333333333333,0.0,1.0,0.0,2.0,0.0,WALK → BUS → WALK,간선:110B국민대,10.0,,대중교통,TMAP_최종경로,True,True,11200620,11230536
11200660_11230536,11200660,성수1가2동,11230536,용신동,64,2539.98,773948.47,0.00328185,0.78780211,619262.49,0.00410162,31.04,3260.58,False,17.4,3.84,1500.0,API_선택경로요금,4.7,267.0,0.2701149425287357,1.0,2.0,0.0,3.0,0.0,WALK → BUS → WALK → BUS → WALK,간선:121 → 지선:2222,10.0,,대중교통,TMAP_최종경로,True,True,11200660,11230536
11200670_11230536,11200670,성수2가1동,11230536,용신동,51,2666.14,737294.32,0.00361611,0.7575877,591569.42,0.00450689,36.98,4891.8,False,28.1,5.48,1500.0,API_선택경로요금,8.0,482.0,0.2846975088967971,1.0,2.0,0.0,3.0,0.0,WALK → BUS → WALK → BUS → WALK,지선:2014 → 지선:2222,10.0,,대중교통,TMAP_최종경로,True,True,11200670,11230536
11200790_11230536,11200790,용답동,11230536,용신동,41,5051.7,793515.23,0.00636623,0.63330083,635536.31,0.00794872,24.93,2134.44,False,11.8,2.34,1500.0,API_선택경로요금,7.5,486.0,0.635593220338983,0.0,1.0,0.0,2.0,0.0,WALK → BUS → WALK,간선:130,10.0,,대중교통,TMAP_최종경로,True,True,11200790,11230536
11215730_11230536,11215730,군자동,11230536,용신동,74,2826.36,944364.68,0.00299287,0.77497644,755593.31,0.00374058,22.13,4554.35,False,17.9,4.58,1500.0,API_선택경로요금,9.6,676.0,0.5363128491620112,0.0,1.0,0.0,2.0,0.0,WALK → BUS → WALK,간선:130,10.0,,대중교통,TMAP_최종경로,True,True,11215730,11230536
11215740_11230536,11215740,중곡1동,11230536,용신동,70,3382.74,900578.05,0.00375619,0.74526231,722360.0,0.0046829,38.06,4497.42,False,19.4,5.59,1500.0,API_선택경로요금,6.8,427.0,0.3505154639175258,1.0,2.0,0.0,3.0,0.0,WALK → BUS → WALK → BUS → WALK,지선:2311 → 간선:130,10.0,,대중교통,TMAP_최종경로,True,True,11215740,11230536
11215750_11230536,11215750,중곡2동,11230536,용신동,60,5216.53,1093363.56,0.00477108,0.6978269,876375.18,0.00595239,32.05,5186.58,False,21.1,5.32,1500.0,API_선택경로요금,11.2,812.0,0.5308056872037914,0.0,1.0,0.0,2.0,0.0,WALK → BUS → WALK,간선:130,10.0,,대중교통,TMAP_최종경로,True,True,11215750,11230536
11215760_11230536,11215760,중곡3동,11230536,용신동,71,3271.87,828966.87,0.00394692,0.76164092,664077.57,0.00492694,38.33,4535.06,False,26.0,6.87,1500.0,API_선택경로요금,7.4,472.0,0.2846153846153846,1.0,2.0,0.0,3.0,0.0,WALK → BUS → WALK → BUS → WALK,지선:2311 → 간선:130,10.0,,대중교통,TMAP_최종경로,True,True,11215760,11230536
11215770_11230536,11215770,중곡4동,11230536,용신동,67,6399.85,1475007.47,0.00433886,0.71615965,1182153.92,0.00541372,35.87,5534.73,False,20.5,6.16,1500.0,API_선택경로요금,7.3,477.0,0.3560975609756097,1.0,2.0,0.0,3.0,0.0,WALK → BUS → WALK → BUS → WALK,지선:2012 → 간선:130,10.0,,대중교통,TMAP_최종경로,True,True,11215770,11230536
11215780_11230536,11215780,능동,11230536,용신동,58,3359.8,752042.05,0.00446757,0.70108221,603505.26,0.00556714,30.64,5172.94,False,17.8,5.17,1500.0,API_선택경로요금,7.9,515.0,0.4438202247191011,0.0,1.0,0.0,2.0,0.0,WALK → BUS → WALK,간선:130,10.0,,대중교통,TMAP_최종경로,True,True,11215780,11230536
11215860_11230536,11215860,구의2동,11230536,용신동,78,4483.66,1358932.73,0.0032994,0.76802313,1088586.18,0.00411879,34.72,6183.84,False,22.6,6.1,1500.0,API_선택경로요금,9.5,653.0,0.4203539823008849,0.0,1.0,0.0,2.0,0.0,WALK → BUS → WALK,간선:303,10.0,,대중교통,TMAP_최종경로,True,True,11215860,11230536
11230536_11230536,11230536,용신동,11230536,용신동,1,103993.53,1045092.62,0.09950652,0.09950652,838023.41,0.12409382,19.37,458.58,True,19.37,0.45858,,내부통근_요금미산출,,,,,,,,,,,,,내부통근_원본OD,원본_OD_내부통근,True,False,11230536,11230536
11230536_11110615,11230536,용신동,11110615,종로1.2.3.4가동,2,61617.55,1045092.62,0.05895894,0.15846546,838023.41,0.07352724,35.15,4060.11,False,31.1,5.13,1500.0,API_선택경로요금,15.4,1079.0,0.495176848874598,0.0,1.0,0.0,2.0,0.0,WALK → BUS → WALK,간선:370,10.0,,대중교통,TMAP_최종경로,True,True,11230536,11110615
11230536_11140550,11230536,용신동,11140550,명동,3,40631.78,1045092.62,0.03887864,0.1973441,838023.41,0.04848526,37.44,4467.63,False,32.9,6.76,1500.0,API_선택경로요금,9.8,677.0,0.2978723404255319,0.0,1.0,0.0,2.0,0.0,WALK → BUS → WALK,간선:421,10.0,,대중교통,TMAP_최종경로,True,True,11230536,11140550
11230536_11230545,11230536,용신동,11230545,제기동,4,33440.81,1045092.62,0.03199794,0.22934204,838023.41,0.03990439,20.77,856.98,False,13.8,1.51,1500.0,API_선택경로요금,8.2,564.0,0.5942028985507245,0.0,1.0,0.0,2.0,0.0,WALK → BUS → WALK,간선:110B국민대,9.0,,대중교통,TMAP_최종경로,True,True,11230536,11230545
11230536_11140520,11230536,용신동,11140520,소공동,5,26411.92,1045092.62,0.02527232,0.25461436,838023.41,0.03151692,41.15,5209.77,False,34.4,6.89,3200.0,API_선택경로요금,11.0,725.0,0.3197674418604651,0.0,1.0,0.0,2.0,0.0,WALK → BUS → WALK,직행좌석:9301,10.0,,대중교통,TMAP_최종경로,True,True,11230536,11140520
11230536_11140540,11230536,용신동,11140540,회현동,6,24397.82,1045092.62,0.02334513,0.27795949,838023.41,0.02911353,42.01,5339.52,False,37.9,7.42,1500.0,API_선택경로요금,12.1,836.0,0.3192612137203166,0.0,1.0,0.0,2.0,0.0,WALK → BUS → WALK,간선:105,10.0,,대중교통,TMAP_최종경로,True,True,11230536,11140540
11230536_11200690,11230536,용신동,11200690,성수2가3동,7,23582.81,1045092.62,0.02256528,0.30052477,838023.41,0.02814099,34.46,4033.04,False,17.5,4.36,1500.0,API_선택경로요금,5.3,387.0,0.3028571428571428,0.0,1.0,0.0,2.0,0.0,WALK → BUS → WALK,지선:2222,10.0,,대중교통,TMAP_최종경로,True,True,11230536,11200690
11230536_11680640,11230536,용신동,11680640,역삼1동,8,23074.46,1045092.62,0.02207887,0.32260364,838023.41,0.02753439,56.45,8443.06,False,47.0,10.14,1500.0,API_선택경로요금,7.9,621.0,0.1680851063829787,1.0,2.0,0.0,3.0,0.0,WALK → BUS → WALK → BUS → WALK,간선:141 → 간선:350,10.0,,대중교통,TMAP_최종경로,True,True,11230536,11680640
11230536_11560540,11230536,용신동,11560540,여의동,9,21233.56,1045092.62,0.0203174,0.34292103,838023.41,0.02533767,57.92,11247.62,False,62.0,14.29,1600.0,API_선택경로요금,10.6,639.0,0.1709677419354838,1.0,2.0,0.0,3.0,0.0,WALK → BUS → WALK → BUS → WALK,간선:421 → 간선:162,10.0,,대중교통,TMAP_최종경로,True,True,11230536,11560540
11230536_11110630,11230536,용신동,11110630,종로5.6가동,10,21198.37,1045092.62,0.02028372,0.36320476,838023.41,0.02529568,28.62,2460.17,False,17.9,3.4,1500.0,API_선택경로요금,7.1,466.0,0.3966480446927374,0.0,1.0,0.0,2.0,0.0,WALK → BUS → WALK,간선:370,10.0,,대중교통,TMAP_최종경로,True,True,11230536,11110630
11230536_11290600,11230536,용신동,11290600,안암동,11,19894.64,1045092.62,0.01903625,0.382241,838023.41,0.02373996,24.83,1096.37,False,17.1,2.49,1500.0,API_선택경로요금,9.5,636.0,0.5555555555555555,0.0,1.0,0.0,2.0,0.0,WALK → BUS → WALK,지선:2115,10.0,,대중교통,TMAP_최종경로,True,True,11230536,11290600
11230536_11200535,11230536,용신동,11200535,왕십리도선동,12,19380.13,1045092.62,0.01854394,0.40078494,838023.41,0.023126,20.36,1012.74,False,17.2,2.96,1500.0,API_선택경로요금,7.7,479.0,0.4476744186046512,0.0,1.0,0.0,2.0,0.0,WALK → BUS → WALK,간선:421,10.0,,대중교통,TMAP_최종경로,True,True,11230536,11200535
11230536_11140590,11230536,용신동,11140590,광희동,13,14741.06,1045092.62,0.01410503,0.41488996,838023.41,0.01759027,31.35,2595.68,False,24.1,4.58,1500.0,API_선택경로요금,9.0,546.0,0.3734439834024896,0.0,1.0,0.0,2.0,0.0,WALK → BUS → WALK,간선:421,10.0,,대중교통,TMAP_최종경로,True,True,11230536,11140590
11230536_11200560,11230536,용신동,11200560,행당1동,14,13730.89,1045092.62,0.01313844,0.42802841,838023.41,0.01638485,18.27,1948.39,False,12.2,2.0,1500.0,API_선택경로요금,6.2,437.0,0.5081967213114754,0.0,1.0,0.0,2.0,0.0,WALK → BUS → WALK,지선:2222,10.0,,대중교통,TMAP_최종경로,True,True,11230536,11200560
11230536_11230560,11230536,용신동,11230560,전농1동,15,12969.73,1045092.62,0.01241012,0.44043853,838023.41,0.01547657,25.21,1435.15,False,15.8,1.37,1500.0,API_선택경로요금,11.5,752.0,0.7278481012658228,0.0,1.0,0.0,2.0,0.0,WALK → BUS → WALK,지선:1227,10.0,,대중교통,TMAP_최종경로,True,True,11230536,11230560
11230536_11110530,11230536,용신동,11110530,사직동,16,12648.43,1045092.62,0.01210269,0.45254122,838023.41,0.01509317,42.6,5409.65,False,30.6,6.63,1500.0,API_선택경로요금,6.7,462.0,0.218954248366013,1.0,2.0,0.0,3.0,0.0,WALK → BUS → WALK → BUS → WALK,간선:421 → 간선:720,10.0,,대중교통,TMAP_최종경로,True,True,11230536,11110530
11230536_11230650,11230536,용신동,11230650,장안1동,17,12220.1,1045092.62,0.01169284,0.46423406,838023.41,0.01458205,26.22,3056.36,False,21.1,3.73,1500.0,API_선택경로요금,12.3,850.0,0.5829383886255924,0.0,1.0,0.0,2.0,0.0,WALK → BUS → WALK,간선:145,10.0,,대중교통,TMAP_최종경로,True,True,11230536,11230650
11230536_11680580,11230536,용신동,11680580,삼성1동,18,10902.95,1045092.62,0.01043252,0.47466658,838023.41,0.01301032,52.69,7550.66,False,32.7,8.76,1500.0,API_선택경로요금,8.1,515.0,0.2477064220183485,2.0,3.0,0.0,4.0,0.0,WALK → BUS → WALK → BUS → WALK → BUS → WALK,간선:148 → 간선:145 → 간선:143,10.0,,대중교통,TMAP_최종경로,True,True,11230536,11680580
11230536_11140615,11230536,용신동,11140615,신당동,19,10345.78,1045092.62,0.00989939,0.48456597,838023.41,0.01234545,35.25,2029.85,False,23.5,3.99,1500.0,API_선택경로요금,8.9,622.0,0.3787234042553191,0.0,1.0,0.0,2.0,0.0,WALK → BUS → WALK,간선:147,10.0,,대중교통,TMAP_최종경로,True,True,11230536,11140615
11230536_11170625,11230536,용신동,11170625,한강로동,20,9585.73,1045092.62,0.00917213,0.49373811,838023.41,0.0114385,45.61,7631.38,False,38.5,11.04,1650.0,API_선택경로요금,10.5,624.0,0.2727272727272727,1.0,1.0,1.0,3.0,0.0,WALK → BUS → WALK → SUBWAY → WALK,간선:421 → 수도권4호선,10.0,,대중교통,TMAP_최종경로,True,True,11230536,11170625
11230536_11230600,11230536,용신동,11230600,답십리1동,21,9578.95,1045092.62,0.00916565,0.50290375,838023.41,0.01143041,24.01,1340.24,False,16.4,1.6,1500.0,API_선택경로요금,13.8,875.0,0.8414634146341464,0.0,1.0,0.0,2.0,0.0,WALK → BUS → WALK,지선:2112,10.0,,대중교통,TMAP_최종경로,True,True,11230536,11230600
11230536_11650530,11230536,용신동,11650530,서초3동,22,9497.99,1045092.62,0.00908818,0.51199193,838023.41,0.0113338,61.78,10123.63,False,52.9,14.31,1600.0,API_선택경로요금,4.6,303.0,0.0869565217391304,2.0,3.0,0.0,4.0,0.0,WALK → BUS → WALK → BUS → WALK → BUS → WALK,간선:110A고려대 → 지선:2016 → 간선:405,10.0,,대중교통,TMAP_최종경로,True,True,11230536,11650530
11230536_11140605,11230536,용신동,11140605,을지로동,23,9437.61,1045092.62,0.00903041,0.52102234,838023.41,0.01126175,35.51,3460.01,False,26.1,6.1,1500.0,API_선택경로요금,6.4,412.0,0.2452107279693486,0.0,1.0,0.0,2.0,0.0,WALK → BUS → WALK,간선:N30,10.0,,대중교통,TMAP_최종경로,True,True,11230536,11140605
11230536_11680531,11230536,용신동,11680531,논현2동,24,9027.94,1045092.62,0.00863841,0.52966075,838023.41,0.0107729,51.35,6591.95,False,36.0,7.53,1500.0,API_선택경로요금,6.6,487.0,0.1833333333333333,1.0,2.0,0.0,3.0,0.0,WALK → BUS → WALK → BUS → WALK,간선:141 → 지선:3011,10.0,,대중교통,TMAP_최종경로,True,True,11230536,11680531
11230536_11110710,11230536,용신동,11110710,숭인2동,25,9007.41,1045092.62,0.00861877,0.53827952,838023.41,0.0107484,19.0,952.96,False,12.9,2.16,1500.0,API_선택경로요금,7.0,467.0,0.5426356589147286,0.0,1.0,0.0,2.0,0.0,WALK → BUS → WALK,간선:370,10.0,,대중교통,TMAP_최종경로,True,True,11230536,11110710
11230536_11680545,11230536,용신동,11680545,압구정동,26,8995.39,1045092.62,0.00860727,0.54688678,838023.41,0.01073406,44.09,5622.62,False,31.0,5.53,1500.0,API_선택경로요금,8.2,584.0,0.264516129032258,0.0,1.0,0.0,2.0,0.0,WALK → BUS → WALK,간선:141,10.0,,대중교통,TMAP_최종경로,True,True,11230536,11680545
11230536_11230705,11230536,용신동,11230705,청량리동,27,8863.93,1045092.62,0.00848148,0.55536826,838023.41,0.01057719,24.9,1580.99,False,14.3,1.41,1500.0,API_선택경로요금,8.2,593.0,0.5734265734265733,0.0,1.0,0.0,2.0,0.0,WALK → BUS → WALK,간선:720,10.0,,대중교통,TMAP_최종경로,True,True,11230536,11230705
11230536_11200660,11230536,용신동,11200660,성수1가2동,28,8649.65,1045092.62,0.00827644,0.5636447,838023.41,0.01032149,32.23,3270.6,False,15.4,3.73,1500.0,API_선택경로요금,3.2,227.0,0.2077922077922078,1.0,2.0,0.0,3.0,0.0,WALK → BUS → WALK → BUS → WALK,지선:2222 → 지선:2014,10.0,,대중교통,TMAP_최종경로,True,True,11230536,11200660
11230536_11680610,11230536,용신동,11680610,대치2동,29,8444.98,1045092.62,0.0080806,0.57172531,838023.41,0.01007726,52.09,8014.58,False,40.6,10.1,1500.0,API_선택경로요금,7.1,536.0,0.1748768472906403,2.0,3.0,0.0,4.0,0.0,WALK → BUS → WALK → BUS → WALK → BUS → WALK,간선:148 → 간선:145 → 지선:4318,10.0,,대중교통,TMAP_최종경로,True,True,11230536,11680610
11230536_11680630,11230536,용신동,11680630,대치4동,30,8359.92,1045092.62,0.00799921,0.57972452,838023.41,0.00997576,50.4,8017.58,False,47.1,10.48,1600.0,API_선택경로요금,6.9,534.0,0.1464968152866242,1.0,2.0,0.0,3.0,0.0,WALK → BUS → WALK → BUS → WALK,간선:141 → 지선:3011,10.0,,대중교통,TMAP_최종경로,True,True,11230536,11680630
11230536_11410565,11230536,용신동,11410565,충현동,31,8349.21,1045092.62,0.00798897,0.58771349,838023.41,0.00996298,41.9,6391.65,False,39.3,9.28,1500.0,API_선택경로요금,9.3,606.0,0.2366412213740458,1.0,2.0,0.0,3.0,0.0,WALK → BUS → WALK → BUS → WALK,간선:721 → 마을:서대문05,10.0,,대중교통,TMAP_최종경로,True,True,11230536,11410565
11230536_11200540,11230536,용신동,11200540,마장동,32,8223.69,1045092.62,0.00786886,0.59558235,838023.41,0.0098132,20.95,924.72,False,15.7,1.53,1550.0,API_선택경로요금,13.7,897.0,0.8726114649681529,0.0,0.0,1.0,2.0,0.0,WALK → SUBWAY → WALK,수도권2호선,10.0,,대중교통,TMAP_최종경로,True,True,11230536,11200540
11230536_11140570,11230536,용신동,11140570,필동,33,7634.19,1045092.62,0.0073048,0.60288715,838023.41,0.00910976,39.66,4031.0,False,25.9,5.59,1500.0,API_선택경로요금,7.5,463.0,0.2895752895752896,0.0,1.0,0.0,2.0,0.0,WALK → BUS → WALK,간선:421,10.0,,대중교통,TMAP_최종경로,True,True,11230536,11140570
11230536_11680510,11230536,용신동,11680510,신사동,34,7297.47,1045092.62,0.00698261,0.60986975,838023.41,0.00870795,48.41,6135.81,False,36.5,6.71,1500.0,API_선택경로요금,4.7,312.0,0.1287671232876712,1.0,2.0,0.0,3.0,0.0,WALK → BUS → WALK → BUS → WALK,간선:148 → 간선:143,10.0,,대중교통,TMAP_최종경로,True,True,11230536,11680510
11230536_11200790,11230536,용신동,11200790,용답동,35,7162.93,1045092.62,0.00685387,0.61672363,838023.41,0.00854741,19.83,2423.19,False,12.2,2.46,1500.0,API_선택경로요금,7.8,556.0,0.639344262295082,0.0,1.0,0.0,2.0,0.0,WALK → BUS → WALK,간선:130,10.0,,대중교통,TMAP_최종경로,True,True,11230536,11200790
11230536_11110640,11230536,용신동,11110640,이화동,36,7156.29,1045092.62,0.00684752,0.62357114,838023.41,0.00853949,33.86,2716.22,False,19.5,3.9,1500.0,API_선택경로요금,7.7,515.0,0.3948717948717948,0.0,1.0,0.0,2.0,0.0,WALK → BUS → WALK,지선:2112,10.0,,대중교통,TMAP_최종경로,True,True,11230536,11110640
11230536_11680650,11230536,용신동,11680650,역삼2동,37,6716.86,1045092.62,0.00642705,0.62999819,838023.41,0.00801512,53.75,8487.26,False,42.8,9.36,1500.0,API_선택경로요금,4.9,331.0,0.1144859813084112,0.0,1.0,0.0,2.0,0.0,WALK → BUS → WALK,간선:141,10.0,,대중교통,TMAP_최종경로,True,True,11230536,11680650
11230536_11710710,11230536,용신동,11710710,잠실6동,38,6701.82,1045092.62,0.00641266,0.63641085,838023.41,0.00799718,51.15,9182.76,False,27.9,10.3,1550.0,API_선택경로요금,12.6,824.0,0.4516129032258064,1.0,0.0,2.0,3.0,0.0,WALK → SUBWAY → WALK → SUBWAY → WALK,수도권2호선 → 수도권2호선,10.0,,대중교통,TMAP_최종경로,True,True,11230536,11710710
11230536_11215870,11230536,용신동,11215870,구의3동,39,6449.52,1045092.62,0.00617124,0.64258209,838023.41,0.00769611,32.54,6815.61,False,31.9,8.55,1500.0,API_선택경로요금,6.0,381.0,0.1880877742946708,1.0,2.0,0.0,3.0,0.0,WALK → BUS → WALK → BUS → WALK,간선:130 → 마을:광진04,10.0,,대중교통,TMAP_최종경로,True,True,11230536,11215870
11230536_11680521,11230536,용신동,11680521,논현1동,40,6406.03,1045092.62,0.00612963,0.64871172,838023.41,0.00764421,51.6,6960.46,False,36.7,10.19,1500.0,API_선택경로요금,7.3,553.0,0.1989100817438691,1.0,2.0,0.0,3.0,0.0,WALK → BUS → WALK → BUS → WALK,간선:110A고려대 → 간선:241,10.0,,대중교통,TMAP_최종경로,True,True,11230536,11680521
11230536_11170685,11230536,용신동,11170685,한남동,41,6396.24,1045092.62,0.00612026,0.65483198,838023.41,0.00763253,44.3,5128.62,False,36.3,7.13,1500.0,API_선택경로요금,14.3,1123.0,0.393939393939394,0.0,1.0,0.0,2.0,0.0,WALK → BUS → WALK,간선:110A고려대,10.0,,대중교통,TMAP_최종경로,True,True,11230536,11170685
11230536_11440660,11230536,용신동,11440660,서교동,42,6385.09,1045092.62,0.00610959,0.66094157,838023.41,0.00761923,50.46,10172.15,False,49.0,12.6,1600.0,API_선택경로요금,7.8,493.0,0.1591836734693877,1.0,2.0,0.0,3.0,0.0,WALK → BUS → WALK → BUS → WALK,간선:721 → 지선:6713,10.0,,대중교통,TMAP_최종경로,True,True,11230536,11440660
11230536_11650520,11230536,용신동,11650520,서초2동,43,5962.14,1045092.62,0.00570489,0.66664646,838023.41,0.00711453,59.87,9371.11,False,50.1,11.58,1600.0,API_선택경로요금,6.0,401.0,0.1197604790419161,1.0,2.0,0.0,3.0,0.0,WALK → BUS → WALK → BUS → WALK,간선:110A고려대 → 간선:145,10.0,,대중교통,TMAP_최종경로,True,True,11230536,11650520
11230536_11710642,11230536,용신동,11710642,문정2동,44,5959.47,1045092.62,0.00570234,0.6723488,838023.41,0.00711134,58.84,12651.19,False,56.1,14.09,1600.0,API_선택경로요금,9.3,574.0,0.1657754010695187,1.0,2.0,0.0,3.0,0.0,WALK → BUS → WALK → BUS → WALK,간선:303 → 지선:3413,10.0,,대중교통,TMAP_최종경로,True,True,11230536,11710642
11230536_11230660,11230536,용신동,11230660,장안2동,45,5786.26,1045092.62,0.0055366,0.6778854,838023.41,0.00690465,29.65,3355.88,False,17.2,4.06,1500.0,API_선택경로요금,3.3,190.0,0.191860465116279,1.0,2.0,0.0,3.0,0.0,WALK → BUS → WALK → BUS → WALK,지선:1227 → 지선:2230,10.0,,대중교통,TMAP_최종경로,True,True,11230536,11230660
11230536_11560535,11230536,용신동,11560535,영등포동,46,5782.78,1045092.62,0.00553327,0.68341867,838023.41,0.0069005,59.9,12389.0,False,49.1,15.55,1750.0,API_선택경로요금,10.5,732.0,0.2138492871690427,1.0,1.0,1.0,3.0,0.0,WALK → BUS → WALK → SUBWAY → WALK,간선:721 → 수도권5호선,10.0,,대중교통,TMAP_최종경로,True,True,11230536,11560535
11230536_11545510,11230536,용신동,11545510,가산동,47,5739.92,1045092.62,0.00549226,0.68891093,838023.41,0.00684936,75.73,17271.41,False,59.1,23.15,1850.0,API_선택경로요금,10.3,737.0,0.1742808798646362,1.0,1.0,1.0,3.0,0.0,WALK → SUBWAY → WALK → BUS → WALK,수도권1호선 → 지선:5616,10.0,,대중교통,TMAP_최종경로,True,True,11230536,11545510
11230536_11110670,11230536,용신동,11110670,창신1동,48,5691.6,1045092.62,0.00544602,0.69435696,838023.41,0.0067917,31.55,1753.7,False,15.1,2.81,1500.0,API_선택경로요금,6.8,459.0,0.4503311258278146,1.0,2.0,0.0,3.0,0.0,WALK → BUS → WALK → BUS → WALK,간선:421 → 간선:173,10.0,,대중교통,TMAP_최종경로,True,True,11230536,11110670
11230536_11680655,11230536,용신동,11680655,도곡1동,49,5646.73,1045092.62,0.00540309,0.69976005,838023.41,0.00673815,56.28,10005.31,False,50.2,10.64,1600.0,API_선택경로요금,6.7,462.0,0.1334661354581673,1.0,2.0,0.0,3.0,0.0,WALK → BUS → WALK → BUS → WALK,간선:141 → 마을:강남07,10.0,,대중교통,TMAP_최종경로,True,True,11230536,11680655
11230536_11290610,11230536,용신동,11290610,보문동,50,5609.96,1045092.62,0.00536791,0.70512795,838023.41,0.00669428,23.33,1163.36,False,10.7,2.32,1500.0,API_선택경로요금,4.3,277.0,0.4018691588785046,1.0,2.0,0.0,3.0,0.0,WALK → BUS → WALK → BUS → WALK,간선:421 → 간선:272,9.0,,대중교통,TMAP_최종경로,True,True,11230536,11290610
11230536_11680565,11230536,용신동,11680565,청담동,51,5540.51,1045092.62,0.00530145,0.71042941,838023.41,0.0066114,43.99,6021.08,False,30.1,8.52,1500.0,API_선택경로요금,6.4,490.0,0.2126245847176079,1.0,2.0,0.0,3.0,0.0,WALK → BUS → WALK → BUS → WALK,지선:2222 → 간선:242,10.0,,대중교통,TMAP_최종경로,True,True,11230536,11680565
11230536_11170530,11230536,용신동,11170530,남영동,52,4385.89,1045092.62,0.00419665,0.71462606,838023.41,0.00523361,42.57,6375.9,False,44.5,9.7,1500.0,API_선택경로요금,6.1,386.0,0.1370786516853932,1.0,2.0,0.0,3.0,0.0,WALK → BUS → WALK → BUS → WALK,간선:421 → 간선:202,10.0,,대중교통,TMAP_최종경로,True,True,11230536,11170530
11230536_11290705,11230536,용신동,11290705,종암동,53,4371.83,1045092.62,0.0041832,0.71880926,838023.41,0.00521684,22.04,2387.96,False,13.6,2.77,1500.0,API_선택경로요금,4.2,259.0,0.3088235294117647,0.0,1.0,0.0,2.0,0.0,WALK → BUS → WALK,간선:110B국민대,10.0,,대중교통,TMAP_최종경로,True,True,11230536,11290705
11230536_11530540,11230536,용신동,11530540,구로3동,54,4365.45,1045092.62,0.00417709,0.72298635,838023.41,0.00520922,73.23,15630.88,False,65.7,28.41,1950.0,API_선택경로요금,14.1,924.0,0.2146118721461187,1.0,1.0,1.0,3.0,0.0,WALK → BUS → WALK → SUBWAY → WALK,간선:721 → 수도권7호선,10.0,,대중교통,TMAP_최종경로,True,True,11230536,11530540
11230536_11200650,11230536,용신동,11200650,성수1가1동,55,4359.94,1045092.62,0.00417182,0.72715817,838023.41,0.00520265,37.61,3823.01,False,21.3,4.56,1500.0,API_선택경로요금,6.7,450.0,0.3145539906103286,2.0,3.0,0.0,4.0,0.0,WALK → BUS → WALK → BUS → WALK → BUS → WALK,지선:2222 → 지선:2016 → 지선:2413,10.0,,대중교통,TMAP_최종경로,True,True,11230536,11200650
11230536_11230710,11230536,용신동,11230710,회기동,56,4351.51,1045092.62,0.00416376,0.73132193,838023.41,0.00519259,32.41,2466.23,False,16.4,2.71,1500.0,API_선택경로요금,7.6,504.0,0.4634146341463415,1.0,2.0,0.0,3.0,0.0,WALK → BUS → WALK → BUS → WALK,지선:1227 → 간선:120,10.0,,대중교통,TMAP_최종경로,True,True,11230536,11230710
11230536_11650651,11230536,용신동,11650651,양재1동,57,4281.74,1045092.62,0.004097,0.73541892,838023.41,0.00510933,58.54,11172.65,False,66.2,13.77,1600.0,API_선택경로요금,6.2,464.0,0.093655589123867,1.0,2.0,0.0,3.0,0.0,WALK → BUS → WALK → BUS → WALK,간선:141 → 지선:4435,10.0,,대중교통,TMAP_최종경로,True,True,11230536,11650651
11230536_11140665,11230536,용신동,11140665,동화동,58,4266.75,1045092.62,0.00408265,0.73950158,838023.41,0.00509144,24.84,1916.11,False,24.5,5.35,1500.0,API_선택경로요금,7.2,534.0,0.2938775510204082,1.0,2.0,0.0,3.0,0.0,WALK → BUS → WALK → BUS → WALK,간선:110A고려대 → 지선:7212,10.0,,대중교통,TMAP_최종경로,True,True,11230536,11140665
11230536_11680590,11230536,용신동,11680590,삼성2동,59,4118.19,1045092.62,0.0039405,0.74344208,838023.41,0.00491417,54.32,7236.59,False,29.5,8.27,1500.0,API_선택경로요금,3.7,227.0,0.1254237288135593,2.0,3.0,0.0,4.0,0.0,WALK → BUS → WALK → BUS → WALK → BUS → WALK,간선:148 → 간선:145 → 간선:342,10.0,,대중교통,TMAP_최종경로,True,True,11230536,11680590
11230536_11140650,11230536,용신동,11140650,신당5동,60,4105.86,1045092.62,0.0039287,0.74737078,838023.41,0.00489946,30.37,1707.76,False,17.8,2.84,1500.0,API_선택경로요금,9.0,592.0,0.5056179775280899,0.0,1.0,0.0,2.0,0.0,WALK → BUS → WALK,간선:421,10.0,,대중교통,TMAP_최종경로,True,True,11230536,11140650
11230536_11260590,11230536,용신동,11260590,상봉2동,61,3992.63,1045092.62,0.00382036,0.75119114,838023.41,0.00476434,36.31,4448.75,False,25.9,5.3,1500.0,API_선택경로요금,6.8,440.0,0.2625482625482626,1.0,2.0,0.0,3.0,0.0,WALK → BUS → WALK → BUS → WALK,지선:1227 → 간선:271,10.0,,대중교통,TMAP_최종경로,True,True,11230536,11260590
11230536_11440740,11230536,용신동,11440740,상암동,62,3963.17,1045092.62,0.00379217,0.75498331,838023.41,0.00472919,60.31,12473.73,False,52.1,15.6,1650.0,API_선택경로요금,21.1,1427.0,0.4049904030710173,1.0,0.0,2.0,3.0,0.0,WALK → SUBWAY → WALK → SUBWAY → WALK,수도권1호선 → 경의중앙선,10.0,,대중교통,TMAP_최종경로,True,True,11230536,11440740
11230536_11200520,11230536,용신동,11200520,왕십리2동,63,3935.54,1045092.62,0.00376573,0.75874905,838023.41,0.00469622,24.61,1732.76,False,16.8,1.91,1500.0,API_선택경로요금,11.9,898.0,0.7083333333333334,0.0,1.0,0.0,2.0,0.0,WALK → BUS → WALK,간선:110A고려대,10.0,,대중교통,TMAP_최종경로,True,True,11230536,11200520
11230536_11650531,11230536,용신동,11650531,서초4동,64,3761.15,1045092.62,0.00359887,0.76234792,838023.41,0.00448812,60.13,8451.13,False,47.6,9.59,1500.0,API_선택경로요금,6.6,458.0,0.1386554621848739,1.0,2.0,0.0,3.0,0.0,WALK → BUS → WALK → BUS → WALK,간선:148 → 지선:4312,10.0,,대중교통,TMAP_최종경로,True,True,11230536,11650531
11230536_11140670,11230536,용신동,11140670,황학동,65,3678.3,1045092.62,0.00351959,0.76586751,838023.41,0.00438926,26.65,1376.55,False,18.2,2.65,1500.0,API_선택경로요금,10.5,739.0,0.576923076923077,0.0,1.0,0.0,2.0,0.0,WALK → BUS → WALK,간선:421,10.0,,대중교통,TMAP_최종경로,True,True,11230536,11140670
11230536_11140580,11230536,용신동,11140580,장충동,66,3631.63,1045092.62,0.00347494,0.76934244,838023.41,0.00433357,36.61,3126.76,False,25.1,4.57,1500.0,API_선택경로요금,10.1,672.0,0.4023904382470119,0.0,1.0,0.0,2.0,0.0,WALK → BUS → WALK,간선:421,10.0,,대중교통,TMAP_최종경로,True,True,11230536,11140580
11230536_11230610,11230536,용신동,11230610,답십리2동,67,3582.88,1045092.62,0.00342829,0.77277073,838023.41,0.00427539,25.22,2478.3,False,17.6,3.29,1500.0,API_선택경로요금,9.6,599.0,0.5454545454545454,0.0,1.0,0.0,2.0,0.0,WALK → BUS → WALK,간선:145,10.0,,대중교통,TMAP_최종경로,True,True,11230536,11230610
11230536_11110600,11230536,용신동,11110600,가회동,68,3539.09,1045092.62,0.00338639,0.77615712,838023.41,0.00422314,39.0,4200.39,False,31.2,6.39,1550.0,API_선택경로요금,11.9,776.0,0.3814102564102564,1.0,1.0,1.0,3.0,0.0,WALK → SUBWAY → WALK → BUS → WALK,수도권1호선 → 마을:종로02,10.0,,대중교통,TMAP_최종경로,True,True,11230536,11110600
11230536_11290555,11230536,용신동,11290555,삼선동,69,3522.27,1045092.62,0.00337029,0.77952742,838023.41,0.00420307,26.54,2112.16,False,15.5,3.67,1500.0,API_선택경로요금,3.2,187.0,0.2064516129032258,1.0,2.0,0.0,3.0,0.0,WALK → BUS → WALK → BUS → WALK,간선:421 → 간선:272,10.0,,대중교통,TMAP_최종경로,True,True,11230536,11290555
11230536_11215840,11230536,용신동,11215840,자양3동,70,3255.55,1045092.62,0.00311508,0.7826425,838023.41,0.0038848,32.0,5640.27,False,31.0,7.83,1500.0,API_선택경로요금,2.9,201.0,0.0935483870967742,0.0,1.0,0.0,2.0,0.0,WALK → BUS → WALK,지선:2222,10.0,,대중교통,TMAP_최종경로,True,True,11230536,11215840
11230536_11200670,11230536,용신동,11200670,성수2가1동,71,3154.71,1045092.62,0.00301859,0.78566109,838023.41,0.00376447,34.43,4418.01,False,22.5,5.31,1500.0,API_선택경로요금,4.4,238.0,0.1955555555555555,2.0,3.0,0.0,4.0,0.0,WALK → BUS → WALK → BUS → WALK → BUS → WALK,지선:2222 → 지선:2016 → 지선:2413,10.0,,대중교통,TMAP_최종경로,True,True,11230536,11200670
11230536_11140625,11230536,용신동,11140625,다산동,72,2985.39,1045092.62,0.00285658,0.78851767,838023.41,0.00356242,35.26,3130.52,False,26.2,5.15,1500.0,API_선택경로요금,7.8,551.0,0.2977099236641221,1.0,2.0,0.0,3.0,0.0,WALK → BUS → WALK → BUS → WALK,간선:421 → 지선:6211,10.0,,대중교통,TMAP_최종경로,True,True,11230536,11140625
11230536_11560605,11230536,용신동,11560605,문래동,73,2933.72,1045092.62,0.00280714,0.79132481,838023.41,0.00350076,58.62,14104.28,False,52.7,17.95,1750.0,API_선택경로요금,13.5,856.0,0.2561669829222011,1.0,1.0,1.0,3.0,0.0,WALK → BUS → WALK → SUBWAY → WALK,간선:421 → 수도권2호선,10.0,,대중교통,TMAP_최종경로,True,True,11230536,11560605
11230536_11215780,11230536,용신동,11215780,능동,74,2821.21,1045092.62,0.00269948,0.79402429,838023.41,0.00336651,34.58,5092.37,False,19.1,5.26,1500.0,API_선택경로요금,7.8,543.0,0.4083769633507853,0.0,1.0,0.0,2.0,0.0,WALK → BUS → WALK,간선:130,10.0,,대중교통,TMAP_최종경로,True,True,11230536,11215780
11230536_11650510,11230536,용신동,11650510,서초1동,75,2802.91,1045092.62,0.00268197,0.79670627,838023.41,0.00334467,60.45,10053.77,False,59.6,12.09,1600.0,API_선택경로요금,2.6,177.0,0.0436241610738255,1.0,2.0,0.0,3.0,0.0,WALK → BUS → WALK → BUS → WALK,간선:148 → 마을:서초03,10.0,,대중교통,TMAP_최종경로,True,True,11230536,11650510
11230536_11410585,11230536,용신동,11410585,신촌동,76,2746.66,1045092.62,0.00262815,0.79933442,838023.41,0.00327755,47.81,8292.69,False,42.3,10.21,1500.0,API_선택경로요금,10.3,658.0,0.2434988179669031,0.0,1.0,0.0,2.0,0.0,WALK → BUS → WALK,간선:721,10.0,,대중교통,TMAP_최종경로,True,True,11230536,11410585
11230536_11110515,11230536,용신동,11110515,청운효자동,77,2644.91,1045092.62,0.00253079,0.80186521,838023.41,0.00315613,55.47,5704.43,False,35.8,9.22,1500.0,API_선택경로요금,9.3,620.0,0.2597765363128492,1.0,2.0,0.0,3.0,0.0,WALK → BUS → WALK → BUS → WALK,간선:272 → 지선:7022,10.0,,대중교통,TMAP_최종경로,True,True,11230536,11110515
11230545_11230536,11230545,제기동,11230536,용신동,3,47187.47,1201337.32,0.03927912,0.20694761,961717.02,0.04906586,21.25,860.7,False,8.1,0.96,1500.0,API_선택경로요금,5.2,348.0,0.6419753086419754,0.0,1.0,0.0,2.0,0.0,WALK → BUS → WALK,간선:120,3.0,,대중교통,TMAP_최종경로,True,True,11230545,11230536
11230560_11230536,11230560,전농1동,11230536,용신동,10,29262.22,1704175.32,0.0171709,0.30631923,1365868.5,0.02142389,27.55,1688.39,False,19.5,2.11,1500.0,API_선택경로요금,11.6,762.0,0.5948717948717949,0.0,1.0,0.0,2.0,0.0,WALK → BUS → WALK,간선:120,10.0,,대중교통,TMAP_최종경로,True,True,11230560,11230536
11230570_11230536,11230570,전농2동,11230536,용신동,16,13220.23,929512.63,0.01422275,0.41884287,743619.72,0.01777821,28.29,2525.03,False,18.7,2.82,1500.0,API_선택경로요금,8.6,595.0,0.4598930481283422,0.0,1.0,0.0,2.0,0.0,WALK → BUS → WALK,지선:2233,10.0,,대중교통,TMAP_최종경로,True,True,11230570,11230536
11230600_11230536,11230600,답십리1동,11230536,용신동,21,18693.78,1579052.19,0.01183861,0.44574275,1266248.53,0.01476312,23.73,1626.71,False,10.9,1.69,1500.0,API_선택경로요금,7.4,491.0,0.6788990825688074,0.0,1.0,0.0,2.0,0.0,WALK → BUS → WALK,지선:1227,5.0,,대중교통,TMAP_최종경로,True,True,11230600,11230536
11230610_11230536,11230610,답십리2동,11230536,용신동,20,16065.29,1419326.5,0.01131895,0.4480436,1138625.03,0.01410938,28.76,2442.84,False,13.6,3.15,1500.0,API_선택경로요금,5.6,381.0,0.4117647058823529,1.0,2.0,0.0,3.0,0.0,WALK → BUS → WALK → BUS → WALK,간선:145 → 간선:130,10.0,,대중교통,TMAP_최종경로,True,True,11230610,11230536
11230650_11230536,11230650,장안1동,11230536,용신동,28,15436.88,1773198.2,0.00870567,0.51867434,1419476.88,0.01087505,25.33,3311.39,False,16.3,4.02,1500.0,API_선택경로요금,7.8,513.0,0.4785276073619631,1.0,2.0,0.0,3.0,0.0,WALK → BUS → WALK → BUS → WALK,지선:2211 → 간선:130,10.0,,대중교통,TMAP_최종경로,True,True,11230650,11230536
11230660_11230536,11230660,장안2동,11230536,용신동,13,20245.94,1716947.77,0.01179182,0.36719503,1375182.17,0.01472237,29.94,3412.46,False,23.1,4.16,1500.0,API_선택경로요금,9.2,611.0,0.3982683982683982,0.0,1.0,0.0,2.0,0.0,WALK → BUS → WALK,간선:N72,10.0,,대중교통,TMAP_최종경로,True,True,11230660,11230536
11230705_11230536,11230705,청량리동,11230536,용신동,6,20817.15,882087.8,0.02359986,0.26351548,706779.23,0.02945354,23.65,1577.85,False,14.1,2.12,1500.0,API_선택경로요금,5.5,367.0,0.3900709219858156,0.0,1.0,0.0,2.0,0.0,WALK → BUS → WALK,간선:120,10.0,,대중교통,TMAP_최종경로,True,True,11230705,11230536
11230710_11230536,11230710,회기동,11230536,용신동,18,4742.41,455396.7,0.0104138,0.4803591,364780.83,0.01300071,27.05,2268.9,False,18.6,3.4,1500.0,API_선택경로요금,5.0,322.0,0.2688172043010752,0.0,1.0,0.0,2.0,0.0,WALK → BUS → WALK,간선:120,10.0,,대중교통,TMAP_최종경로,True,True,11230710,11230536
11230720_11230536,11230720,휘경1동,11230536,용신동,22,9448.62,819169.85,0.01153438,0.45963542,655434.01,0.01441582,27.49,3203.32,False,21.4,3.82,1500.0,API_선택경로요금,10.7,768.0,0.5,0.0,1.0,0.0,2.0,0.0,WALK → BUS → WALK,간선:271,10.0,,대중교통,TMAP_최종경로,True,True,11230720,11230536
11230730_11230536,11230730,휘경2동,11230536,용신동,19,12917.83,1123217.52,0.01150074,0.42407918,900048.65,0.01435237,29.44,3022.27,False,22.2,3.83,1500.0,API_선택경로요금,11.5,804.0,0.5180180180180181,0.0,1.0,0.0,2.0,0.0,WALK → BUS → WALK,간선:271,10.0,,대중교통,TMAP_최종경로,True,True,11230730,11230536
11230740_11230536,11230740,이문1동,11230536,용신동,21,10027.59,961371.14,0.01043051,0.46229535,770154.6,0.01302023,30.93,3488.21,False,17.8,4.0,1550.0,API_선택경로요금,10.8,786.0,0.6067415730337079,0.0,0.0,1.0,2.0,0.0,WALK → SUBWAY → WALK,수도권1호선,10.0,,대중교통,TMAP_최종경로,True,True,11230740,11230536
11230750_11230536,11230750,이문2동,11230536,용신동,18,9588.11,903887.33,0.01060764,0.37328442,723964.64,0.01324389,29.17,4284.31,False,26.7,5.11,1500.0,API_선택경로요금,7.8,562.0,0.2921348314606741,0.0,1.0,0.0,2.0,0.0,WALK → BUS → WALK,간선:120,10.0,,대중교통,TMAP_최종경로,True,True,11230750,11230536
11260520_11230536,11260520,면목2동,11230536,용신동,57,5554.46,1040504.22,0.00533824,0.68012284,832578.61,0.00667139,32.44,4342.5,False,28.4,5.11,1500.0,API_선택경로요금,10.6,707.0,0.3732394366197183,0.0,1.0,0.0,2.0,0.0,WALK → BUS → WALK,간선:271,10.0,,대중교통,TMAP_최종경로,True,True,11260520,11230536
11260540_11230536,11260540,면목4동,11230536,용신동,61,3879.58,820063.51,0.00473083,0.69312329,657988.62,0.00589612,32.79,4521.54,False,24.0,6.03,1500.0,API_선택경로요금,8.2,517.0,0.3416666666666666,1.0,2.0,0.0,3.0,0.0,WALK → BUS → WALK → BUS → WALK,지선:2211 → 간선:130,10.0,,대중교통,TMAP_최종경로,True,True,11260540,11230536
11260550_11230536,11260550,면목5동,11230536,용신동,83,2405.58,714538.73,0.00336662,0.78862478,572748.78,0.00420006,37.39,4296.45,False,21.4,5.04,1500.0,API_선택경로요금,8.1,521.0,0.3785046728971962,1.0,2.0,0.0,3.0,0.0,WALK → BUS → WALK → BUS → WALK,지선:2013 → 지선:2112,10.0,,대중교통,TMAP_최종경로,True,True,11260550,11230536
11260565_11230536,11260565,면목본동,11230536,용신동,66,7532.72,1696848.56,0.00443924,0.70386405,1361367.59,0.0055332,36.93,5272.74,False,33.9,6.47,1500.0,API_선택경로요금,10.4,696.0,0.3067846607669616,0.0,1.0,0.0,2.0,0.0,WALK → BUS → WALK,간선:272,10.0,,대중교통,TMAP_최종경로,True,True,11260565,11230536
11260570_11230536,11260570,면목7동,11230536,용신동,57,5511.36,1036575.49,0.00531689,0.65739289,831004.59,0.00663217,39.18,4899.16,False,29.2,7.85,1500.0,API_선택경로요금,5.3,276.0,0.1815068493150685,1.0,2.0,0.0,3.0,0.0,WALK → BUS → WALK → BUS → WALK,지선:2311 → 간선:130,10.0,,대중교통,TMAP_최종경로,True,True,11260570,11230536
11260575_11230536,11260575,면목3.8동,11230536,용신동,81,4067.08,1243358.69,0.00327104,0.76880622,996837.57,0.00407998,49.4,5575.45,False,26.3,6.63,1500.0,API_선택경로요금,4.4,284.0,0.1673003802281369,1.0,2.0,0.0,3.0,0.0,WALK → BUS → WALK → BUS → WALK,지선:2015 → 간선:130,10.0,,대중교통,TMAP_최종경로,True,True,11260575,11230536
11260580_11230536,11260580,상봉1동,11230536,용신동,71,3898.39,1034408.05,0.00376872,0.72442169,829908.47,0.00469737,35.42,5907.55,False,26.6,6.0,1500.0,API_선택경로요금,8.8,610.0,0.3308270676691729,1.0,2.0,0.0,3.0,0.0,WALK → BUS → WALK → BUS → WALK,지선:2311 → 간선:272,10.0,,대중교통,TMAP_최종경로,True,True,11260580,11230536
11260590_11230536,11260590,상봉2동,11230536,용신동,40,8424.63,1272903.87,0.00661843,0.57757526,1020336.6,0.00825672,33.86,4756.42,False,28.9,5.4,1500.0,API_선택경로요금,9.6,672.0,0.3321799307958477,0.0,1.0,0.0,2.0,0.0,WALK → BUS → WALK,간선:271,10.0,,대중교통,TMAP_최종경로,True,True,11260590,11230536
11260600_11230536,11260600,중화1동,11230536,용신동,38,6614.1,932576.9,0.00709228,0.52960029,747642.74,0.0088466,43.46,5135.21,False,29.7,5.71,1500.0,API_선택경로요금,10.7,724.0,0.3602693602693602,0.0,1.0,0.0,2.0,0.0,WALK → BUS → WALK,지선:2115,10.0,,대중교통,TMAP_최종경로,True,True,11260600,11230536
11260610_11230536,11260610,중화2동,11230536,용신동,42,8236.65,1148321.58,0.00717277,0.56526866,920421.95,0.00894878,38.41,4476.79,False,26.6,5.38,1500.0,API_선택경로요금,9.1,637.0,0.3421052631578947,0.0,1.0,0.0,2.0,0.0,WALK → BUS → WALK,지선:2115,10.0,,대중교통,TMAP_최종경로,True,True,11260610,11230536
11260620_11230536,11260620,묵1동,11230536,용신동,68,6589.19,1600467.21,0.00411704,0.69573179,1281191.53,0.00514302,42.97,6126.72,False,32.0,6.82,1500.0,API_선택경로요금,11.1,755.0,0.346875,0.0,1.0,0.0,2.0,0.0,WALK → BUS → WALK,간선:202,10.0,,대중교통,TMAP_최종경로,True,True,11260620,11230536
11260655_11230536,11260655,망우본동,11230536,용신동,55,8122.66,1706881.98,0.00475877,0.66399829,1369781.03,0.0059299,43.2,6827.19,False,32.2,6.87,1500.0,API_선택경로요금,10.8,692.0,0.3354037267080745,0.0,1.0,0.0,2.0,0.0,WALK → BUS → WALK,간선:260,10.0,,대중교통,TMAP_최종경로,True,True,11260655,11230536
11260660_11230536,11260660,망우3동,11230536,용신동,54,3526.94,650329.42,0.00542331,0.686124,520434.07,0.00677692,41.45,6093.42,False,32.2,10.15,1500.0,API_선택경로요금,6.3,390.0,0.1956521739130434,1.0,2.0,0.0,3.0,0.0,WALK → BUS → WALK → BUS → WALK,지선:2012 → 간선:130,10.0,,대중교통,TMAP_최종경로,True,True,11260660,11230536
11260680_11230536,11260680,신내1동,11230536,용신동,46,8416.07,1660775.95,0.00506755,0.61672352,1329369.23,0.00633087,45.94,7167.5,False,33.0,7.46,1500.0,API_선택경로요금,10.4,728.0,0.3151515151515152,0.0,1.0,0.0,2.0,0.0,WALK → BUS → WALK,간선:260,10.0,,대중교통,TMAP_최종경로,True,True,11260680,11230536
11260690_11230536,11260690,신내2동,11230536,용신동,75,3147.28,909497.94,0.00346046,0.72156314,728373.94,0.00432097,41.82,6901.55,False,32.5,7.03,1500.0,API_선택경로요금,8.9,582.0,0.2738461538461538,0.0,1.0,0.0,2.0,0.0,WALK → BUS → WALK,지선:2115,10.0,,대중교통,TMAP_최종경로,True,True,11260690,11230536
11290525_11230536,11290525,성북동,11230536,용신동,43,4412.25,822262.2,0.00536599,0.6449739,658518.37,0.00670027,40.01,3315.66,False,27.5,5.69,1500.0,API_선택경로요금,6.2,399.0,0.2254545454545454,0.0,1.0,0.0,2.0,0.0,WALK → BUS → WALK,지선:2112,10.0,,대중교통,TMAP_최종경로,True,True,11290525,11230536
11290555_11230536,11290555,삼선동,11230536,용신동,38,6893.76,1178271.29,0.00585074,0.60516659,944388.21,0.00729971,27.85,1971.07,False,15.6,3.69,1500.0,API_선택경로요금,3.5,213.0,0.2243589743589743,1.0,2.0,0.0,3.0,0.0,WALK → BUS → WALK → BUS → WALK,간선:272 → 간선:421,10.0,,대중교통,TMAP_최종경로,True,True,11290555,11230536
11290575_11230536,11290575,동선동,11230536,용신동,38,5325.08,946675.59,0.00562503,0.60362443,759202.99,0.00701404,29.68,2342.69,False,21.4,5.64,1500.0,API_선택경로요금,6.7,473.0,0.3130841121495327,1.0,2.0,0.0,3.0,0.0,WALK → BUS → WALK → BUS → WALK,간선:152 → 간선:110A고려대,10.0,,대중교통,TMAP_최종경로,True,True,11290575,11230536
11290580_11230536,11290580,돈암1동,11230536,용신동,60,3188.72,742576.26,0.00429413,0.70669029,594923.08,0.00535989,33.0,2625.7,False,14.0,3.92,1500.0,API_선택경로요금,2.9,197.0,0.2071428571428571,0.0,1.0,0.0,2.0,0.0,WALK → BUS → WALK,간선:110A고려대,10.0,,대중교통,TMAP_최종경로,True,True,11290580,11230536
11290590_11230536,11290590,돈암2동,11230536,용신동,63,2615.79,646699.68,0.00404483,0.73070964,517805.1,0.00505169,37.5,2849.43,False,23.9,5.17,1500.0,API_선택경로요금,4.5,296.0,0.1882845188284519,2.0,3.0,0.0,4.0,0.0,WALK → BUS → WALK → BUS → WALK → BUS → WALK,마을:성북22 → 간선:272 → 간선:421,10.0,,대중교통,TMAP_최종경로,True,True,11290590,11230536
11290600_11230536,11290600,안암동,11230536,용신동,8,13380.08,683703.66,0.01957,0.29764141,547468.06,0.02443993,20.3,1150.37,False,12.6,2.85,1500.0,API_선택경로요금,3.0,212.0,0.2380952380952381,1.0,2.0,0.0,3.0,0.0,WALK → BUS → WALK → BUS → WALK,지선:2115 → 간선:110A고려대,10.0,,대중교통,TMAP_최종경로,True,True,11290600,11230536
11290610_11230536,11290610,보문동,11230536,용신동,7,19420.07,884821.19,0.02194802,0.25267208,709785.61,0.02736047,19.4,1161.56,False,12.2,2.41,1500.0,API_선택경로요금,4.3,271.0,0.3524590163934426,1.0,2.0,0.0,3.0,0.0,WALK → BUS → WALK → BUS → WALK,간선:272 → 간선:421,10.0,,대중교통,TMAP_최종경로,True,True,11290610,11230536
11290620_11230536,11290620,정릉1동,11230536,용신동,71,2416.75,705576.36,0.00342521,0.74193162,564574.73,0.00428066,34.82,3072.88,False,19.0,4.88,1500.0,API_선택경로요금,6.5,478.0,0.3421052631578947,0.0,1.0,0.0,2.0,0.0,WALK → BUS → WALK,간선:110A고려대,10.0,,대중교통,TMAP_최종경로,True,True,11290620,11230536
11290630_11230536,11290630,정릉2동,11230536,용신동,44,6450.95,1161386.62,0.00555452,0.61652004,929899.86,0.00693725,35.72,3649.5,False,19.3,5.52,1500.0,API_선택경로요금,4.6,301.0,0.238341968911917,0.0,1.0,0.0,2.0,0.0,WALK → BUS → WALK,간선:110A고려대,10.0,,대중교통,TMAP_최종경로,True,True,11290630,11230536
11290640_11230536,11290640,정릉3동,11230536,용신동,71,1439.78,421963.41,0.0034121,0.77061215,338708.06,0.0042508,31.71,4669.02,False,20.6,6.31,1500.0,API_선택경로요금,3.4,233.0,0.1650485436893203,1.0,2.0,0.0,3.0,0.0,WALK → BUS → WALK → BUS → WALK,지선:1114 → 간선:110A고려대,10.0,,대중교통,TMAP_최종경로,True,True,11290640,11230536
11290650_11230536,11290650,정릉4동,11230536,용신동,38,6753.9,1110424.1,0.00608227,0.58750258,888914.55,0.00759792,39.4,4889.14,False,25.6,6.56,1500.0,API_선택경로요금,5.5,376.0,0.21484375,0.0,1.0,0.0,2.0,0.0,WALK → BUS → WALK,간선:110A고려대,10.0,,대중교통,TMAP_최종경로,True,True,11290650,11230536
11290660_11230536,11290660,길음1동,11230536,용신동,67,7167.34,1852255.6,0.00386952,0.71888446,1483687.23,0.00483076,39.13,3792.6,False,27.5,5.78,1500.0,API_선택경로요금,7.9,556.0,0.2872727272727273,1.0,2.0,0.0,3.0,0.0,WALK → BUS → WALK → BUS → WALK,마을:성북09 → 간선:141,10.0,,대중교통,TMAP_최종경로,True,True,11290660,11230536
11290685_11230536,11290685,길음2동,11230536,용신동,52,6152.99,1176199.7,0.00523125,0.64552683,942713.12,0.0065269,35.44,3550.85,False,19.7,4.21,1500.0,API_선택경로요금,8.6,587.0,0.4365482233502538,0.0,1.0,0.0,2.0,0.0,WALK → BUS → WALK,간선:110A고려대,10.0,,대중교통,TMAP_최종경로,True,True,11290685,11230536
11290705_11230536,11290705,종암동,11230536,용신동,17,20039.66,1923527.3,0.01041818,0.41180065,1541509.52,0.01300002,28.13,2522.46,False,13.0,2.89,1500.0,API_선택경로요금,4.7,303.0,0.3615384615384615,0.0,1.0,0.0,2.0,0.0,WALK → BUS → WALK,간선:110A고려대,10.0,,대중교통,TMAP_최종경로,True,True,11290705,11230536
11290715_11230536,11290715,월곡1동,11230536,용신동,33,8354.5,1164058.74,0.00717704,0.52468299,933727.46,0.00894747,38.27,3591.9,False,21.8,4.8,1500.0,API_선택경로요금,5.0,333.0,0.2293577981651376,1.0,2.0,0.0,3.0,0.0,WALK → BUS → WALK → BUS → WALK,지선:1017 → 간선:110A고려대,10.0,,대중교통,TMAP_최종경로,True,True,11290715,11230536
11290725_11230536,11290725,월곡2동,11230536,용신동,24,9832.34,1056319.64,0.00930811,0.46873551,845151.67,0.01163382,39.75,3284.88,False,19.1,4.84,1500.0,API_선택경로요금,5.3,321.0,0.2774869109947643,1.0,2.0,0.0,3.0,0.0,WALK → BUS → WALK → BUS → WALK,지선:1111 → 간선:110A고려대,10.0,,대중교통,TMAP_최종경로,True,True,11290725,11230536
11290760_11230536,11290760,장위1동,11230536,용신동,33,7763.93,1098259.12,0.00706931,0.50431266,881252.41,0.00881011,44.24,4730.45,False,27.0,5.81,1500.0,API_선택경로요금,2.6,176.0,0.0962962962962963,1.0,2.0,0.0,3.0,0.0,WALK → BUS → WALK → BUS → WALK,지선:1017 → 간선:110A고려대,10.0,,대중교통,TMAP_최종경로,True,True,11290760,11230536
11290770_11230536,11290770,장위2동,11230536,용신동,70,2857.51,710239.8,0.0040233,0.68399049,568982.83,0.00502214,41.42,4467.74,False,20.2,5.46,1500.0,API_선택경로요금,5.2,389.0,0.2574257425742574,1.0,2.0,0.0,3.0,0.0,WALK → BUS → WALK → BUS → WALK,지선:1111 → 간선:110A고려대,10.0,,대중교통,TMAP_최종경로,True,True,11290770,11230536
11290780_11230536,11290780,장위3동,11230536,용신동,53,3047.63,595355.49,0.00511901,0.60494235,476484.53,0.00639607,47.3,5148.29,False,26.8,6.6,1500.0,API_선택경로요금,5.5,297.0,0.2052238805970149,2.0,3.0,0.0,4.0,0.0,WALK → BUS → WALK → BUS → WALK → BUS → WALK,마을:성북12 → 지선:1111 → 간선:110A고려대,10.0,,대중교통,TMAP_최종경로,True,True,11290780,11230536
11290810_11230536,11290810,석관동,11230536,용신동,31,12059.15,1621463.98,0.0074372,0.48504951,1299644.31,0.00927881,37.4,4541.79,False,31.5,5.66,1500.0,API_선택경로요금,9.6,645.0,0.3047619047619047,0.0,1.0,0.0,2.0,0.0,WALK → BUS → WALK,간선:N13,10.0,,대중교통,TMAP_최종경로,True,True,11290810,11230536
11305534_11230536,11305534,삼양동,11230536,용신동,47,6993.88,1235894.1,0.00565896,0.63910332,990406.85,0.00706162,42.28,5537.77,False,29.6,6.36,1500.0,API_선택경로요금,7.7,476.0,0.2601351351351351,1.0,2.0,0.0,3.0,0.0,WALK → BUS → WALK → BUS → WALK,간선:144 → 간선:141,10.0,,대중교통,TMAP_최종경로,True,True,11305534,11230536
11305535_11230536,11305535,미아동,11230536,용신동,56,4281.63,877216.86,0.00488093,0.66510648,703305.01,0.00608787,39.8,5849.45,False,26.2,6.01,1500.0,API_선택경로요금,7.5,497.0,0.2862595419847328,0.0,1.0,0.0,2.0,0.0,WALK → BUS → WALK,간선:141,10.0,,대중교통,TMAP_최종경로,True,True,11305535,11230536
11305545_11230536,11305545,송중동,11230536,용신동,26,13300.94,1462241.49,0.00909627,0.47558792,1172035.63,0.01134858,39.58,4746.83,False,29.6,4.93,1500.0,API_선택경로요금,14.1,872.0,0.4763513513513513,0.0,1.0,0.0,2.0,0.0,WALK → BUS → WALK,간선:141,10.0,,대중교통,TMAP_최종경로,True,True,11305545,11230536
11305555_11230536,11305555,송천동,11230536,용신동,35,8696.27,1176049.76,0.00739447,0.55394391,943888.02,0.00921324,39.09,4749.23,False,24.6,5.83,1500.0,API_선택경로요금,5.2,390.0,0.2113821138211382,1.0,2.0,0.0,3.0,0.0,WALK → BUS → WALK → BUS → WALK,지선:1165 → 간선:141,10.0,,대중교통,TMAP_최종경로,True,True,11305555,11230536
11305575_11230536,11305575,삼각산동,11230536,용신동,35,9444.65,1396324.19,0.00676394,0.55605891,1118575.42,0.00844346,40.87,4769.82,False,28.2,6.41,1500.0,API_선택경로요금,5.8,382.0,0.2056737588652482,1.0,2.0,0.0,3.0,0.0,WALK → BUS → WALK → BUS → WALK,마을:강북12 → 간선:141,10.0,,대중교통,TMAP_최종경로,True,True,11305575,11230536
11305595_11230536,11305595,번1동,11230536,용신동,63,3511.69,819137.56,0.00428706,0.7151841,657171.68,0.00534364,43.55,6910.87,False,31.7,7.66,1500.0,API_선택경로요금,8.4,600.0,0.2649842271293375,0.0,1.0,0.0,2.0,0.0,WALK → BUS → WALK,간선:141,10.0,,대중교통,TMAP_최종경로,True,True,11305595,11230536
11305603_11230536,11305603,번2동,11230536,용신동,31,5542.87,708417.65,0.0078243,0.51606569,567263.79,0.00977124,48.05,6014.28,False,30.2,7.41,1500.0,API_선택경로요금,5.4,346.0,0.1788079470198675,1.0,2.0,0.0,3.0,0.0,WALK → BUS → WALK → BUS → WALK,지선:1124 → 간선:141,10.0,,대중교통,TMAP_최종경로,True,True,11305603,11230536
11305608_11230536,11305608,번3동,11230536,용신동,42,4260.45,670530.37,0.00635385,0.51830517,537004.48,0.00793373,51.0,5739.74,False,29.4,6.54,1500.0,API_선택경로요금,8.6,677.0,0.2925170068027211,1.0,2.0,0.0,3.0,0.0,WALK → BUS → WALK → BUS → WALK,간선:111 → 간선:141,10.0,,대중교통,TMAP_최종경로,True,True,11305608,11230536
11305615_11230536,11305615,수유1동,11230536,용신동,51,4550.6,861006.91,0.00528521,0.66135511,690329.37,0.00659193,41.27,6253.49,False,28.3,7.73,1500.0,API_선택경로요금,3.1,218.0,0.1095406360424028,2.0,3.0,0.0,4.0,0.0,WALK → BUS → WALK → BUS → WALK → BUS → WALK,마을:강북03 → 간선:151 → 간선:141,10.0,,대중교통,TMAP_최종경로,True,True,11305615,11230536
11305625_11230536,11305625,수유2동,11230536,용신동,43,5828.33,988172.67,0.00589809,0.59970741,792592.12,0.0073535,45.85,7675.65,False,36.5,9.05,1500.0,API_선택경로요금,6.0,374.0,0.1643835616438356,1.0,2.0,0.0,3.0,0.0,WALK → BUS → WALK → BUS → WALK,지선:1126 → 간선:141,10.0,,대중교통,TMAP_최종경로,True,True,11305625,11230536
11305635_11230536,11305635,수유3동,11230536,용신동,62,4989.24,1063147.93,0.00469289,0.68761006,851154.79,0.00586173,44.47,7100.97,False,28.5,7.36,1500.0,API_선택경로요금,6.3,488.0,0.2210526315789473,0.0,1.0,0.0,2.0,0.0,WALK → BUS → WALK,간선:141,10.0,,대중교통,TMAP_최종경로,True,True,11305635,11230536
11305645_11230536,11305645,우이동,11230536,용신동,25,7656.57,894637.07,0.0085583,0.47280816,715795.29,0.01069659,44.28,8572.79,False,35.0,9.29,1500.0,API_선택경로요금,4.9,329.0,0.14,1.0,2.0,0.0,3.0,0.0,WALK → BUS → WALK → BUS → WALK,지선:1165 → 간선:141,10.0,,대중교통,TMAP_최종경로,True,True,11305645,11230536
11305660_11230536,11305660,인수동,11230536,용신동,41,7856.32,1298157.22,0.0060519,0.60657183,1041281.08,0.00754486,41.14,6983.57,False,38.8,10.07,1500.0,API_선택경로요금,4.8,319.0,0.1237113402061855,1.0,2.0,0.0,3.0,0.0,WALK → BUS → WALK → BUS → WALK,지선:1165 → 간선:141,10.0,,대중교통,TMAP_최종경로,True,True,11305660,11230536
11320511_11230536,11320511,창1동,11230536,용신동,61,4907.95,1156885.0,0.00424238,0.64425276,926133.86,0.0052994,51.46,8014.8,False,40.5,10.68,1600.0,API_선택경로요금,4.5,296.0,0.1111111111111111,1.0,2.0,0.0,3.0,0.0,WALK → BUS → WALK → BUS → WALK,지선:1138 → 간선:141,10.0,,대중교통,TMAP_최종경로,True,True,11320511,11230536
11320512_11230536,11320512,창2동,11230536,용신동,49,7380.46,1309955.13,0.00563413,0.61677867,1050659.38,0.0070246,49.61,7500.93,False,34.8,8.61,1500.0,API_선택경로요금,6.1,412.0,0.1752873563218391,1.0,2.0,0.0,3.0,0.0,WALK → BUS → WALK → BUS → WALK,지선:1138 → 간선:141,10.0,,대중교통,TMAP_최종경로,True,True,11320512,11230536
11320513_11230536,11320513,창3동,11230536,용신동,56,2762.56,535138.21,0.00516233,0.65534012,428805.26,0.00644246,49.63,6942.35,False,39.1,8.97,1500.0,API_선택경로요금,10.8,756.0,0.2762148337595908,1.0,2.0,0.0,3.0,0.0,WALK → BUS → WALK → BUS → WALK,간선:102 → 간선:141,10.0,,대중교통,TMAP_최종경로,True,True,11320513,11230536
11320514_11230536,11320514,창4동,11230536,용신동,52,6657.71,1391827.59,0.00478343,0.6277828,1115008.45,0.005971,45.1,8736.34,False,44.0,11.96,1600.0,API_선택경로요금,4.0,253.0,0.0909090909090909,1.0,2.0,0.0,3.0,0.0,WALK → BUS → WALK → BUS → WALK,지선:1138 → 간선:141,10.0,,대중교통,TMAP_최종경로,True,True,11320514,11230536
11320515_11230536,11320515,창5동,11230536,용신동,64,4458.48,1095399.71,0.00407019,0.69689486,878511.19,0.00507504,54.8,8753.62,False,44.0,10.39,1500.0,API_선택경로요금,9.3,638.0,0.2113636363636364,0.0,1.0,0.0,2.0,0.0,WALK → BUS → WALK,간선:141,10.0,,대중교통,TMAP_최종경로,True,True,11320515,11230536
11320521_11230536,11320521,도봉1동,11230536,용신동,42,3875.14,753384.07,0.00514364,0.60191922,602916.63,0.00642732,51.0,11553.9,False,39.3,13.69,1650.0,API_선택경로요금,14.3,1002.0,0.3638676844783715,0.0,0.0,1.0,2.0,0.0,WALK → SUBWAY → WALK,수도권1호선,10.0,,대중교통,TMAP_최종경로,True,True,11320521,11230536
11320522_11230536,11320522,도봉2동,11230536,용신동,71,3883.63,1143627.36,0.00339589,0.72651927,915956.51,0.00423997,64.75,11803.13,False,47.1,11.57,1500.0,API_선택경로요금,8.2,539.0,0.1740976645435244,0.0,1.0,0.0,2.0,0.0,WALK → BUS → WALK,간선:141,10.0,,대중교통,TMAP_최종경로,True,True,11320522,11230536
11320660_11230536,11320660,쌍문1동,11230536,용신동,64,3894.32,924487.39,0.00421241,0.69935842,741245.31,0.00525375,60.36,8431.04,False,36.6,8.87,1500.0,API_선택경로요금,6.7,476.0,0.1830601092896175,1.0,2.0,0.0,3.0,0.0,WALK → BUS → WALK → BUS → WALK,마을:도봉02 → 간선:141,10.0,,대중교통,TMAP_최종경로,True,True,11320660,11230536
11320670_11230536,11320670,쌍문2동,11230536,용신동,88,2573.23,884458.68,0.00290938,0.78768433,708920.68,0.00362979,46.07,8961.45,False,41.2,10.16,1500.0,API_선택경로요금,6.5,437.0,0.1577669902912621,0.0,1.0,0.0,2.0,0.0,WALK → BUS → WALK,간선:141,10.0,,대중교통,TMAP_최종경로,True,True,11320670,11230536
11320680_11230536,11320680,쌍문3동,11230536,용신동,61,3537.01,756794.02,0.00467368,0.6773144,605735.17,0.0058392,53.5,8110.53,False,42.9,10.13,1500.0,API_선택경로요금,6.0,375.0,0.1398601398601398,1.0,2.0,0.0,3.0,0.0,WALK → BUS → WALK → BUS → WALK,지선:1128 → 간선:141,10.0,,대중교통,TMAP_최종경로,True,True,11320680,11230536
11320681_11230536,11320681,쌍문4동,11230536,용신동,82,2442.62,802574.68,0.00304348,0.78395284,643103.05,0.00379818,54.82,8752.86,False,43.2,10.86,1600.0,API_선택경로요금,5.6,427.0,0.1296296296296296,1.0,2.0,0.0,3.0,0.0,WALK → BUS → WALK → BUS → WALK,간선:101 → 간선:141,10.0,,대중교통,TMAP_최종경로,True,True,11320681,11230536
11320690_11230536,11320690,방학1동,11230536,용신동,72,3754.19,1061067.75,0.00353812,0.73167984,849034.72,0.00442172,45.79,9968.97,False,45.3,11.0,1500.0,API_선택경로요금,7.7,597.0,0.1699779249448123,0.0,1.0,0.0,2.0,0.0,WALK → BUS → WALK,간선:141,10.0,,대중교통,TMAP_최종경로,True,True,11320690,11230536
11320700_11230536,11320700,방학2동,11230536,용신동,52,2904.15,670281.32,0.00433273,0.66789101,537791.35,0.00540014,52.08,10149.66,False,45.1,12.34,1600.0,API_선택경로요금,2.4,161.0,0.0532150776053215,1.0,2.0,0.0,3.0,0.0,WALK → BUS → WALK → BUS → WALK,지선:1167 → 간선:141,10.0,,대중교통,TMAP_최종경로,True,True,11320700,11230536
11320710_11230536,11320710,방학3동,11230536,용신동,87,2857.98,1078658.72,0.00264957,0.78346226,864790.45,0.00330482,51.55,9635.57,False,45.5,11.89,1600.0,API_선택경로요금,3.9,275.0,0.0857142857142857,1.0,2.0,0.0,3.0,0.0,WALK → BUS → WALK → BUS → WALK,지선:1119 → 간선:130,10.0,,대중교통,TMAP_최종경로,True,True,11320710,11230536
11350560_11230536,11350560,월계1동,11230536,용신동,24,9219.67,986813.47,0.00934287,0.42606489,791013.57,0.01165551,40.61,5658.92,False,41.2,8.15,1500.0,API_선택경로요금,9.2,607.0,0.2233009708737863,0.0,1.0,0.0,2.0,0.0,WALK → BUS → WALK,간선:261,10.0,,대중교통,TMAP_최종경로,True,True,11350560,11230536
11350570_11230536,11350570,월계2동,11230536,용신동,68,4661.83,1088178.24,0.00428407,0.66562469,872743.67,0.00534158,45.53,6357.56,False,31.7,9.48,1550.0,API_선택경로요금,10.2,681.0,0.3217665615141956,1.0,1.0,1.0,3.0,0.0,WALK → BUS → WALK → SUBWAY → WALK,지선:1130 → 수도권1호선,10.0,,대중교통,TMAP_최종경로,True,True,11350570,11230536
11350580_11230536,11350580,월계3동,11230536,용신동,41,8077.27,1430253.94,0.00564744,0.53530371,1145587.82,0.00705076,38.59,6120.25,False,25.9,7.08,1550.0,API_선택경로요금,10.2,677.0,0.3938223938223938,1.0,1.0,1.0,3.0,0.0,WALK → BUS → WALK → SUBWAY → WALK,지선:1132 → 수도권1호선,10.0,,대중교통,TMAP_최종경로,True,True,11350580,11230536
11350595_11230536,11350595,공릉1동,11230536,용신동,83,5551.48,1679499.16,0.00330544,0.71677356,1346304.39,0.0041235,45.8,6556.71,False,34.5,8.16,1500.0,API_선택경로요금,10.7,736.0,0.3101449275362318,0.0,1.0,0.0,2.0,0.0,WALK → BUS → WALK,간선:105,10.0,,대중교통,TMAP_최종경로,True,True,11350595,11230536
11350600_11230536,11350600,공릉2동,11230536,용신동,103,4386.58,2006741.26,0.00218592,0.79971477,1609040.61,0.00272621,46.12,7137.5,False,27.1,7.8,1550.0,API_선택경로요금,10.6,682.0,0.3911439114391143,1.0,1.0,1.0,3.0,0.0,WALK → SUBWAY → WALK → BUS → WALK,수도권6호선 → 간선:110A고려대,10.0,,대중교통,TMAP_최종경로,True,True,11350600,11230536
11350611_11230536,11350611,하계1동,11230536,용신동,93,3327.5,1182358.66,0.00281429,0.77520061,947162.41,0.00351313,50.32,7749.46,False,36.7,10.51,3200.0,API_선택경로요금,8.1,554.0,0.220708446866485,1.0,2.0,0.0,3.0,0.0,WALK → BUS → WALK → BUS → WALK,간선:100 → 직행좌석:3200,10.0,,대중교통,TMAP_최종경로,True,True,11350611,11230536
11350612_11230536,11350612,하계2동,11230536,용신동,108,2088.59,819927.6,0.00254729,0.79334549,656569.72,0.00318106,47.47,7109.99,False,39.4,9.52,1500.0,API_선택경로요금,12.5,928.0,0.3172588832487309,0.0,1.0,0.0,2.0,0.0,WALK → BUS → WALK,간선:105,10.0,,대중교통,TMAP_최종경로,True,True,11350612,11230536
11350624_11230536,11350624,중계4동,11230536,용신동,87,2081.49,778518.62,0.00267365,0.79057205,623617.72,0.00333777,57.35,10020.56,False,44.6,13.31,1650.0,API_선택경로요금,16.1,1067.0,0.3609865470852018,1.0,1.0,1.0,3.0,0.0,WALK → SUBWAY → WALK → BUS → WALK,수도권4호선 → 간선:141,10.0,,대중교통,TMAP_최종경로,True,True,11350624,11230536
11350625_11230536,11350625,중계2.3동,11230536,용신동,98,3921.38,1510424.27,0.00259621,0.77284963,1211679.93,0.00323632,56.87,8056.72,False,45.9,10.24,3200.0,API_선택경로요금,15.2,1035.0,0.3311546840958606,0.0,1.0,0.0,2.0,0.0,WALK → BUS → WALK,직행좌석:3200,10.0,,대중교통,TMAP_최종경로,True,True,11350625,11230536
11350640_11230536,11350640,상계2동,11230536,용신동,47,5164.74,920514.63,0.00561071,0.62262268,738564.28,0.00699295,56.12,9516.03,False,48.1,12.97,1600.0,API_선택경로요금,6.0,382.0,0.1247401247401247,1.0,2.0,0.0,3.0,0.0,WALK → BUS → WALK → BUS → WALK,간선:102 → 간선:141,10.0,,대중교통,TMAP_최종경로,True,True,11350640,11230536
11350665_11230536,11350665,상계3.4동,11230536,용신동,87,3349.19,1157365.04,0.00289381,0.77746598,927639.9,0.00361044,64.13,11039.36,False,43.0,14.55,1650.0,API_선택경로요금,11.5,860.0,0.2674418604651162,1.0,1.0,1.0,3.0,0.0,WALK → SUBWAY → WALK → BUS → WALK,수도권4호선 → 간선:141,10.0,,대중교통,TMAP_최종경로,True,True,11350665,11230536
11350695_11230536,11350695,상계6.7동,11230536,용신동,79,5099.51,1592022.61,0.00320316,0.72728365,1275901.98,0.00399679,55.78,8458.88,False,39.0,12.18,1650.0,API_선택경로요금,12.5,861.0,0.3205128205128205,1.0,1.0,1.0,3.0,0.0,WALK → SUBWAY → WALK → BUS → WALK,수도권4호선 → 간선:141,10.0,,대중교통,TMAP_최종경로,True,True,11350695,11230536
11350700_11230536,11350700,상계8동,11230536,용신동,89,3369.15,1193895.28,0.00282198,0.73714165,957101.71,0.00352016,63.36,10371.62,False,60.3,12.82,1650.0,API_선택경로요금,37.3,2844.0,0.6185737976782753,0.0,0.0,1.0,2.0,0.0,WALK → SUBWAY → WALK,수도권1호선,10.0,,대중교통,TMAP_최종경로,True,True,11350700,11230536
11350710_11230536,11350710,상계9동,11230536,용신동,74,3793.95,1050799.17,0.00361054,0.72041795,842847.28,0.00450135,53.46,10266.73,False,49.8,13.43,3200.0,API_선택경로요금,9.3,614.0,0.1867469879518072,1.0,2.0,0.0,3.0,0.0,WALK → BUS → WALK → BUS → WALK,지선:1137 → 직행좌석:3200,10.0,,대중교통,TMAP_최종경로,True,True,11350710,11230536
11410640_11230536,11410640,홍제3동,11230536,용신동,67,2760.59,909839.5,0.00303415,0.78782882,730259.08,0.00378029,54.57,7416.63,False,57.8,12.65,1600.0,API_선택경로요금,12.1,788.0,0.2093425605536332,1.0,2.0,0.0,3.0,0.0,WALK → BUS → WALK → BUS → WALK,마을:서대문12 → 간선:720,10.0,,대중교통,TMAP_최종경로,True,True,11410640,11230536
11590520_11230536,11590520,노량진2동,11230536,용신동,65,1707.66,498387.42,0.00342637,0.75238649,399153.85,0.0042782,48.25,10800.52,False,49.8,14.82,1600.0,API_선택경로요금,10.8,721.0,0.2168674698795181,1.0,2.0,0.0,3.0,0.0,WALK → BUS → WALK → BUS → WALK,간선:N15 → 간선:370,10.0,,대중교통,TMAP_최종경로,True,True,11590520,11230536
