근무동코드,분석후보수,중앙값_10만원절감당_통근시간증가_분,평균_10만원절감당_통근시간증가_분,중앙값_10만원절감당_월교통비증가_원,중앙값_10만원절감당_시간비용증가_원,중앙값_실질순절감액_원,월세착시비율
1111051500,13,4.8680683126368605,5.529512235796258,0.0,35166.92549048869,86266.40678366603,0.0
1111053000,133,15.600341149516492,16.42687329211492,2459.5519058728987,112696.86446410716,-26031.39711081938,0.5939849624060151
1111054000,5,4.760189900279045,5.167394143628009,0.0,34387.611839615834,106133.45253418191,0.0
1111055000,1,15.338434681687362,15.338434681687362,-1235.5996901242765,110804.85214050952,-14517.550789346162,1.0
1111056000,2,16.45768067836422,16.45768067836422,0.0,118890.28522050314,-28205.727712250417,1.0
1111057000,1,10.20266265212876,10.20266265212876,-538.3265519286776,73704.03499897818,27747.83265273983,0.0
1111058000,7,6.019296265365147,8.734058093942082,0.0,43483.39622099781,69480.3594186015,0.14285714285714285
1111060000,29,14.390742403585037,15.58070418757278,1907.3759741156255,103958.72312349833,-10670.744803639769,0.5172413793103449
1111061500,139,12.27676714848478,12.576620827398017,2454.0275126190118,88687.36588065403,12371.75200330434,0.4244604316546763
1111063000,68,13.875836439825548,15.251558583150734,1514.1218275544015,100239.04244129977,-2443.8187477505708,0.5147058823529411
1111064000,46,16.904493507922965,17.13444704208118,0.0,122118.0611012355,-32225.32074773067,0.6956521739130435
1111065000,9,9.981597574580446,10.079025656649183,0.0,72107.06087876915,31953.965715661543,0.2222222222222222
1111067000,14,11.533109549448863,10.89000618082512,1362.5728663849886,83315.18338521858,20150.11347170091,0.35714285714285715
1111068000,1,4.21814897716305,4.21814897716305,-129.03211927946927,30471.908211025882,112127.82523749146,0.0
1111069000,1,5.943100518358547,5.943100518358547,-10257.954319358587,42932.95814462214,82696.3081908832,0.0
1111070000,1,3.354639834562662,3.354639834562662,-9132.075105198357,24233.91816488067,136661.48084045594,0.0
1111071000,17,12.915528257936824,12.972084775418018,0.0,93301.77613533563,4539.113660369039,0.47058823529411764
1114052000,145,16.024187591718047,16.524594556191335,1203.063689875945,115758.73116257119,-31912.847141795035,0.6620689655172414
1114054000,144,13.579953122671107,14.65768195736812,3214.3324198023124,98101.58135817607,-7734.525455961411,0.5069444444444444
1114055000,166,12.465937218424749,12.74018296042041,3002.967997419788,90053.93046590037,9809.97186670301,0.463855421686747
1114057000,96,10.950725215882649,11.692357460794549,1378.759812921341,79108.03895953626,35444.923601398245,0.3229166666666667
1114058000,33,11.735613952271821,13.765503346616036,1561.4807927337963,84778.07519121165,23186.719460251858,0.3939393939393939
1114059000,96,12.416456518632202,12.407880705733021,2049.0488093707963,89696.48189059904,10544.214583647059,0.4270833333333333
1114060500,113,16.173139249501542,16.324527651124523,2858.353477360822,116834.75793839911,-35695.06002957659,0.672566371681416
1114061500,33,15.804118889651422,16.534216985303207,1160.0339225550997,114168.9548588419,-31289.898236613488,0.6666666666666666
1114062500,16,9.631921753543665,10.569850566363751,2428.17115121824,69581.00274759941,38772.741087391,0.3125
1114063500,3,6.509551829334439,9.374519195754694,49210.76761020069,47025.00241511198,-6033.715251618065,0.6666666666666666
1114064500,2,7.706650170519371,7.706650170519371,1016.2203155246006,55672.84083183193,50328.397003939266,0.0
1114066500,7,15.538171131911719,14.945319741674934,2208.868820554323,112247.7482569303,-18596.484006133163,0.5714285714285714
1114067000,8,12.366862455373564,11.18783536335621,11156.917133762418,89338.21437761866,5487.262017172514,0.5
1114068000,7,7.172413037741928,9.647113608040618,1429.854162030116,51813.51178464769,99849.28473810526,0.2857142857142857
1117051000,3,-0.0797870390061803,-1.804483247550907,0.0,-576.3815697806308,146897.99239405454,0.0
1117052000,5,3.068519366856885,5.095544738341625,0.0,22166.983906174144,96304.52403978741,0.2
1117053000,78,7.747909349631281,7.821984053148876,1991.076457489969,55970.89714173636,65909.89729713125,0.19230769230769232
1117055500,15,16.291129037742547,15.272795743550466,0.0,117687.11616865218,-36659.99598400935,0.6666666666666666
1117056000,19,21.35326489394785,20.316292269405213,2901.009590825863,154255.98559387922,-81745.79775069031,0.7368421052631579
1117057000,7,2.0885080154632205,2.9235834924902844,0.0,15087.381903706286,150431.16168582378,0.14285714285714285
1117058000,2,-10.58214563007215,-10.58214563007215,-6281.280224363915,-76445.42003164122,218381.15902186945,0.0
1117059000,3,3.3602518288276686,0.9669902157359301,-1357.0247770265578,24274.459211451067,119285.50637254915,0.0
1117062500,97,13.334232397062397,13.52740184417955,3184.2547752917017,96326.49483637874,2109.680527307675,0.4948453608247423
1117063000,7,-0.8921635907165818,-0.90881438752198,-1437.4371370234692,-6444.989779336571,198038.94529567764,0.0
1117064000,2,3.2317094686874888,3.2317094686874888,1227.6133033711665,23345.869201798418,246467.4637914642,0.0
1117065000,6,3.752763887431424,4.173235396263622,1017.2093078557468,27109.966322804627,92417.12166790654,0.0
1117066000,4,5.806760438955735,5.2540005504280165,0.0,41948.03741101622,89809.03713753667,0.0
1117068500,89,9.792819353555121,9.641373059246387,3121.2527468520566,70743.32701008217,43923.75387141458,0.25842696629213485
1117069000,3,-7.618639707706663,-8.802490049983064,0.0,-55037.05324847292,221154.37619747396,0.0
1117070000,2,-14.747131935907767,-14.747131935907767,-110.77604591531271,-106533.2811049977,212732.51307134266,0.0
1120052000,2,3.4946889734960944,3.4946889734960944,1014.9795886071294,25245.633144535786,91618.22630799565,0.0
1120053500,29,13.760885534191456,13.69791016980129,0.0,99408.63709899907,-5569.438780517667,0.5517241379310345
1120054000,13,12.286330013396237,12.880347006029798,-1321.6242737374473,88756.4480167744,20402.53944174759,0.46153846153846156
1120055000,8,8.504253743791555,9.025867030949897,518.6082639604198,61434.729045150176,64244.44021069363,0.25
1120056000,27,10.665563804367961,11.997414404519715,0.0,77048.03292275414,24747.648247177596,0.37037037037037035
1120057000,1,-1.005536586870456,-1.005536586870456,10558.134162139779,-7263.9963035521705,115408.06777689671,0.0
1120058000,1,9.47718233125404,9.47718233125404,1911.9979899649773,68463.16516097919,35354.06337576352,0.0
1120059000,1,1.0365066261583817,1.0365066261583817,0.0,7487.723867368154,116030.09178838035,0.0
1120061500,1,-1.8434837425958337,-1.8434837425958337,10558.134162139779,-13317.32655651231,122632.06777689671,0.0
1120062000,1,-4.783876736115605,-4.783876736115605,0.0,-34558.72554169913,168765.29178838036,0.0
1120064500,3,-4.456947125559868,-0.6944233146147898,0.0,-32196.986035044487,147516.75622252558,0.0
1120065000,37,14.437462031885646,14.868744418964285,2707.024130978559,104296.22571834191,-10865.67682590746,0.5405405405405406
1120066000,63,24.64427193856031,25.24827616897142,3563.204593870966,178030.22048415962,-117556.887731542,0.9365079365079365
1120067000,34,14.447563204377335,13.13898354020276,1964.035757622018,104369.1965884219,-10327.188082551118,0.5588235294117647
1120069000,111,24.188070327495005,26.02578724638173,4253.095877655621,174734.62004582392,-123453.04322459333,0.9459459459459459
1120079000,15,10.341115556839227,11.324310666981573,0.0,74704.2187826066,30576.707462503546,0.26666666666666666
1121571000,11,13.11954503086091,11.267940256404476,0.0,94775.59330293925,-1594.9104865291156,0.5454545454545454
1121573000,6,7.655800821240083,8.741221023103343,9792.730000301044,55305.50513263837,63457.130697111796,0.3333333333333333
1121574000,5,3.1717367428579992,1.1446093662522832,1537.3149702741657,22912.62623040618,106939.658642848,0.0
1121575000,3,-4.199300593063176,-4.87593948050203,0.0,-30335.74748428839,164498.693617653,0.0
1121576000,2,7.579779302981381,7.579779302981381,1128.639208357036,54756.32568473747,52364.810951434876,0.5
1121577000,3,0.07389965135982071,-1.6826410204054447,0.0,533.8510814233545,134596.23569030513,0.0
1121578000,6,13.227802074043002,15.400710240070671,1580.9534210912839,95557.64218288662,1055.734328393737,0.5
1121581000,6,3.441226216354545,3.4014070028560766,1566.108863440198,24859.418186945222,101013.15988076472,0.0
1121582000,4,-0.10600657100803879,-0.810623147311198,0.0,-765.7914689620875,117372.1421299657,0.0
1121583000,6,12.817544010652409,12.557317298218242,2918.9401722791827,92593.93793295298,6016.085441634757,0.5
1121584000,7,7.809603225020388,5.791040475282477,1607.0014225053021,56416.57369754726,65691.6470916706,0.14285714285714285
1121584700,10,15.993361945688278,14.211765317232187,3686.887859242591,115536.04669565211,-30410.55684686656,0.6
1121585000,2,9.79507630201213,9.79507630201213,0.0,70759.63120573563,33065.90889334613,0.0
1121586000,6,6.854126827740174,9.753323975331652,1942.8646881883008,49514.21220359502,59077.52715191853,0.3333333333333333
1121587000,41,18.106285702916278,17.22571527234119,4513.139463041445,130799.80791786718,-61609.36090432861,0.7073170731707317
1123051500,8,2.383094307226822,1.1523949242552116,-1278.59720174026,17215.47327540658,107375.621259846,0.0
1123053600,20,13.743028053549454,13.43422002329127,0.0,99279.63465884124,4.833832268472179,0.5
1123054500,16,8.554712128276929,7.810039424261443,-1757.7291714851362,61799.24041467253,58950.846553477895,0.1875
1123056000,22,12.89315740903088,13.001926753635,0.0,93140.16912283908,5866.750792417006,0.4090909090909091
1123057000,1,23.817667056777996,23.817667056777996,0.0,172058.82681816423,-75030.81224665599,1.0
1123060000,9,26.955666850749143,28.100157770544868,0.0,194727.73732981182,-120960.15099800413,1.0
1123061000,3,0.8717457269998286,2.0258432931254755,-1865.7738733307824,6297.491131846746,113527.39699559692,0.0
1123065000,37,15.888031952376371,14.300337960667788,-1162.525785647722,114775.14282396689,-13151.249685258488,0.5675675675675675
1123066000,9,9.862362181108905,10.338616698506344,-2737.9625244266126,71245.70439633072,42245.71835668097,0.3333333333333333
1123070500,8,16.882499231814833,14.857979860381006,-5055.445663962272,121959.17445063037,-26557.234827211767,0.625
1123071000,3,0.29083921749809033,-0.11359508079866602,0.0,2101.022507206236,106099.10230179026,0.0
1123072000,1,1.084913695079591,1.084913695079591,0.0,7837.416533254959,110433.99954314252,0.0
1123073000,1,4.256199880696856,4.256199880696856,0.0,30746.787938154077,82982.79954314252,0.0
1123074000,2,-1.7729500800056062,-1.7729500800056062,1923.443968451381,-12807.79137796052,121175.2656609601,0.0
1126056500,2,2.9028622394761587,2.9028622394761587,-1707.226591198697,20970.27681797577,83676.91560403418,0.0
1126057500,2,10.146260021331484,10.146260021331484,1996.0817336771274,73296.58239409864,28197.154679484076,0.5
1126058000,4,10.948891410981116,11.415245539362667,1961.7576853321862,79094.79155292755,20185.79214586354,0.5
1126059000,8,20.44441748817093,18.693696562052136,0.0,147690.4719345468,-70462.93296285995,0.75
1126061000,1,24.077947073678168,24.077947073678168,5745.873733491381,173939.08966025108,-87369.70087846616,1.0
1126062000,1,15.53960403561708,15.53960403561708,1231.4403198036177,112258.09955329778,-23003.98425969234,1.0
1126063000,3,0.6666818635699188,2.8931152903462007,0.0,4816.109782429087,102040.80654229742,0.0
1126065500,3,-4.065251015360505,0.6518673382259094,2032.625507680251,-29367.373334964286,131555.45348954716,0.0
1126068000,9,16.120217150435565,16.586316167538254,3728.3866789064186,116452.44869474653,-16737.997762427956,0.6666666666666666
1126069000,2,14.634775950995017,14.634775950995017,0.0,105721.621469988,-8743.807854136467,0.5
1129052500,11,5.909450801695409,5.9633155017119615,0.0,42689.872591447616,77802.02893722648,0.09090909090909091
1129055500,10,3.518765723029716,4.824978720451901,656.6268178151917,25419.563583166695,87823.19994907943,0.1
1129057500,3,9.684149203671906,6.693926347087952,0.0,69958.29384732587,32882.81484733871,0.3333333333333333
1129058000,2,9.567305900034844,9.567305900034844,1510.7904524402527,69114.21782185171,43359.06021721659,0.5
1129059000,2,1.0515325723513764,1.0515325723513764,9553.389558878405,7596.27130266633,132451.0038495432,0.0
1129060000,10,0.1484884449285911,0.11659464659103058,1961.280319688114,1072.680526164172,114223.82959320676,0.0
1129061000,8,16.625107970353824,14.529282797279286,0.0,120099.77997783603,-22494.035026378122,0.625
1129062000,1,-4.458920775164373,-4.458920775164373,0.0,-32211.243679787432,160115.1381400208,0.0
1129063000,1,1.7020916149395056,1.7020916149395056,0.0,12295.90982632299,123665.38591067898,0.0
1129064000,1,-9.34436912591856,-9.34436912591856,0.0,-67503.72256563567,234825.77967981607,0.0
1129065000,1,-9.344369125918561,-9.344369125918561,0.0,-67503.72256563569,234825.7796798161,0.0
1129066000,5,15.02275867041091,15.57451588650338,0.0,108524.4086350484,-12256.55224560757,0.6
1129068500,2,7.533281898810404,7.533281898810404,5042.45681199396,54420.42843700638,48455.51749544116,0.5
1129070500,10,10.987134636247786,9.066325424550664,-1690.9969644971484,79371.06061225402,27201.06291399528,0.4
1129071500,1,-12.128540077333064,-12.128540077333064,0.0,-87616.57351865406,249051.14831549727,0.0
1129072500,3,15.575016233342534,8.738818888483879,-1595.262037252412,112513.91726966646,-14853.025950926793,0.6666666666666666
1129077000,1,-4.623081592317761,-4.623081592317761,0.0,-33397.14142290351,144272.96897006035,0.0
1129081000,3,9.159742253986032,10.653711455747546,0.0,66169.97804279509,35825.37629179322,0.3333333333333333
1130553500,2,-4.3395053644548955,-4.3395053644548955,839.6304932305482,-31348.58675282218,164931.3896802643,0.0
1130554500,4,-1.1349624974234296,-1.385961198940005,661.3091456448753,-8198.969081386873,133316.47593278356,0.0
1130555500,4,9.618688641192382,8.16649216276307,0.0,69485.40674397376,41202.604727177735,0.25
1130557500,1,19.76963226289696,19.76963226289696,0.0,142815.82346716762,-53493.703149138455,1.0
1130559500,4,0.8902356579805016,1.099020842789853,666.675987502316,6431.062393251153,124322.18794983986,0.0
1130560800,1,17.794107167030347,17.794107167030347,0.0,128544.63017462727,-38018.63891165765,1.0
1130561500,3,5.785798124645574,5.7727218734788,1576.6930401166128,41796.60565243965,60270.14102129254,0.0
1130562500,1,4.914508047753126,4.914508047753126,12384.560280337877,35502.406136968566,53019.583116278765,0.0
1130563500,3,-6.68917131692447,-5.299237801035689,0.0,-48322.57359346235,164084.1581997734,0.0
1130564500,1,6.978601427809439,6.978601427809439,0.0,50413.41671449538,50449.18311627876,0.0
1130566000,2,-3.8682341779718117,-3.8682341779718117,0.0,-27944.123701668384,141132.94832548074,0.0
1132051100,2,3.0257510100232143,3.0257510100232143,0.0,21858.02529640769,92472.93041023792,0.0
1132051200,2,-0.32137120286415044,-0.32137120286415044,-6596.488092635591,-2321.5855694905986,142270.72752896606,0.0
1132051300,1,4.775097428016212,4.775097428016212,-11352.11841377439,34495.30381998912,85305.29973213334,0.0
1132051400,3,-4.665826873509211,-3.5887032595323167,0.0,-33705.93333423055,144494.59798336483,0.0
1132051500,2,-0.6081300556311571,-0.6081300556311571,2365.039560174919,-4393.131521879499,118941.33041023792,0.0
1132052100,2,11.520650802705294,11.520650802705294,2084.902106452321,83225.18139874304,16196.599713789248,0.5
1132052200,2,-0.2702800247249575,-0.2702800247249575,788.3465200583064,-1952.50289861308,121041.33041023786,0.0
1132066000,2,-3.4720625565028884,-3.4720625565028884,-4777.966263051131,-25082.179908176873,154385.33431477292,0.0
1132067000,2,-3.1848814693742855,-3.1848814693742855,619.3352046929353,-23007.583734759857,147264.54758871876,0.0
1132068000,2,7.140169605780419,7.140169605780419,788.3465200583064,51580.585232157755,51690.93041023788,0.5
1132068100,2,11.123928889416543,11.123928889416543,4154.190943008015,80359.26229714512,13977.386566439396,0.5
1132069000,2,0.9746129499890532,0.9746129499890532,625.7495704023004,7040.603950720917,106283.91291335669,0.0
1132070000,1,-8.64923307716144,-8.64923307716144,0.0,-62482.059749414235,180342.89973213334,0.0
1132071000,1,-5.111088369663252,-5.111088369663252,0.0,-36922.50238244732,139304.38311627874,0.0
1135056000,1,19.01883746851671,19.01883746851671,0.0,137392.0818725647,-46988.71622588165,1.0
1135057000,2,23.526609087549364,23.526609087549364,-12015.880671456995,169956.2240484566,-70552.15007043234,1.0
1135058000,2,17.2723070328477,17.2723070328477,1014.8141367504747,124775.14600529177,-33131.14690398614,0.5
1135059500,4,11.12802783951325,11.283899141071123,0.0,80388.87311264372,22407.2380634523,0.0
1135060000,4,17.014461396521376,16.896886368816556,0.0,122912.4691284704,-24413.497304647717,0.5
1135061100,2,8.069241160717636,8.069241160717636,0.0,58292.198145024224,50577.836938854554,0.0
1135061900,1,-6.200208615631973,-6.200208615631973,0.0,-44790.30703932541,184484.66761695917,0.0
1135062100,2,-0.016872693296075436,-0.016872693296075436,0.0,-121.88833637083371,118978.81379438327,0.0
1135062400,1,-5.494230391705111,-5.494230391705111,46775.20468613812,-39690.32034967771,125144.34359146119,0.0
1135062500,2,4.223622574464607,4.223622574464607,0.0,30511.449477932332,88551.51291335667,0.0
1135063000,2,4.086292768029429,4.086292768029429,2305.02796105001,29519.378956244596,83399.34758871872,0.0
1135064000,3,-6.937405697306571,-7.640060393816303,1959.7058164122095,-50115.81875734263,166617.2997321333,0.0
1135066500,1,2.2538051174711224,2.2538051174711224,-33815.41326706713,16281.488168611388,160619.2507493418,0.0
1135067000,1,-2.3416157064635033,-2.3416157064635033,55320.671065200244,-16915.831863492353,84174.57826682329,0.0
1135069500,3,4.63043385159125,4.038639367946729,13287.948426863475,33450.254143895145,48970.558199773426,0.0
1135070000,4,5.427296247084688,4.688384690644305,0.0,39206.78808893975,85639.32302517361,0.25
1135071000,2,-6.687671555818145,-6.687671555818145,0.0,-48311.73931923028,186958.16100473914,0.0
1135072000,1,3.971242107528232,3.971242107528232,41698.04212904642,28688.252984783936,44742.23039189377,0.0
1138051000,2,7.8316410864743675,7.8316410864743675,0.0,56575.77520869084,48267.88047846676,0.0
1138052000,1,9.769670558517571,9.769670558517571,10990.879378332269,70576.10011473094,21131.708427742342,0.0
1138053000,1,18.985760244288464,18.985760244288464,0.0,137153.13200473986,-43051.6815543464,1.0
1138056000,1,1.5436657881281317,1.5436657881281317,0.0,11151.441653437605,92090.9787907406,0.0
1138057000,4,27.35563936848947,25.810448395717493,3540.48884493698,197617.138797968,-139961.8342079889,0.75
1138058000,1,12.982264625998377,12.982264625998377,0.0,93783.87965821227,6894.955194680399,0.0
1138060000,2,1.1012085754167096,1.1012085754167096,0.0,7955.130748810319,97377.5536271527,0.0
1138062500,2,10.90002046057362,10.90002046057362,0.0,78741.74780718384,20803.1536271527,0.5
1138069000,2,19.453248101885784,19.453248101885784,-875.9997690685765,140530.2642880229,-47483.71952153323,1.0
1141052000,1,9.965017856872734,9.965017856872734,0.0,71987.28899804864,41042.132237266225,0.0
1141055500,2,10.997391267438474,10.997391267438474,856.8010629439766,79445.15451597553,32153.598985355988,0.0
1141056500,155,12.824108565709917,12.493853018841726,3871.123687118435,92641.36027868847,8475.448727969226,0.44516129032258067
1141058500,71,13.520616016844155,14.072812054079959,1957.2044438941493,97672.93010568217,-13299.383609540702,0.5211267605633803
1141061500,5,-0.19774518283223974,0.4525011894538757,0.0,-1428.5112007800851,107882.30044707758,0.0
1141062000,2,2.27021231756585,2.27021231756585,-7096.434430770148,16400.0137820957,103985.08047846679,0.0
1141064000,2,-1.6800100265698714,-1.6800100265698714,-7096.434430770148,-12136.392431940747,138299.08047846676,0.0
1141065500,1,4.581982498028799,4.581982498028799,0.0,33100.24156576004,87603.68481942573,0.0
1141068500,2,-3.034935937086125,-3.034935937086125,-5436.831342682605,-21924.377209510156,139436.35362715268,0.0
1141069000,1,-11.231218581435217,-11.231218581435217,-8027.514435750316,-81134.32303228801,211878.6931349911,0.0
1141070000,2,0.40137389575070603,0.40137389575070603,928.3930964897238,2899.5250229030826,108047.08112946355,0.0
1141072000,2,8.336358747661457,8.336358747661457,0.0,60221.85559310639,39072.14360924143,0.5
1144055500,23,2.7476931307632206,3.817920800584869,0.0,19849.335176633525,116937.30507871052,0.08695652173913043
1144056500,39,17.032638800890638,18.550219618603002,11060.752664742962,123043.782697634,-53940.66051667501,0.7948717948717948
1144058500,30,4.503290949557983,5.108613664514539,0.0,32531.773819606868,91773.59102213196,0.06666666666666667
1144059000,32,12.140217967819872,13.356690418910327,1359.5793130921102,87700.93459953074,19343.968488506187,0.40625
1144060000,29,7.583606139337949,7.834249705750021,-45561.193525992516,54783.97075057736,120788.12059104367,0.034482758620689655
1144061000,24,5.660464054595764,4.8514728853115185,1269.1299527044,40891.19233039977,86519.57363509516,0.16666666666666666
1144063000,11,5.540616403796897,7.368588574410915,0.0,40025.41290102879,72555.34587633389,0.09090909090909091
1144065500,8,6.486352919031673,7.235578409166477,1554.4149396997454,46857.41348708481,70527.69467183594,0.25
1144066000,168,16.961268626982978,18.010742075435637,2891.0267789703767,122528.20456132508,-46651.8933714561,0.6666666666666666
1144068000,18,7.595826872957883,7.338615893536554,0.0,54872.25333024774,59360.58660599384,0.16666666666666666
1144069000,6,8.342451642484086,8.88087532996465,-549.3060408910096,60265.87066530503,62899.363117366374,0.3333333333333333
1144071000,3,3.5416932518964406,2.408634307361219,0.0,25585.192051699873,91599.13931272726,0.0
1144072000,3,-0.8890536954297332,2.6594264030159747,0.0,-6422.523895784377,133773.46009261918,0.3333333333333333
1144073000,2,-6.770632867389629,-6.770632867389629,0.0,-48911.05183402267,172978.5124660894,0.0
1144074000,86,17.08013422044666,17.317706380150792,6215.466100093159,123386.88960850662,-41449.47642872753,0.6627906976744186
1147051000,30,5.1651904454591975,6.127687340597929,7583.021023834767,37313.33577799725,89875.55954925148,0.06666666666666667
1147052000,3,12.115951698303665,11.64194366650429,-1499.9429524323145,87525.63506854569,33850.223895126255,0.0
1147053000,6,9.878150207763852,11.911651446314863,0.0,71359.75710088608,32270.162672739665,0.3333333333333333
1147054000,5,6.214447712387637,11.524009996603983,-943.0960313954389,44893.17027428828,70429.68128484584,0.2
1147055000,17,8.143374182539093,9.126560198782075,8484.839471896366,58827.735094662414,50828.95749812623,0.23529411764705882
1147056000,5,-0.7603724277136,-1.6394804950973623,0.0,-5492.930417803059,124106.9590852132,0.0
1147057000,3,4.683838385241263,5.487942057694471,43745.69880400265,33836.04849498289,30589.94108391597,0.0
1147058000,2,-0.6794326086114386,-0.6794326086114386,986.0312440189601,-4908.221164609038,144110.82517929917,0.0
1147060000,2,-3.8448216140527873,-3.8448216140527873,0.0,-27774.991339917335,178400.04977763776,0.0
1147061000,1,-0.2700052358754514,-0.2700052358754514,0.0,-1950.5178239642783,113276.15647163807,0.0
1147061100,2,-0.6555229080023717,-0.6555229080023717,0.0,-4735.497487409127,145530.84977763775,0.0
1147062000,3,-4.458111234145299,-3.969519877070914,0.0,-32205.395555465642,210618.741083916,0.0
1147063000,6,10.295700735572261,9.613077641852934,-1807.24647258636,74376.14211377403,31629.293507316106,0.3333333333333333
1147064000,6,-2.825214494205679,-3.8586148042921757,0.0,-20409.349506141836,181970.17999504553,0.0
1147065000,11,7.709822516892118,9.03859892783373,-1081.565985888927,55695.75786202867,67608.57447247593,0.2727272727272727
1147067000,4,2.4098395074151635,3.10202341152769,0.0,17408.680601567146,141619.5784911305,0.0
1147068000,3,-0.8593225799306392,0.2164331636012126,0.0,-6207.746317418936,185654.02721378786,0.0
1150051000,10,9.744824959682528,8.915024339115572,0.0,70396.61550874657,43719.41845106386,0.0
1150052000,13,11.303785294501495,11.309348758860672,0.0,81658.54496747883,18497.572443493817,0.46153846153846156
1150053000,2,11.521797238990652,11.521797238990652,0.0,83233.46325446847,20933.170212947094,0.5
1150053500,13,12.926550090843126,14.318393146697627,0.0,93381.39785625075,8601.870973582772,0.46153846153846156
1150054000,11,8.300247491233387,8.11820329656269,0.0,59960.98787667,62484.574472475884,0.2727272727272727
1150055000,2,4.536229766290368,4.536229766290368,0.0,32769.723831681615,109428.40445671172,0.0
1150056000,7,4.0905400714047015,4.90412806868016,0.0,29550.061475827566,113774.97447247591,0.0
1150057000,1,4.419285556946364,4.419285556946364,0.0,31924.91886338054,130934.78169830979,0.0
1150059000,3,-1.3913752921335978,-0.32718609889711087,-5591.719100362495,-10051.29511037312,161062.11969460355,0.0
1150059100,7,8.112630480004743,5.351539406007545,-3224.4907767869126,58605.64258755426,53120.08488915872,0.0
1150059300,17,10.659708428513317,10.773706279029769,1841.6936081494168,77005.73368758023,27236.8269822858,0.4117647058823529
1150060300,49,21.76123572472522,23.5889803040517,5394.184371684935,157203.166875415,-93443.38611648377,0.8367346938775511
1150060400,4,4.742090488345936,5.940787457675897,0.0,34256.86168781106,100581.65033528808,0.0
1150060500,5,14.474158140300101,18.8625074992997,0.0,104561.31840552793,-8603.194138400548,0.6
1150061100,14,10.294537571794258,13.221759417940095,0.0,74367.73941864175,29261.275972162504,0.42857142857142855
1150061500,5,5.765155698155478,5.960419751222169,0.0,41647.484763475186,106200.96283966434,0.0
1150062000,16,15.218349948498766,13.810487056584332,2584.6132670828547,109937.36002795507,-14978.402076909842,0.5
1150063000,7,1.1558117558276593,0.085915727521006,0.0,8349.584124099,171503.67312294524,0.0
1150064000,7,1.0300628437037398,2.24663062315157,3319.2785140645974,7441.173982915831,118460.35660522182,0.0
1150064100,2,-9.734823050576912,-9.734823050576912,434.0683067420081,-70324.36171736763,240534.2312515175,0.0
1153051000,8,-1.049029060334123,-0.29507739248736564,0.0,-7578.1859318537245,151498.30715543323,0.0
1153052000,1,-5.794867941771839,-5.794867941771839,0.0,-41862.12601135977,173812.60536071623,0.0
1153053000,4,6.4237246977938804,5.351053495446557,0.0,46404.98721686296,62253.64240994223,0.0
1153054000,20,25.255717189483843,19.64204213571761,8147.28815735546,182447.30097683123,-113246.6074007391,0.55
1153055000,1,-0.9650310541095004,-0.9650310541095004,0.0,-6971.384334887033,144101.89085953872,0.0
1153056000,11,3.3796480906241806,2.7473070167272677,0.0,24414.57780666907,114060.88529021759,0.18181818181818182
1153059500,2,-0.8200382808195024,-0.8200382808195024,0.0,-5923.956540640094,126427.70173998504,0.0
1153072000,3,-6.9702433049428665,1.5379531504199189,0.0,-50353.03763490726,174652.68742026185,0.3333333333333333
1153073000,1,-2.2641113192569104,-2.2641113192569104,1836.5566660572838,-16355.940170311915,154269.85268666607,0.0
1153074000,1,-5.427011564413631,-5.427011564413631,0.0,-39204.73154132407,194942.6396382429,0.0
1153075000,1,3.1233701804293164,3.1233701804293164,0.0,22563.22618342139,104129.33185682322,0.0
1153076000,1,3.049004223752427,3.049004223752427,0.0,22026.006512387517,104851.73185682326,0.0
1153077000,1,0.7423315800842327,0.7423315800842327,0.0,5362.603334528497,127486.69085953874,0.0
1153078000,1,0.7423315800842327,0.7423315800842327,0.0,5362.603334528497,127486.69085953874,0.0
1153079000,1,4.776319336336383,4.776319336336383,0.0,34504.13088569403,82275.74142629723,0.0
1154551000,6,11.358387926743918,17.219677967434738,0.0,82052.99438279808,25304.33247209314,0.5
1154561000,5,15.365721757738434,20.92482856788999,0.0,111001.97397790242,-16038.570852091652,0.6
1154567000,1,10.923627749053523,10.923627749053523,3730.0192313841308,78912.28685916269,19544.755642627308,0.0
1154569000,1,16.436572904103205,16.436572904103205,0.0,118737.80265924156,-19380.11330376455,1.0
1156051500,2,-13.786927576313287,-13.786927576313287,-6186.34637731284,-99596.76481128717,219624.15614614592,0.0
1156053500,63,19.281660210939695,23.321530663808865,2785.3407809443943,139290.71336382834,-65889.1091543514,0.6825396825396826
1156054000,81,28.314317487947193,27.409711687848464,4503.025182768528,204542.6295329305,-161292.61454804748,0.7777777777777778
1156055000,30,5.966597828422854,9.087517531350583,0.0,43102.70271252672,73229.58447845465,0.2
1156056000,49,3.9191240682320587,5.842668059123218,-40373.8207461913,28311.752268908403,160217.9366764005,0.061224489795918366
1156058500,1,-5.749483758205204,-5.749483758205204,-11875.982844817303,-41534.270669274396,162762.88198926678,0.0
1156060500,35,12.36143201774894,14.934260921514849,11064.740468428328,89298.98489621833,997.1473737219349,0.4857142857142857
1156061000,19,-3.196631125628492,-1.8206683028939488,0.0,-23092.46325154024,143278.68282104124,0.0
1156062000,43,5.10730418019864,7.08389339525396,-942.7850968062216,36895.165397754994,79600.37373445812,0.18604651162790697
1156063000,2,-1.939344328277397,-1.939344328277397,-11754.277886288075,-14009.823427475916,133818.15614614595,0.0
1156069000,1,-2.167253447773013,-2.167253447773013,-12412.45156451817,-15656.238906712268,130003.77012952665,0.0
1156072000,1,0.5572372559059108,0.5572372559059108,0.0,4025.481936664294,120562.94142629724,0.0
1159051000,2,8.549212711063944,8.549212711063944,0.0,61759.51262472595,48114.897492977674,0.0
1159052000,4,12.204098870218246,12.606419860314206,0.0,88162.41023845659,14243.078699685779,0.5
1159053000,3,9.65698785266704,10.08225986592715,0.0,69762.08024766669,37574.34953465199,0.3333333333333333
1159054000,1,6.269679217587359,6.269679217587359,9293.877428423613,45292.16266785107,61569.12431800767,0.0
1159056000,2,7.6635939444890475,7.6635939444890475,9094.56775202983,55361.802654988904,48062.40141700677,0.0
1159060500,2,-1.2497410777568312,-1.2497410777568312,-1321.047648421096,-9028.12954571536,127983.53210029611,0.0
1159062000,5,10.741093492081625,10.00364947260072,0.0,77593.65938679768,31707.79377088092,0.2
1159063000,7,13.706711529457234,14.571109106061845,9381.457982376684,99017.28408879906,-11151.741505349608,0.7142857142857143
1159065100,2,2.1648017511201205,2.1648017511201205,-5196.603388691305,15638.527850091756,119755.0936535858,0.0
1159066000,6,9.917827368605716,10.940983955687258,0.0,71646.3849108077,36082.370092401616,0.3333333333333333
1159067000,2,9.473822590420976,9.473822590420976,2430.934208626756,68438.8943932011,36307.631919607695,0.0
1159068000,8,9.553126021444129,11.677720345639985,0.0,69011.78237891238,36514.29143285836,0.375
1162052500,1,4.739082229386847,4.739082229386847,0.0,34235.130025090584,86038.21881714705,0.0
1162054500,1,2.118478908220029,2.118478908220029,14606.020992791518,15303.8916329815,71463.81686449444,0.0
1162056500,1,10.979335951570803,10.979335951570803,0.0,79314.72291414748,23361.835086927487,0.0
1162057500,5,2.7635363433208613,2.9702777127822904,0.0,19963.786544149876,133222.992629254,0.0
1162058500,5,5.5642686778020725,11.496452089005539,0.0,40196.27692844218,64183.60293194854,0.2
1162059500,6,7.041340456223574,6.374506334997082,0.0,50866.64345575909,72003.56297434366,0.16666666666666666
1162060500,2,6.354333330636127,6.354333330636127,0.0,45903.70398051539,61127.55610721516,0.0
1162061500,4,5.372397360046856,7.793970823133548,0.0,38810.19852897848,75523.89143285836,0.25
1162062500,4,6.166118173959374,6.975536643279608,0.0,44544.0376886825,69629.78170311176,0.0
1162063000,3,-3.8352625635777047,-4.074635296805753,0.0,-27705.936759285327,203116.78830795572,0.0
1162064500,1,9.098570275226914,9.098570275226914,0.0,65728.07166823922,35784.00883908186,0.0
1162068500,2,2.843196471804359,2.843196471804359,11317.836875635187,20539.251312314696,77908.5898498886,0.0
1162069500,4,1.8787632071324927,2.867069106969389,0.0,13572.1854083251,100214.36976547482,0.0
1162072500,8,-1.5564114243571288,0.13356076196104416,0.0,-11243.51612955595,119050.95614614601,0.0
1162073500,4,-3.017989153308205,-5.060806225630612,0.0,-21801.953643498484,162763.57965195514,0.0
1162076500,1,2.6119590013161997,2.6119590013161997,12189.14200614226,18868.791825508222,71265.88838520959,0.0
1165051000,161,13.585717859973233,13.622004318209767,11146.46684709493,98143.22582044665,-20420.613209145493,0.5900621118012422
1165052000,224,15.374356549166606,15.933025023461605,10876.169455149104,111064.35171117954,-40919.773140093326,0.6517857142857143
1165053000,159,20.951419315023976,20.182065266860647,5559.515111232312,151353.0531317332,-94890.62253280659,0.7232704402515723
1165053100,185,14.033694708231488,15.294571648209661,3664.8342007214346,101379.41057226426,-21703.207193564915,0.5891891891891892
1165054000,89,10.518014826980142,10.618196037654368,1280.5393728185888,75982.13911010454,43560.9903649324,0.24719101123595505
1165056000,40,6.774815360469022,7.473123677453773,3028.760967479739,48941.2661640282,81400.24039185992,0.2
1165057000,5,1.631602057458292,3.3957963347120677,1680.500791764717,11786.693263078694,93901.04285936986,0.0
1165058000,12,9.335313362723763,12.191164258644484,8453.71858746031,67438.30373231648,40619.04902264064,0.4166666666666667
1165058100,118,19.960333917314852,19.812843572941116,4544.6307453062855,144193.4522186825,-79451.22184919362,0.7711864406779662
1165059000,5,8.097057931516535,9.687681778531367,0.0,58493.146497275455,67595.72944229105,0.4
1165060000,9,12.14613093536555,13.24453026393641,2090.7274560875126,87743.64987708074,14550.674799273693,0.4444444444444444
1165061000,4,10.585058394509929,10.869246506353104,0.0,76466.46184193974,36854.18367664263,0.25
1165062000,3,11.730549230203685,10.140423780689613,2233.1568240230686,84741.48763899143,19213.500690230285,0.0
1165062100,6,18.111156570471053,17.657305152633032,3616.172760674068,130834.99506508291,-42730.24042540396,0.6666666666666666
1165065100,226,14.830463342746995,15.176400963839447,5206.664594008745,107135.26718800428,-35133.568534438324,0.6504424778761062
1165065200,204,17.016262146129115,18.66434795297703,9798.881652154705,122925.47774363671,-68113.83736267564,0.7254901960784313
1165066000,19,15.137521777165471,13.5039211753921,11626.986894162566,109353.45731824341,5662.176766606863,0.47368421052631576
1168051000,157,12.992182727280742,14.144524490507878,3608.830632485771,93855.52802187605,1975.5976169915812,0.4840764331210191
1168052100,185,11.089818296814805,11.015892601955994,4332.033119353213,80112.84737619018,24689.899805115245,0.3945945945945946
1168053100,172,13.678772942418668,14.338718834090807,3624.3611818588834,98815.45573603245,-3742.502790779283,0.5232558139534884
1168054500,210,11.513108344990094,12.158603626869192,3186.28073725734,83170.69468420844,21385.06986350956,0.38095238095238093
1168056500,141,13.865777474414175,14.379711053481786,3844.6983237624027,100166.37647516797,-8221.586791511072,0.5531914893617021
1168058000,174,18.967764143196533,19.758698425810795,3476.672757477991,137023.12817045173,-67015.39927724635,0.7586206896551724
1168059000,125,12.176546535140012,12.413790634251745,3458.930552698645,87963.37216985144,13936.32617638167,0.408
1168060000,10,8.092709007026672,7.177007387534863,562.3218547089587,58461.72986676067,70396.70910795694,0.2
1168061000,261,13.084756845944304,13.741088455040183,-30906.918917832158,94524.28345510166,77943.26353108263,0.23371647509578544
1168063000,256,12.505154291280276,13.544655673412878,3120.2631660712823,90337.23460020874,9393.26930286357,0.47265625
1168064000,262,20.891478539715447,22.285612624427394,10274.998836685205,150920.04097090437,-141394.66902557184,0.8931297709923665
1168065000,232,11.901870030451724,12.552829554455899,3226.3186992659594,85979.10909998324,12011.532729426923,0.4482758620689655
1168065500,185,14.219546666485726,14.678470821610714,2868.413413277876,102722.00511869289,-12842.112922801956,0.5459459459459459
1168065600,37,9.866193285747443,10.340740107701048,2229.747213587328,71273.3802962395,40347.80772463232,0.35135135135135137
1168066000,2,10.84113827544231,10.84113827544231,248.76666222924456,78316.38290179525,23144.254201889744,0.5
1168067000,1,-6.874838800241733,-6.874838800241733,-10896.907601938468,-49663.83549294627,227476.1173584446,0.0
1168067500,6,19.18630355278044,16.816804100840976,8992.18167236376,138601.8568652859,-94040.15705973768,0.6666666666666666
1168069000,6,5.636645069090239,3.4954741653506924,680.1795754150788,40719.123979107884,159829.86575345643,0.0
1168070000,5,5.453847195344049,4.058861622452343,-40346.07413828383,39398.592139165434,162882.78893303353,0.0
1168072000,7,3.1016571998954015,2.7592643073638077,892.2575506548415,22406.371612044382,158742.1625175617,0.0
1168073000,1,-6.8260189142820655,-6.8260189142820655,-549.8430464623706,-49311.160636773646,209444.77199539662,0.0
1168075000,30,17.026605194422665,13.76590773211626,-32427.644800289527,123000.19592450932,38259.56226673597,0.4
1171051000,1,11.922195323277595,11.922195323277595,1802.8169126206446,86125.93901535733,14478.775556787252,0.0
1171052000,16,9.191279181177144,11.164698051418664,-1912.438427815069,66397.8008048237,64279.63620140392,0.3125
1171053100,3,-3.8529275056386205,-2.92124145999294,0.0,-27833.54830073339,222779.28226594554,0.0
1171053200,3,-0.3346763945864866,1.3446602843960402,0.0,-2417.7022744927845,143541.29613613337,0.0
1171055000,3,-7.259842461135386,-6.2821470667468935,0.0,-52445.10193924202,205784.35510168454,0.0
1171056100,7,0.22031397279060788,2.5421588931441863,-1098.7826400272102,1591.548139439362,178669.46996428794,0.14285714285714285
1171056200,15,4.384892136994299,7.557797427848451,1017.5626151655072,31676.46079764682,134260.9681306744,0.26666666666666666
1171056600,9,-3.6244055196201885,-4.1109643171741155,0.0,-26182.70547373621,238774.84630718885,0.0
1171057000,7,-3.244039089814867,-0.7729637602791838,0.0,-23434.9383848226,208849.41284367305,0.0
1171058000,10,1.058219276690833,3.5779221125595178,0.0,7644.5760548145845,128900.69970193981,0.1
1171059000,2,-0.6467789496517569,-0.6467789496517569,0.0,-4672.331132284295,235439.65991581752,0.0
1171060000,11,5.946630237858201,9.671606038518107,0.0,42958.456838287624,82493.32000965481,0.36363636363636365
1171061000,7,5.311931559614375,5.508592230996904,-914.3488750155891,38373.39358665424,122487.76251756173,0.0
1171062000,40,18.624624809397528,20.77242428919925,7084.290787441585,134544.28962308774,-70824.00976798005,0.65
1171063100,11,4.130425137262454,6.931308609838507,1521.3896623273888,29838.191191583963,101993.53719069701,0.2727272727272727
1171063200,11,17.19110605108224,15.486942910283615,1721.624853851186,124188.55011301811,-36883.00702713436,0.6363636363636364
1171064100,10,9.604457325548356,11.28069247560063,-2972.4047341052888,69382.59971976132,48511.507188674994,0.3
1171064200,121,21.695950810993317,21.466709424478744,8713.566764234421,156731.54865861573,-128366.44876252016,0.8264462809917356
1171064600,6,-0.08985544498584422,1.8340382165655968,0.0,-649.1157345777458,202771.19827947224,0.0
1171064700,3,-3.1164006760885696,-3.344328747263822,0.0,-22512.87848406383,267323.6404046902,0.0
1171065000,23,11.395814374460212,12.294355949473664,846.7226254376914,82323.3630411006,19240.573154575497,0.30434782608695654
1171067000,13,6.507318047937589,9.393709752982579,0.0,47008.86557830111,58974.85529905875,0.3076923076923077
1171068000,15,13.387225903067861,16.983856108010553,0.0,96709.31992376222,-3838.6176709240535,0.5333333333333333
1171069000,6,-1.1574465803578413,3.149308977023379,0.0,-8361.39409650505,161807.0201627536,0.16666666666666666
1171071000,99,20.06881512389037,19.495254594068776,8254.17054803664,144977.12045498408,-85450.75313802864,0.7575757575757576
1171072000,2,9.25285551460015,9.25285551460015,0.0,66842.62823747148,86361.74371784185,0.0
1174051500,2,2.0740763104432416,2.0740763104432416,-6202.122318944151,14983.127266641955,104438.62215263942,0.0
1174052500,3,7.847794879191204,6.712173788274563,0.0,56692.470207277256,56839.859314852045,0.3333333333333333
1174052600,2,4.564314030329019,4.564314030329019,6794.028330472705,32972.60455509684,58028.06242007937,0.5
1174053000,2,-2.9300569588640597,-2.9300569588640597,1686.1799162655427,-21166.731470833965,147186.71881837715,0.0
1174054000,2,7.183959464879035,7.183959464879035,0.0,51896.92317428613,55621.49791577915,0.0
1174056000,2,6.966904817429681,6.966904817429681,-5243.220785553196,50328.92040111199,60871.497915779175,0.0
1174057000,2,9.233336050372374,9.233336050372374,767.9982544860967,66701.61962789003,48485.09933663198,0.5
1174058000,2,0.060783931913271694,0.060783931913271694,800.017924577744,439.1031241414894,127533.89791577912,0.0
1174059000,1,6.139163134101274,6.139163134101274,0.0,44349.31448074762,58015.1365167062,0.0
1174060000,3,-1.72663963146598,-2.9483233586715216,-4028.8258067539596,-12473.244697710243,129838.19168807426,0.0
1174061000,12,3.0061046413511985,4.417248841941056,0.0,21716.099929121054,119304.47651607863,0.16666666666666666
1174062000,5,4.706621334745212,5.594535109642209,3768.820269102595,34000.6325221994,106572.24305010677,0.2
1174064000,8,2.3099976766540617,5.252030288120369,1080.421017837025,16687.423216148945,154178.922393116,0.125
1174065000,4,-2.2788745310546004,-5.811085153013854,0.0,-16462.589612338426,164890.87197409698,0.0
1174066000,7,-5.398060205030148,-6.733153958061093,-1218.9168204906784,-38995.586921137794,249279.79414885558,0.0
1174068500,12,1.5006652222549666,2.7074816154166346,-2891.4813651944078,10840.805565569848,116072.9519870302,0.08333333333333333
1174069000,3,-6.6103517783893455,-6.825143207955674,0.0,-47753.181247084634,194266.1916880742,0.0
1174070000,4,-6.2308848739080185,-6.545510533144965,0.0,-45011.91232911153,214393.99645843077,0.0
