시군구명,행정동_코드_명,생활소비부담지수,반영업종수,업종부족,생활소비부담지수_전연령,반영업종수_전연령,생활소비부담지수_최근1년,반영업종수_최근1년,행정동_코드
강남구,개포1동,-2.6886768791663753,1,True,-2.415333371349604,2,-2.447352323008217,1,11680660
강남구,개포2동,-0.302553223394612,10,False,-0.2010301877364784,10,-0.23658417548980792,10,11680670
강남구,개포4동,0.9341735077129542,10,False,0.9483162912343662,10,0.4964861641176265,9,11680690
강남구,논현1동,0.7654358895789346,10,False,0.8057962913253869,10,0.7028106836919463,10,11680521
강남구,논현2동,0.7838047920474152,10,False,1.4293417105914341,10,0.7838826342387765,10,11680531
강남구,대치1동,0.7270262627414678,10,False,0.6299925547107483,10,0.6377556068579395,10,11680600
강남구,대치2동,-0.22531165565100145,10,False,0.11808870385026934,10,-0.18326954744171298,10,11680610
강남구,대치4동,0.7012896079755331,10,False,0.27150548944498476,10,0.436559031087339,10,11680630
강남구,도곡1동,-0.38901169854174494,10,False,-0.06801085748131468,10,-0.3494410329968817,10,11680655
강남구,도곡2동,0.5983105448805508,10,False,1.3453979582611963,10,0.6123871009634805,10,11680656
강남구,삼성1동,1.0444692395449975,10,False,1.4732018450900857,10,1.1493278651012155,10,11680580
강남구,삼성2동,0.10550289537054888,10,False,0.8072637530641936,10,0.21629420090032356,10,11680590
강남구,세곡동,0.10987806112121959,10,False,0.1778287908023525,10,0.13989474786042017,10,11680700
강남구,수서동,-0.6552618351073078,10,False,-0.6115835563765644,10,-0.5839019441548831,10,11680750
강남구,신사동,1.9664232124229097,10,False,1.835338369295631,10,2.0362403910878926,10,11680510
강남구,압구정동,1.613405070293768,10,False,1.698672699186974,10,1.4576723985806088,10,11680545
강남구,역삼1동,0.05871231870805612,10,False,0.29861529232475287,10,0.058434756410282764,10,11680640
강남구,역삼2동,-0.6079415976129169,10,False,-0.039787504190975834,10,-0.5743477151727364,10,11680650
강남구,일원1동,0.16398285389875888,10,False,0.09049219075539479,10,0.18816766326853368,10,11680730
강남구,일원2동,-0.01008939494138693,6,False,0.22640834810256258,6,0.04250217995368,6,11680740
강남구,일원본동,1.200697056212256,4,True,0.9369503054686211,5,1.1889020879585823,4,11680720
강남구,청담동,1.6157393753855367,10,False,1.8828582022628826,10,1.647126157546671,10,11680565
강동구,강일동,0.06911139921648336,9,False,0.3476531076126795,9,0.3200290136600129,8,11740515
강동구,고덕제1동,0.1744888323318927,6,False,-0.31297292567316376,6,0.321734860116566,6,11740550
강동구,고덕제2동,1.1020143060616663,9,False,0.9621132943887248,9,1.2496553233079888,9,11740560
강동구,길동,0.07544929487541648,10,False,-0.13005347024050354,10,0.0614233850959713,10,11740685
강동구,둔촌제1동,0.20069985369189464,7,False,-0.007663973658082611,7,0.12673210659671288,7,11740690
강동구,둔촌제2동,-0.33156227093393165,9,False,-0.2728068861111949,9,-0.5204241879186751,9,11740700
강동구,명일제1동,0.18404273839701474,10,False,0.17694954066116675,10,0.16561437545493699,10,11740530
강동구,명일제2동,0.5746320114481287,10,False,0.14760727847968985,10,0.3225913115096304,10,11740540
강동구,상일동,1.1078604883854661,10,False,1.1389643089907255,10,1.1936149182386004,10,11740520
강동구,성내제1동,0.2666907924037257,10,False,0.31753566659734095,10,0.43536635322287753,9,11740640
강동구,성내제2동,0.8022639752024829,10,False,0.5032074540955084,10,0.8968885495467613,10,11740650
강동구,성내제3동,0.3097352029451631,10,False,0.21200831432703912,10,0.38543635381461927,10,11740660
강동구,암사제1동,-0.06285116140255496,10,False,-0.26766167709755956,10,0.14320957084147626,10,11740570
강동구,암사제2동,0.08468670222108529,10,False,-0.0015589136072029941,10,0.07671398508522452,10,11740580
강동구,암사제3동,-0.47990971762171425,8,False,-0.646984414866129,8,-0.19357187158220648,8,11740590
강동구,천호제1동,0.3227984127818446,10,False,0.2822449306761337,10,0.28857323705594523,10,11740600
강동구,천호제2동,0.6448804760542901,10,False,0.22076802268241819,10,0.6831379933772594,10,11740610
강동구,천호제3동,0.3589953930043387,10,False,0.11790553524163083,10,0.5974763166690245,10,11740620
강북구,미아동,0.04154395610824756,10,False,-0.18272068999682425,10,0.12958625689059983,10,11305535
강북구,번1동,-0.013348064636460977,10,False,-0.14047076023146404,10,-0.27937161144134803,10,11305595
강북구,번2동,0.35201689867321223,6,False,0.9267612267026908,6,-0.24665817395970882,5,11305603
강북구,번3동,-0.08057058919021035,8,False,-0.2752166002326714,8,0.2327832557951598,8,11305608
강북구,삼각산동,0.2842717678218681,9,False,0.11832762282618908,9,0.36881574750021967,9,11305575
강북구,삼양동,0.30931690073340723,9,False,0.09444021444085968,8,0.16243408463124598,7,11305534
강북구,송중동,0.5094347475769554,10,False,0.33619931371533773,10,0.5430953430743612,10,11305545
강북구,송천동,0.23366726166757917,9,False,0.29116900139894974,9,0.4072743675919028,9,11305555
강북구,수유1동,0.2884335893478784,7,False,0.11865612861530687,7,0.46124715834723545,8,11305615
강북구,수유2동,0.09047060592246507,10,False,0.3081150290451581,9,0.32586326382905384,10,11305625
강북구,수유3동,0.6212356113299886,10,False,0.4631554327629467,10,0.48424407085105053,10,11305635
강북구,우이동,0.22336255499778632,10,False,0.2663311788160794,10,0.42037472050507285,8,11305645
강북구,인수동,0.4556719783755625,8,False,0.30123391146306916,8,0.21780243397291688,8,11305660
강서구,가양제1동,0.6025098669707286,10,False,0.7775318430817993,10,0.6820424860274039,10,11500603
강서구,가양제2동,0.18988627875062164,5,False,-0.08001668041325871,5,0.1519536678051266,5,11500604
강서구,가양제3동,-1.4395880837598192,7,False,-0.9911621625195506,7,-1.2469952762837455,5,11500605
강서구,공항동,0.049064249524826846,10,False,0.16695934707226515,10,-0.03255670008293843,10,11500620
강서구,등촌제1동,0.05443383280105048,10,False,0.14116232858220426,10,0.1598511252891451,10,11500520
강서구,등촌제2동,0.19652868772573134,9,False,-0.09079423453539477,9,0.4182307949927737,8,11500530
강서구,등촌제3동,0.019257845706479714,10,False,0.13491528764829896,10,0.008215073726886847,10,11500535
강서구,발산제1동,0.1142599121301517,10,False,-0.12317506603982639,10,-0.054565028123909176,10,11500611
강서구,방화제1동,-0.23293356430654075,10,False,-0.15612879924592685,10,-0.2673400468349347,10,11500630
강서구,방화제2동,0.8485006437863789,8,False,0.9688544215948807,8,0.7877415035843764,8,11500640
강서구,방화제3동,-0.42712948039430715,10,False,-0.48537971858739015,10,-0.3465997651099249,10,11500641
강서구,염창동,-0.33449278130646076,10,False,-0.27590281340875517,10,-0.39205047816115124,10,11500510
강서구,우장산동,0.23111340769589933,9,False,0.16833515270615967,9,0.2169595703276327,9,11500615
강서구,화곡본동,0.21679045398639696,10,False,0.062243747399961004,10,0.31026204635954635,10,11500590
강서구,화곡제1동,-0.13221152974617764,10,False,-0.36323308588002223,10,-0.22177899738363394,10,11500540
강서구,화곡제2동,0.009137350318623172,8,False,0.04386222948139177,7,0.08604639643299254,7,11500550
강서구,화곡제3동,0.25017510978039137,10,False,0.31668148750497,10,0.45792492769426074,10,11500560
강서구,화곡제4동,-0.23145942654568824,9,False,-0.43242538411773057,9,-0.10739445693616792,9,11500570
강서구,화곡제6동,0.8494477012108697,10,False,0.7110357143397593,10,1.1895402977770304,10,11500591
강서구,화곡제8동,-0.5011551761822317,9,False,-0.6538620483710601,9,-0.44472317771439623,9,11500593
관악구,낙성대동,0.951331270866038,10,False,0.744949767943021,10,0.8723886371777064,10,11620585
관악구,난곡동,-0.15606260517279716,8,False,-0.2524733862514048,8,0.05193461644314872,8,11620775
관악구,난향동,0.2443767434506503,6,False,-0.28691709625646405,6,-0.1035575420084558,4,11620715
관악구,남현동,0.3813022397945277,10,False,0.11228250295122617,10,0.5044502779409006,10,11620630
관악구,대학동,-0.9282578329253413,10,False,-1.0443263884505398,10,-0.7678343806128038,10,11620735
관악구,미성동,0.0913956461509724,9,False,0.12491566361406786,9,0.25766586758805254,9,11620765
관악구,보라매동,0.08856185850918027,10,False,0.22533992750236212,10,-0.08872476384547032,10,11620525
관악구,삼성동,0.4562769792800243,8,False,0.06400853065328405,6,0.8132062912068451,6,11620745
관악구,서림동,-0.6025962007114914,10,False,-0.3292942167619974,10,-0.18922848907865725,10,11620665
관악구,서원동,0.3266889081836705,10,False,-0.029738837086570446,10,0.08573289922148959,10,11620645
관악구,성현동,-0.5681920130180989,9,False,-0.752706482679619,9,-0.5918130216284129,8,11620565
관악구,신림동,-0.15384424183404471,10,False,-0.49465244687942544,10,-0.16361994770982546,10,11620695
관악구,신사동,-0.0014426578321772284,9,False,-0.17370705199471717,9,-0.18275847360210537,9,11620685
관악구,신원동,-0.306192127042198,10,False,-0.5469810934895841,10,-0.19672646732222665,9,11620655
관악구,은천동,-0.014125080137727775,10,False,0.00909806878405913,10,0.10185240456903774,10,11620605
관악구,인헌동,-0.4130474437189484,10,False,-0.5422771554102811,10,-0.3114994859047104,10,11620625
관악구,조원동,0.1070395387504591,10,False,0.07497883919758486,10,0.14478912969622154,10,11620725
관악구,중앙동,0.28283311974555925,10,False,0.2831755099995893,10,0.045073115143203314,10,11620615
관악구,청룡동,0.48229029827181635,10,False,0.31125590319828567,10,0.3835558737637824,10,11620595
관악구,청림동,-0.41509218613610066,7,False,-0.28491225306018425,6,-0.18271988240143305,4,11620545
관악구,행운동,-0.5624723140222099,10,False,-0.4716813638141201,10,-0.5359204762687618,10,11620575
광진구,광장동,0.5774005186914843,10,False,0.7434812726695053,10,0.3529296957217596,9,11215810
광진구,구의제1동,0.10937297839922863,10,False,0.09219920379210314,10,0.20404936573158694,10,11215850
광진구,구의제2동,0.35988187269527366,10,False,0.07419998998766661,10,0.4480243240053724,10,11215860
광진구,구의제3동,-0.049766802378944444,10,False,0.025320203820746824,10,0.02644729451168191,10,11215870
광진구,군자동,-0.13641624906860747,10,False,-0.25209623259009317,10,0.019757482515926662,10,11215730
광진구,능동,0.644938894324054,9,False,0.5103136920721729,9,0.8413769169663021,9,11215780
광진구,자양제1동,0.019670320440362217,9,False,0.030349713553045363,9,0.2287679706616014,9,11215820
광진구,자양제2동,0.3354524390236805,10,False,0.12528687839048525,10,0.2941797248539628,10,11215830
광진구,자양제3동,0.11808287721229693,10,False,0.3678801560645151,10,0.1296893391620547,10,11215840
광진구,자양제4동,0.5382629150037586,10,False,0.2777257388661768,10,0.8813354808468968,9,11215847
광진구,중곡제1동,0.6897720130104237,9,False,0.3158530406419106,7,0.77584887587613,9,11215740
광진구,중곡제2동,0.2389280353951415,10,False,0.11902885094041679,10,0.40058227949274156,10,11215750
광진구,중곡제3동,-0.12427040434068837,8,False,-0.2936187195943668,8,-0.0034875334950392497,9,11215760
광진구,중곡제4동,-0.13674228009408523,10,False,-0.4028739930930466,10,-0.03584017959756865,10,11215770
광진구,화양동,-0.13906854509543745,10,False,-0.25087881892733827,10,-0.17043588277986305,10,11215710
구로구,가리봉동,0.362557816540586,6,False,0.5256381267023457,6,0.2798714879157655,6,11530595
구로구,개봉제1동,0.3078995061122077,9,False,0.16039992038807213,9,0.3621838060785207,9,11530740
구로구,개봉제2동,-0.16748503154877328,9,False,-0.29108882610588,9,-0.1884987233397444,9,11530750
구로구,개봉제3동,0.45414441027179364,8,False,0.09519941816215885,8,0.24293143709599704,8,11530760
구로구,고척제1동,-0.4256667396314664,10,False,-0.3366264465497254,10,-0.2996559422953693,10,11530720
구로구,고척제2동,0.26618194127213013,10,False,0.22593578409361145,10,0.2895768382418949,10,11530730
구로구,구로제1동,0.16722407067669645,6,False,0.051292393230799184,6,-0.179098624953312,6,11530520
구로구,구로제2동,-0.00953035744857671,10,False,0.27162362621009234,10,-0.016844152393334866,10,11530530
구로구,구로제3동,-0.5157112416675457,10,False,-0.21098650413884962,10,-0.5481715651758716,10,11530540
구로구,구로제4동,0.1358255751275174,10,False,-0.10208346543601851,9,0.10694481251356128,10,11530550
구로구,구로제5동,0.2713992009832803,10,False,0.3057914720786756,10,0.06913161060369585,10,11530560
구로구,수궁동,-0.344669298275889,8,False,-0.19787122475588786,8,-0.15899116269306765,8,11530790
구로구,신도림동,0.14662567580145883,10,False,-0.03398010384796209,10,0.10930272657022044,10,11530510
구로구,오류제1동,-0.17235586161917038,9,False,-0.2479710064215413,9,-0.1838132516859614,9,11530770
구로구,오류제2동,-0.08287982040116564,10,False,-0.1958607674158537,10,-0.027603393632624436,10,11530780
구로구,항동,0.2949105464602005,2,True,-0.23236079583698932,2,0.5280430627477106,1,11530800
금천구,가산동,-0.6391350258149118,10,False,-0.3926497030225478,10,-0.5900832394967375,10,11545510
금천구,독산제1동,-0.43831007372838987,10,False,-0.40921372380848764,10,-0.36147158845411625,10,11545610
금천구,독산제2동,0.19506563835664287,9,False,0.12032429534451941,9,-0.10379022227556045,8,11545620
금천구,독산제3동,0.39673475453353546,9,False,0.2791195747494773,9,0.3335720806500646,9,11545630
금천구,독산제4동,0.625656223394693,10,False,0.4819566764383446,10,0.5593579453025422,9,11545640
금천구,시흥제1동,0.5702911003972955,10,False,0.5229870739892076,10,0.5030878350010785,10,11545670
금천구,시흥제2동,-0.05143505024825934,4,True,-0.5842896917397565,4,-0.6662119517898708,3,11545680
금천구,시흥제3동,0.24469982044419442,8,False,0.3711602534614706,8,0.39576173719124974,8,11545690
금천구,시흥제4동,-0.2036204943099226,9,False,-0.06790534971948681,9,-0.1354511010001336,8,11545700
금천구,시흥제5동,-0.040949778997897236,10,False,-0.24096006272505255,10,0.01569809788177042,10,11545710
노원구,공릉1동,0.14939380635666014,10,False,0.04430770674001967,10,0.26644383168814734,10,11350595
노원구,공릉2동,-0.7367657529985231,10,False,-0.5269117252584437,10,-0.7054714579549489,10,11350600
노원구,상계10동,-0.6065825197669611,6,False,-0.7615111258844914,6,-0.582265210740486,5,11350720
노원구,상계1동,0.11733664693088053,10,False,0.03545575439679247,10,0.12393520054250975,10,11350630
노원구,상계2동,0.7940412666023546,10,False,0.33979185112874344,10,0.5498612540973927,10,11350640
노원구,상계3.4동,0.45727635183288423,9,False,0.4749560983293652,9,0.3472938506160716,9,11350665
노원구,상계5동,0.36553183129307165,9,False,0.299975614553522,9,0.5151899399632653,9,11350670
노원구,상계6.7동,0.050089409045025055,10,False,0.05672154802316235,10,-0.004521484137836929,10,11350695
노원구,상계8동,-0.5779541946542228,10,False,-0.7917948102851813,10,-0.47985269345519926,8,11350700
노원구,상계9동,0.1649669922815848,8,False,-0.045237297407863,8,0.17968917933283132,8,11350710
노원구,월계1동,-0.042225747308026716,10,False,-0.06294190190823859,10,-0.17725547245338308,10,11350560
노원구,월계2동,-0.1583347499169061,8,False,-0.35470464227021886,8,-0.2907972231490601,8,11350570
노원구,월계3동,-0.8338898721300572,6,False,-0.4493204082542306,7,-0.7829565947444234,6,11350580
노원구,중계1동,-0.28530964552769994,8,False,-0.6799754889981425,8,-0.27860102455465263,8,11350621
노원구,중계2.3동,0.17053593332758044,10,False,0.03439349209774343,10,0.25675524120893245,10,11350625
노원구,중계4동,0.4769300189011956,10,False,0.24086674159772592,10,0.2888370139065734,10,11350624
노원구,중계본동,-0.38862098664905687,10,False,-0.6105885712410253,10,-0.20549307643958237,10,11350619
노원구,하계1동,0.07104490927774669,10,False,0.3201718599225026,10,0.054447929884338074,10,11350611
노원구,하계2동,0.08822734896847254,2,True,0.05079099570954734,2,0.2885800013478913,1,11350612
도봉구,도봉제1동,6.316940904903411e-05,9,False,-0.024058790646562973,9,0.12421551445576233,9,11320521
도봉구,도봉제2동,0.09173081249625688,10,False,0.15554585484155292,10,-0.02417654457583307,10,11320522
도봉구,방학제1동,0.7008106544356457,10,False,0.6052487969473599,10,0.7389343019520948,10,11320690
도봉구,방학제2동,-0.4362301818532146,8,False,-0.5550532389538737,8,-0.565270574725194,8,11320700
도봉구,방학제3동,1.0717996503539773,6,False,0.5519269015984744,8,1.6690126409627617,5,11320710
도봉구,쌍문제1동,-0.4515313565021848,10,False,-0.3980651610992793,9,-0.4190959002082344,9,11320660
도봉구,쌍문제2동,-0.021476192101172277,10,False,-0.12824983688290306,10,0.5077335637054772,9,11320670
도봉구,쌍문제3동,-0.11756085779703711,10,False,-0.26565235612348304,10,-0.1267558235618948,10,11320680
도봉구,쌍문제4동,0.012408039840383023,5,False,-0.14473380770320365,5,0.40175823845988834,5,11320681
도봉구,창제1동,-0.04386052910806921,10,False,-0.3443641887952999,10,-0.1516119283712702,10,11320511
도봉구,창제2동,-0.07741268520741029,10,False,-0.19526160149731023,10,0.06920359315488955,10,11320512
도봉구,창제3동,0.6077300295411052,9,False,0.49876851122670945,9,0.897576026388254,9,11320513
도봉구,창제4동,0.2683410288443067,10,False,-0.09814591848063135,10,-0.13865256524853817,9,11320514
도봉구,창제5동,0.12871489179149076,10,False,0.02488145187203955,10,0.09012071156522135,10,11320515
동대문구,답십리제1동,0.21262781159285135,9,False,0.15473060444297487,8,0.1562184230503666,8,11230600
동대문구,답십리제2동,0.4552750561975786,9,False,0.4104605083160099,9,0.5889709833820851,9,11230610
동대문구,용신동,-0.17824943465735815,10,False,-0.14843282600106938,10,-0.1477148496074024,10,11230536
동대문구,이문제1동,-0.6461932059656682,10,False,-0.6952286807710004,10,-0.6030653304641608,10,11230740
동대문구,이문제2동,0.20276490106031608,6,False,0.29775168931431495,6,0.5521618964364718,5,11230750
동대문구,장안제1동,0.6037307835047938,10,False,0.5706375378866372,10,0.5219701772066692,10,11230650
동대문구,장안제2동,0.11144862737365369,10,False,-0.06787708549249492,10,0.05293196412890849,10,11230660
동대문구,전농제1동,0.8490878290457025,9,False,0.7407791821305689,9,0.71823868299953,9,11230560
동대문구,전농제2동,-0.7019853458039709,9,False,-0.40555932224587066,9,-0.7348719196584167,9,11230570
동대문구,제기동,0.3396604717707719,10,False,0.3869387707321635,9,0.2889456791590271,10,11230545
동대문구,청량리동,-0.006849404083874207,9,False,-0.05123254177172184,9,-0.07738309817253876,9,11230705
동대문구,회기동,-0.25259022174098933,10,False,-0.3567478980394406,10,-0.25708034887678466,10,11230710
동대문구,휘경제1동,0.2839180871898776,10,False,0.20796515354569797,10,0.5720268210414836,10,11230720
동대문구,휘경제2동,-0.4707600273448618,8,False,-0.2676320682505352,7,-0.5500890989618459,7,11230730
동작구,노량진제1동,-1.1660026050333432,10,False,-1.3205975364887763,10,-1.1696531247842636,10,11590510
동작구,노량진제2동,-0.549686105042299,10,False,-0.4627498999384855,10,-0.30052607620873206,10,11590520
동작구,대방동,0.6494085661946,10,False,0.3928298370702271,10,0.6410574446269373,10,11590660
동작구,사당제1동,0.8543546283121918,10,False,0.555087212392405,10,0.4571740596266364,10,11590620
동작구,사당제2동,0.4013157867216151,10,False,-0.08109636857552675,10,0.36544857262683034,10,11590630
동작구,사당제3동,-0.25866814294849516,8,False,-0.20965016493231747,7,0.2204521332815231,6,11590640
동작구,사당제4동,-0.35930024677392797,9,False,-0.5726085205369585,8,0.1532587137020732,8,11590650
동작구,사당제5동,-0.6137379055319182,6,False,-0.6874260345424194,6,-0.7194643652671139,5,11590651
동작구,상도제1동,-0.4094196806320768,10,False,-0.24898043924487806,10,-0.34251644053952607,10,11590530
동작구,상도제2동,-0.32475879085675885,9,False,-0.17614999266792414,9,-0.18083267403871714,9,11590540
동작구,상도제3동,-0.3614520696204021,10,False,-0.5780891626398335,10,-0.3272114700591695,10,11590550
동작구,상도제4동,0.18283560163855836,10,False,0.24739215326210556,10,0.18714065927952514,10,11590560
동작구,신대방제1동,-0.10380383913031033,9,False,0.052132107684099475,9,-0.39408372756362153,8,11590670
동작구,신대방제2동,-0.4468242539981338,10,False,-0.18227394073993045,10,-0.5236261578674494,10,11590680
동작구,흑석동,-0.4103143445050105,10,False,-0.3144166136712129,10,-0.40577705195698666,10,11590605
마포구,공덕동,0.18076131733839107,10,False,0.5675075528837453,10,0.2903082679375405,10,11440565
마포구,대흥동,-0.7088342795898648,10,False,-0.930122664009722,10,-0.20406224060183442,10,11440600
마포구,도화동,0.3240947143961665,10,False,0.804472322783097,10,0.5617178712938632,10,11440585
마포구,망원제1동,0.18177220427983157,10,False,-0.20188936083416387,10,0.3281778874454852,10,11440690
마포구,망원제2동,1.226413418411955,9,False,0.6257988998898321,9,0.9842138307020196,9,11440700
마포구,상암동,-0.3391160802180823,10,False,0.21879475879662075,10,-0.36131640927310893,10,11440740
마포구,서강동,0.4930446385660411,10,False,0.2638705137042321,10,0.19867529471430553,10,11440655
마포구,서교동,1.0695335689495276,10,False,0.5506093302585515,10,1.1781821722410049,10,11440660
마포구,성산제1동,0.401812570860329,10,False,0.5149556666004814,10,0.6014824398811353,9,11440720
마포구,성산제2동,-0.08955958242899996,10,False,-0.1328020379338046,10,-0.12327524297087344,10,11440730
마포구,신수동,0.027275523636986994,9,False,0.041424968578803574,9,0.16817264903818613,8,11440630
마포구,아현동,1.0001594795893303,9,False,0.9714900237912657,9,0.4892458963286357,9,11440555
마포구,연남동,1.3731723380167078,10,False,0.8465687183068458,9,1.2953336585802186,9,11440710
마포구,염리동,0.19663664974284845,9,False,0.09558253686336692,9,0.5000926141312134,9,11440610
마포구,용강동,0.08772398912065381,10,False,0.7789280997646707,10,0.08402115879359676,10,11440590
마포구,합정동,0.8016396941265576,10,False,0.7311823859903736,10,0.7744643743167259,10,11440680
서대문구,남가좌제1동,-0.32147537730056763,5,False,-0.2708445846705966,5,0.220001082570141,4,11410690
서대문구,남가좌제2동,0.12961866746536782,10,False,0.15121627904304633,10,0.2689745152060685,10,11410700
서대문구,북가좌제1동,-0.027759955222515915,3,True,0.7274158154954744,4,-0.0978355349513574,3,11410710
서대문구,북가좌제2동,0.02301887011255564,10,False,-0.11425641544101496,9,-0.062488364484631784,9,11410720
서대문구,북아현동,0.2993122618358378,8,False,0.47380706411382423,8,0.43602051667423014,8,11410555
서대문구,신촌동,-0.6108957673562868,10,False,-0.737025303247222,10,-0.7073232619704262,10,11410585
서대문구,연희동,0.9699917957303213,10,False,1.0328956639336295,10,0.8581313504491538,10,11410615
서대문구,천연동,0.41631026081587424,10,False,0.5832634933175782,9,0.27913951802259046,9,11410520
서대문구,충현동,-0.3896376175082203,10,False,0.179030342094332,10,-0.42306452269073913,10,11410565
서대문구,홍은제1동,0.10465103104817977,8,False,-0.09799503786130412,9,0.06579683157395441,8,11410660
서대문구,홍은제2동,-0.40700297985748,9,False,-0.5248453686734337,9,-0.38734567754106225,9,11410685
서대문구,홍제제1동,0.267245068381845,9,False,0.1581270838368731,9,0.26365427418324255,9,11410620
서대문구,홍제제2동,0.1390668029673654,8,False,-0.1025549560269911,8,0.5097169191314448,8,11410655
서대문구,홍제제3동,-0.3074408175720856,10,False,-0.5391598918081243,10,-0.22817454146188892,10,11410640
서초구,내곡동,-0.2754820410700487,6,False,0.2571167127242553,6,-0.21479987283076526,6,11650660
서초구,반포1동,0.1529054755005193,10,False,0.19167821974713364,10,0.19687490456168386,10,11650560
서초구,반포2동,0.4767816208243734,7,False,0.5655705507168707,7,0.00402885274635717,6,11650570
서초구,반포3동,0.9590431692348684,10,False,0.5604693351412307,10,0.7884123901681773,9,11650580
서초구,반포4동,0.9594939954528877,9,False,0.9804710441227158,9,0.788568677570731,9,11650581
서초구,반포본동,0.7472259201916067,4,True,0.5168497238353785,4,2.260971105783194,3,11650550
서초구,방배1동,0.12528639329987296,10,False,0.4094848344612004,10,-0.08213095154710327,10,11650600
서초구,방배2동,1.957545070130124,10,False,1.530746650352619,10,1.6859880596551473,10,11650610
서초구,방배3동,-0.09730935260684581,8,False,0.7760457128615726,8,-0.08529535325994078,7,11650620
서초구,방배4동,0.47506987397086337,10,False,0.7536012818653675,10,0.4719535253448484,10,11650621
서초구,방배본동,0.671899029533247,10,False,0.7530552305580696,10,0.5610480540689131,10,11650590
서초구,서초1동,0.12658426653120783,10,False,0.6183322084639238,10,0.10329904452497615,10,11650510
서초구,서초2동,0.1653005106499401,10,False,0.8009997968450735,10,0.3347071797512681,10,11650520
서초구,서초3동,0.012721518384080765,10,False,0.5184352110192172,10,0.02197033912628101,10,11650530
서초구,서초4동,0.5444664518360378,10,False,0.6909178652004488,10,0.6774708401102055,10,11650531
서초구,양재1동,-0.06766615778529257,10,False,0.4650328688751639,10,-0.1045346628418877,10,11650651
서초구,양재2동,0.04013894818043697,10,False,0.6277977593541942,10,0.03331903351045647,10,11650652
서초구,잠원동,0.4675856555910115,10,False,1.0827993678619516,10,0.5132331750723631,10,11650540
성동구,금호1가동,0.6816799378124877,5,False,0.3459403086608603,5,0.869385066414049,5,11200590
성동구,금호2.3가동,0.018007503110325507,10,False,0.21235091584332116,9,-0.23010398913400873,10,11200615
성동구,금호4가동,0.17731244327104018,9,False,0.4394492867682572,9,0.0849390201411859,8,11200620
성동구,마장동,0.7141277041957252,9,False,1.005757342134269,9,0.6081572565397991,9,11200540
성동구,사근동,-0.29883495659495024,10,False,-0.19328398914909375,10,-0.3675241466882994,10,11200550
성동구,성수1가제1동,-0.09968864243045411,9,False,0.04493203669264302,9,0.050022405636097195,9,11200650
성동구,성수1가제2동,0.4705434519227203,10,False,0.6195261241171863,10,0.8783803989334531,9,11200660
성동구,성수2가제1동,0.770008931043185,10,False,0.6813936472876891,10,0.9800563006028625,10,11200670
성동구,성수2가제3동,0.2915716702267445,10,False,0.2607953417984987,10,0.3255695104434878,10,11200690
성동구,송정동,0.14628881033464264,7,False,0.38691066165024784,6,0.040876688118787675,6,11200720
성동구,옥수동,1.0142582022954667,9,False,0.553962878895581,9,0.9107255884629515,8,11200645
성동구,왕십리도선동,0.4997026784962364,9,False,0.4738224158225433,9,0.47776602822375225,9,11200535
성동구,왕십리제2동,0.3108610708576174,9,False,0.36026044197195356,9,0.1859978766923532,9,11200520
성동구,용답동,-0.13646102971954532,10,False,-0.0308003315178233,10,-0.11673593899522831,10,11200790
성동구,응봉동,0.2505421976489778,5,False,0.39312286863841817,5,0.32432484937244205,3,11200580
성동구,행당제1동,0.23944637351753367,10,False,0.19728957629789762,10,0.2563725198236138,10,11200560
성동구,행당제2동,0.018610401172042136,5,False,-0.2691489517769809,6,0.3832861387404465,4,11200570
성북구,길음제1동,-0.37001096482249174,8,False,-0.5579044093201044,8,-0.25981581873992643,8,11290660
성북구,길음제2동,0.09398622523379306,9,False,0.04751099185421998,9,0.08603517687041617,9,11290685
성북구,돈암제1동,1.0426686478569034,4,True,0.5425115807674806,4,-0.19265669077052627,3,11290580
성북구,돈암제2동,-0.13713806085645527,8,False,-0.2272575220010466,8,-0.3878159911222079,8,11290590
성북구,동선동,0.06910780613811042,10,False,-0.3606786894408894,10,0.13979198083860803,10,11290575
성북구,보문동,0.14731679131042433,10,False,0.06859490962812935,10,0.012643929142179822,8,11290610
성북구,삼선동,0.2545635174585599,10,False,0.10781693555282726,10,0.3465505620267306,10,11290555
성북구,석관동,0.6759135571924471,10,False,0.36191008835413935,9,0.448702050744269,10,11290810
성북구,성북동,0.5219958263634144,10,False,0.9805172325518947,10,0.4689119047288587,10,11290525
성북구,안암동,-0.9479704238510049,10,False,-0.7482235897174963,10,-0.7037893758851024,10,11290600
성북구,월곡제1동,-0.12718414788011934,8,False,0.019539594200773495,9,-0.06341582025049479,9,11290715
성북구,월곡제2동,-0.15379794117810844,10,False,-0.10943507179546633,10,-0.10779941701070798,10,11290725
성북구,장위제1동,-0.31405607327489965,8,False,-0.353452822646257,8,-0.34453052722664296,7,11290760
성북구,장위제2동,0.023113703474771527,8,False,0.2891476430756178,9,-0.3699779778030145,8,11290770
성북구,장위제3동,0.6540901273342042,6,False,0.6859598615724392,6,0.5810446313919424,5,11290780
성북구,정릉제1동,0.11561413817429678,8,False,-0.035934931838741,8,-0.2256070187145358,8,11290620
성북구,정릉제2동,-0.12201123051959467,9,False,-0.1162277118813874,10,-0.2828845820119432,9,11290630
성북구,정릉제3동,0.5454043232798864,10,False,0.4646748675729302,9,0.29038871839958424,8,11290640
성북구,정릉제4동,-0.22386601125926642,8,False,-0.13476962262863662,8,-0.15799456192985778,8,11290650
성북구,종암동,-0.3541334346553978,10,False,-0.303796245755397,10,-0.2418534600263506,9,11290705
송파구,가락1동,0.6967580080727378,5,False,1.0151669589738688,5,0.735176169094832,5,11710631
송파구,가락2동,-0.17250219085676607,10,False,0.07868838697175204,10,-0.19754448798405005,10,11710632
송파구,가락본동,0.8439508270145051,10,False,0.7792582084446033,10,0.5161881154650079,10,11710620
송파구,거여1동,0.2428236540253129,9,False,0.3690369459600526,9,0.375579617731486,9,11710531
송파구,거여2동,-0.14431445981470897,9,False,-0.16995127503354468,9,0.31085336657315454,9,11710532
송파구,마천1동,-0.2739730579660537,10,False,-0.4512693736647903,10,-0.3417273972341963,9,11710540
송파구,마천2동,0.6010721436740428,9,False,0.43205559179360853,9,0.5792690310962704,9,11710550
송파구,문정1동,0.7410840070482987,9,False,0.39910393539781147,8,0.45297016678196056,8,11710641
송파구,문정2동,-0.25631031521794617,10,False,-0.1425437161362984,10,0.01190424770514198,10,11710642
송파구,방이1동,0.1924979350270021,9,False,0.4697696151517277,9,-0.22628828408142146,7,11710561
송파구,방이2동,0.9864168158355856,10,False,0.7157019364411383,10,0.8954676456425009,10,11710562
송파구,삼전동,0.17150770913259067,10,False,-0.006202646795695524,10,0.21194515246041273,10,11710610
송파구,석촌동,0.7177678582570368,10,False,0.6469170802163478,10,0.8893939226083157,10,11710600
송파구,송파1동,1.1162698759538796,10,False,0.9531965603551129,10,1.2260034460917253,10,11710580
송파구,송파2동,-0.04403982036158942,8,False,0.029737041338877335,9,0.021816645842782617,8,11710590
송파구,오금동,0.15352021130184587,10,False,0.146525480721807,10,0.07930647468662513,10,11710570
송파구,오륜동,-0.08697151312432783,4,True,0.13000433848014958,4,-0.6642937797305978,3,11710566
송파구,위례동,0.27431336643731247,9,False,-0.12386641791666747,9,0.5227679789920622,9,11710647
송파구,잠실2동,-0.5827892406702695,9,False,-0.7124649736048021,9,-0.5801565589624889,9,11710670
송파구,잠실3동,-0.5904165522145314,9,False,-0.5996562531917027,9,-0.7774040009896893,9,11710680
송파구,잠실4동,0.3098504055617566,6,False,0.12805178906810774,6,0.0874182713142428,6,11710690
송파구,잠실6동,0.6066057598278007,10,False,0.5520192379027504,10,0.6996403125169267,10,11710710
송파구,잠실7동,0.35741663272561697,2,True,-0.5268968023543046,3,0.4271822068006583,2,11710720
송파구,잠실본동,0.30143879027711284,10,False,0.11449264490516856,10,0.37180576517521186,10,11710650
송파구,장지동,0.4374468834318417,9,False,0.41852094585940264,9,0.46507844178763247,9,11710646
송파구,풍납1동,0.08297345618547428,9,False,0.08686074987381015,9,0.1685688405739315,9,11710510
송파구,풍납2동,0.19858303238093783,9,False,0.2518867846778192,9,0.4317502058581858,8,11710520
양천구,목1동,0.04776811834551019,10,False,-0.12517935253957746,10,0.07083714731277606,10,11470510
양천구,목2동,-0.0408894821044008,8,False,-0.19548836843639722,8,0.08965918087319934,8,11470520
양천구,목3동,-0.2814780138559935,10,False,-0.41191303617423475,10,-0.3209731652973685,10,11470530
양천구,목4동,-0.5774130598601895,9,False,-0.8876917193343009,9,-0.42820718841776434,9,11470540
양천구,목5동,-0.2319683980074442,10,False,-0.41015342352519707,10,-0.32471413236813584,10,11470550
양천구,신월1동,0.1870941392305053,9,False,0.22115342688489154,10,0.01097783897681539,8,11470560
양천구,신월2동,0.36723040242326743,9,False,0.13166092827479392,9,0.21976660375423815,9,11470570
양천구,신월3동,0.03208437610132789,8,False,-0.05951279970987779,8,0.006833811516578724,7,11470580
양천구,신월4동,0.2479818105439732,9,False,0.1805944147662048,9,0.2778997703315949,9,11470590
양천구,신월5동,0.20280182175295072,9,False,-0.17171081088953244,8,0.31966745272025665,8,11470600
양천구,신월6동,0.26973285245479217,8,False,0.1034022374795161,8,0.3840751829392182,7,11470610
양천구,신월7동,0.290817229745497,8,False,-0.013310918819604741,9,0.3540397552103191,8,11470611
양천구,신정1동,1.0215185498548807,9,False,0.6051336433558583,9,1.0588105433113562,9,11470620
양천구,신정2동,-0.2599563950254462,9,False,-0.2201076349601878,9,-0.19060404538922382,9,11470630
양천구,신정3동,-0.4453808179387603,10,False,-0.5409649433691516,10,-0.1612356358692371,9,11470640
양천구,신정4동,0.6314554600484594,10,False,0.24125023659151493,10,0.5629495261913827,10,11470650
양천구,신정6동,0.028819522962582056,6,False,-0.8052677256644195,6,-0.6971847507585794,5,11470670
양천구,신정7동,-0.27301654792758334,10,False,-0.4093009142077597,10,-0.28397893358317106,10,11470680
영등포구,당산제1동,-0.36710990278695477,10,False,-0.3315443473521861,10,-0.2773040920260074,10,11560550
영등포구,당산제2동,-0.1779536407554821,10,False,-0.10185443792558897,10,-0.1487536780403127,10,11560560
영등포구,대림제1동,0.28363029635941295,9,False,0.45419198211709205,9,0.3077519674021322,9,11560700
영등포구,대림제2동,0.3052656479105774,8,False,0.5141867004199462,8,0.2716385235088023,8,11560710
영등포구,대림제3동,1.3963371297204779,9,False,1.2011478970810143,9,1.6014366473230703,9,11560720
영등포구,도림동,0.24297011398095802,8,False,0.05412707829631347,8,0.3670255599418974,8,11560585
영등포구,문래동,0.16735061240888496,10,False,0.18241548464432256,10,0.24740818433139253,10,11560605
영등포구,신길제1동,0.16989093595905325,10,False,-0.1072041264216616,9,0.04393718974227435,9,11560630
영등포구,신길제3동,0.09628127981730707,8,False,0.05684977236564055,8,0.03559548492107997,8,11560650
영등포구,신길제4동,-0.11927156448068864,7,False,0.03982944316058542,6,-0.05540917126841032,7,11560660
영등포구,신길제5동,-0.09622816980893334,6,False,-0.4044834928667709,6,-0.2694016898430944,6,11560670
영등포구,신길제6동,-0.054971775230770986,9,False,-0.030796897069349863,9,0.09516728706889115,9,11560680
영등포구,신길제7동,-0.29803183582391174,9,False,-0.20551354733192037,9,-0.4790362895915655,8,11560690
영등포구,양평제1동,-0.09672542215875789,9,False,-0.061060082565477236,8,-0.10849924064038559,9,11560610
영등포구,양평제2동,0.10425072082725392,10,False,0.4311824090950351,10,0.1613861605126065,10,11560620
영등포구,여의동,0.8052879080326465,10,False,1.5922016208153469,10,0.8694382168626567,10,11560540
영등포구,영등포동,1.1281493268909675,10,False,0.7408808228352461,10,1.0431741219913637,10,11560535
영등포구,영등포본동,-0.4552785750930393,9,False,-0.44340303318400176,9,-0.41469048261588726,9,11560515
용산구,남영동,0.46371020743491564,10,False,0.6800068370243585,10,0.7407928021108421,10,11170530
용산구,보광동,0.6239567188529902,8,False,1.0958455791557646,7,0.48888563690961223,7,11170700
용산구,서빙고동,0.6857404627914616,6,False,0.9552952866545042,6,0.8606851553404052,5,11170690
용산구,용문동,0.09304331399905168,8,False,0.3069091671025949,8,0.024896871123858327,8,11170590
용산구,용산2가동,1.5034004038849786,10,False,1.3234532630025546,9,1.4633746626578714,10,11170520
용산구,원효로제1동,0.48746895723783323,10,False,0.7479021755693582,10,0.5012600389895583,10,11170560
용산구,원효로제2동,-0.23011741459635798,7,False,-0.03555953299007875,7,0.0860456817669086,7,11170570
용산구,이촌제1동,1.0045828606628466,10,False,1.2897936548734843,10,0.9681238628204758,10,11170630
용산구,이촌제2동,0.753266233802221,5,False,0.9414351884244385,6,1.2008864677206692,4,11170640
용산구,이태원제1동,1.9988904953158362,10,False,1.8347407531477913,10,2.0971008672654783,9,11170650
용산구,이태원제2동,1.2725802117881007,9,False,1.1923140193989035,9,1.2777062492294868,9,11170660
용산구,청파동,-0.44478533869031656,10,False,-0.17089213026990843,10,-0.36604456702729243,10,11170555
용산구,한강로동,1.1035110427920813,10,False,1.5319818325414774,10,1.2646752105846808,10,11170625
용산구,한남동,1.791106519194404,10,False,1.877533635818088,10,1.7289051199445482,10,11170685
용산구,효창동,0.10733212511508583,7,False,0.5602144619018591,7,0.27779346900374297,7,11170580
용산구,후암동,0.7241615171048117,10,False,0.8933451255177766,9,0.8418536407717158,10,11170510
은평구,갈현제1동,0.5348251819237482,10,False,0.12504296093184125,10,0.5834693196769416,10,11380551
은평구,갈현제2동,0.1938644620534274,10,False,-0.2198998098358707,10,0.24088460920067178,10,11380552
은평구,구산동,-0.6150548241037068,9,False,-0.671793777227879,9,-0.6330892007934508,9,11380560
은평구,녹번동,-0.3307585862027944,9,False,0.33448391170525904,10,-0.2507826744587709,9,11380510
은평구,대조동,-0.4108339862833616,10,False,-0.6710935500888552,10,-0.5881293309663318,10,11380570
은평구,불광제1동,0.24769032177787956,9,False,0.25163862325762226,9,0.2500129253032455,9,11380520
은평구,불광제2동,0.06491226560121749,9,False,0.4020461500298539,10,0.05030170793081812,9,11380530
은평구,수색동,0.45071314043153066,5,False,1.1582045933173049,6,0.34010159282511065,5,11380650
은평구,신사제1동,0.06447297108532266,10,False,-0.1420079866310076,9,0.1136954655011132,10,11380631
은평구,신사제2동,0.11474376015570227,9,False,-0.02550000433100864,9,0.044347469232663056,9,11380632
은평구,역촌동,0.08800539347000166,10,False,0.1167271431740697,10,0.12931467843182456,10,11380625
은평구,응암제1동,0.44385057318741916,10,False,0.3266155354080838,9,0.14001723820766415,9,11380580
은평구,응암제2동,0.6252393238618063,8,False,0.8938313909245788,8,-0.0812100837885937,6,11380590
은평구,응암제3동,0.9373149663335862,10,False,0.5731473533716964,10,1.0166716459315261,9,11380600
은평구,증산동,0.5372479710481448,8,False,0.6943140740164098,8,0.7402230797481855,8,11380640
은평구,진관동,0.0842558358032838,9,False,-0.1010221637245792,9,-0.3222160422363064,9,11380690
종로구,가회동,1.0903937517006326,9,False,1.074738327504606,9,0.9552947418684445,9,11110600
종로구,교남동,-0.3010312442602833,8,False,0.08768224381916294,9,-0.2618950841344018,8,11110580
종로구,무악동,-0.7953478260832415,7,False,-0.4814694164461815,6,-0.9199822495533034,5,11110570
종로구,부암동,0.2663389189306182,7,False,0.7834601236378597,7,0.41734024451589763,6,11110550
종로구,사직동,0.49121683309481823,10,False,0.8016572849659396,10,0.7278178224632824,10,11110530
종로구,삼청동,0.6485686839055791,7,False,0.5896229194744976,7,0.5380915908738413,7,11110540
종로구,숭인제1동,-0.501562021791546,7,False,-0.4392054637416124,7,-0.5592816038560786,7,11110700
종로구,숭인제2동,-0.40551522197846823,10,False,-0.6413156119115728,10,-0.30024190838208425,10,11110710
종로구,이화동,0.4449431464569854,10,False,0.8329238767562879,10,0.37278365119462287,10,11110640
종로구,종로1.2.3.4가동,0.8491396425536036,10,False,1.000827144242844,10,0.8898653670679713,10,11110615
종로구,종로5.6가동,0.4263257570584803,10,False,0.679915301659415,10,0.5377161376498847,10,11110630
종로구,창신제1동,1.0491358224216136,9,False,0.5254975602537403,9,0.6910602337371796,9,11110670
종로구,창신제2동,0.4171866563628328,6,False,0.2995311815063589,6,0.35716315117735054,6,11110680
종로구,창신제3동,-0.20745237835040506,3,True,-0.0889488737335354,3,-0.33221982768142366,3,11110690
종로구,청운효자동,0.5659486555106193,10,False,0.6864910926542371,10,0.7346007350798246,8,11110515
종로구,평창동,0.520088627864906,9,False,0.8003048287650255,9,0.38587640030884085,8,11110560
종로구,혜화동,0.9654905485805264,10,False,0.8101656380551434,10,0.9819683088825,10,11110650
중구,광희동,0.749798477954086,10,False,0.9332124545894883,10,0.7268058206275793,10,11140590
중구,다산동,0.45696948588342523,9,False,0.560492670854171,9,0.18062396408059772,9,11140625
중구,동화동,0.5802266654613117,9,False,0.40063759171822144,9,0.19199590325519283,9,11140665
중구,명동,0.5541489993257717,10,False,1.1277101199800308,10,0.6876074960520802,10,11140550
중구,소공동,-0.15636848872848108,10,False,0.7777599065868435,10,-0.1855624090955605,10,11140520
중구,신당동,0.6930994719265156,10,False,0.3783196103468626,10,0.5470320259727686,10,11140615
중구,신당제5동,0.7334567980823847,10,False,0.578079796604655,10,0.7566798144393462,10,11140650
중구,약수동,0.48982381842911615,8,False,0.31669120784960786,8,0.35585434198467775,7,11140635
중구,을지로동,0.5645782977263015,10,False,0.3525718250082965,10,0.40513676328387865,10,11140605
중구,장충동,1.002869920955791,10,False,1.596179601483271,10,1.0722205360828796,10,11140580
중구,중림동,-0.5571040044948224,8,False,-0.2931772252335927,7,-0.4639295336089544,8,11140680
중구,청구동,0.6540065494933377,8,False,0.6907559857106644,8,0.6384562285060519,6,11140645
중구,필동,0.21486297836795937,10,False,0.7113825516160415,10,0.23319887877404888,10,11140570
중구,황학동,-0.056645998473205936,9,False,-0.22793640403382154,9,0.24211978741424436,9,11140670
중구,회현동,0.21546797932639067,10,False,0.8492594326715774,10,0.20103395592874945,10,11140540
중랑구,망우본동,-0.06818470530763515,9,False,0.05462960568253309,9,-0.11727395148249332,9,11260655
중랑구,망우제3동,0.1643878505127621,8,False,0.10872872078756404,8,0.24034508439405874,8,11260660
중랑구,면목본동,-0.10739626209448958,10,False,-0.1699871425526244,10,-0.08657263544748992,10,11260565
중랑구,면목제2동,0.3109679227205956,7,False,0.6167534107876882,8,0.2314429875745328,7,11260520
중랑구,면목제3.8동,-0.2013337024219358,10,False,-0.42880919005450197,10,-0.13621743461253488,10,11260575
중랑구,면목제4동,-0.20099116833426067,8,False,-0.27592978265013207,8,-0.23873337067072803,8,11260540
중랑구,면목제5동,-0.06644770419095954,6,False,-0.20555063821158948,6,0.15263347925257117,5,11260550
중랑구,면목제7동,0.21022126661467472,9,False,0.22433058865124464,9,0.2543808033669002,8,11260570
중랑구,묵제1동,0.2424690298863364,10,False,0.2021474602496927,10,0.25280860858935567,10,11260620
중랑구,묵제2동,-0.6584550329838348,8,False,-0.7097712041725488,8,-0.5602423267001401,7,11260630
중랑구,상봉제1동,0.3397125283212885,10,False,0.09426933465063694,10,0.44289885777886906,9,11260580
중랑구,상봉제2동,0.293422157150635,10,False,0.2254540238997639,10,0.08584467466269294,10,11260590
중랑구,신내1동,0.04391902283758572,10,False,0.015860426135624238,10,0.07413317624719182,10,11260680
중랑구,신내2동,-0.2317815205769748,10,False,-0.25809844087307476,10,-0.07388407134396335,10,11260690
중랑구,중화제1동,0.12583367886201202,8,False,0.5570413733121244,8,-0.0010702716922732344,7,11260600
중랑구,중화제2동,0.25707205330290633,10,False,0.19931198310022052,10,0.5145475738983064,10,11260610
