행정동코드10,행정동코드8,시군구명,행정동명,권역,출근_유입량,출근_유출량,내부통근량,유입유출비,출근_순유입,주야간_인구비,평일_집중도,업무중심성점수,업무중심,업무지구
1111051500,11110515,종로구,청운효자동,도심권,682327.04,564412.04,43228.92,1.2089,117915.0,1.5717,0.9152,0.7253,False,
1111053000,11110530,종로구,사직동,도심권,5118840.98,636380.75,150903.38,8.0437,4482460.23,4.5933,1.6614,0.972,True,도심
1111054000,11110540,종로구,삼청동,도심권,450688.63,106609.77,9579.22,4.2275,344078.86,2.9331,0.9971,0.7565,False,
1111055000,11110550,종로구,부암동,도심권,273821.33,452322.26,27786.25,0.6054,-178500.93,1.1528,1.1379,0.5844,False,
1111056000,11110560,종로구,평창동,도심권,305384.37,703357.45,49289.68,0.4342,-397973.08,0.8025,0.8707,0.416,False,
1111057000,11110570,종로구,무악동,도심권,141196.33,222998.38,2889.98,0.6332,-81802.05,0.7996,0.9717,0.4574,False,
1111058000,11110580,종로구,교남동,도심권,719312.66,605883.87,26308.2,1.1872,113428.79,1.0081,1.0362,0.7222,False,
1111060000,11110600,종로구,가회동,도심권,1301673.97,170938.66,26695.92,7.6149,1130735.31,3.2774,1.2613,0.9117,False,
1111061500,11110615,종로구,종로1.2.3.4가동,도심권,13113292.16,802872.25,312526.36,16.333,12310419.91,4.6428,1.7307,0.9832,True,도심
1111063000,11110630,종로구,종로5.6가동,도심권,2771806.47,328018.08,64757.41,8.4502,2443788.39,2.4357,1.5604,0.9429,True,도심
1111064000,11110640,종로구,이화동,도심권,1982556.51,401502.7,77490.04,4.9378,1581053.81,2.3318,1.3422,0.9197,True,도심
1111065000,11110650,종로구,혜화동,도심권,796723.21,760903.86,90318.43,1.0471,35819.35,1.2301,0.9777,0.7372,False,
1111067000,11110670,종로구,창신제1동,도심권,599480.01,204779.68,14589.37,2.9274,394700.33,0.913,0.9208,0.674,False,
1111068000,11110680,종로구,창신제2동,도심권,139633.9,361303.43,21481.58,0.3865,-221669.53,0.7032,0.8427,0.2699,False,
1111069000,11110690,종로구,창신제3동,도심권,102323.98,322678.11,6317.28,0.3171,-220354.13,0.5017,0.7942,0.1119,False,
1111070000,11110700,종로구,숭인제1동,도심권,232904.01,369557.11,13822.89,0.6302,-136653.1,0.8058,0.8209,0.3982,False,
1111071000,11110710,종로구,숭인제2동,도심권,774886.46,695525.21,28412.51,1.1141,79361.25,0.8106,0.8733,0.6288,False,
1114052000,11140520,중구,소공동,도심권,7356283.17,392164.94,117929.18,18.7581,6964118.23,10.756,2.5276,0.9947,True,도심
1114054000,11140540,중구,회현동,도심권,6626171.07,302833.66,101892.94,21.8806,6323337.41,9.3156,2.3858,0.9923,True,도심
1114055000,11140550,중구,명동,도심권,10449542.85,530242.12,165851.63,19.7071,9919300.73,10.3689,2.3307,0.9946,True,도심
1114057000,11140570,중구,필동,도심권,2316832.81,295478.02,39435.46,7.841,2021354.79,3.1086,1.9514,0.9545,True,도심
1114058000,11140580,중구,장충동,도심권,1071835.8,269398.86,25964.4,3.9786,802436.94,2.0296,1.2359,0.8707,False,
1114059000,11140590,중구,광희동,도심권,3139462.02,430432.92,62347.68,7.2937,2709029.1,2.0443,1.4078,0.929,True,도심
1114060500,11140605,중구,을지로동,도심권,3541302.57,293794.05,66208.41,12.0537,3247508.52,3.7865,1.8852,0.968,True,도심
1114061500,11140615,중구,신당동,도심권,1261380.11,448684.05,43615.82,2.8113,812696.06,0.8071,1.2058,0.7757,False,
1114062500,11140625,중구,다산동,도심권,893738.62,751760.93,54564.97,1.1889,141977.69,1.1357,1.1169,0.7724,False,
1114063500,11140635,중구,약수동,도심권,279794.94,605537.78,25426.25,0.4621,-325742.84,0.8356,0.8789,0.433,False,
1114064500,11140645,중구,청구동,도심권,227265.35,578371.89,19084.05,0.3929,-351106.54,0.6375,0.956,0.3154,False,
1114065000,11140650,중구,신당제5동,도심권,347717.93,561851.78,21330.06,0.6189,-214133.85,0.8601,0.7534,0.3848,False,
1114066500,11140665,중구,동화동,도심권,513689.26,481418.05,23738.15,1.067,32271.21,0.9267,0.9749,0.6465,False,
1114067000,11140670,중구,황학동,도심권,397699.73,693440.72,32061.64,0.5735,-295740.99,0.6991,0.8146,0.3768,False,
1114068000,11140680,중구,중림동,도심권,638995.49,652683.12,32821.79,0.979,-13687.63,1.6527,1.4424,0.7725,False,
1117051000,11170510,용산구,후암동,도심권,274775.32,803840.0,31377.38,0.3418,-529064.68,0.7197,0.9045,0.3427,False,
1117052000,11170520,용산구,용산2가동,도심권,261253.16,419816.66,19526.94,0.6223,-158563.5,0.9409,0.7139,0.3609,False,
1117053000,11170530,용산구,남영동,도심권,1480433.51,430212.94,32668.81,3.4412,1050220.57,3.275,1.4224,0.916,True,용산
1117055500,11170555,용산구,청파동,도심권,845150.29,1082254.91,81922.54,0.7809,-237104.62,1.021,1.0464,0.7177,False,
1117056000,11170560,용산구,원효로제1동,도심권,1014419.89,980187.04,48748.19,1.0349,34232.85,0.9786,1.1081,0.7493,False,
1117057000,11170570,용산구,원효로제2동,도심권,541865.28,796464.05,47672.02,0.6803,-254598.77,0.8108,1.0308,0.5968,False,
1117058000,11170580,용산구,효창동,도심권,438711.46,628180.99,22026.08,0.6984,-189469.53,0.8354,0.956,0.5705,False,
1117059000,11170590,용산구,용문동,도심권,212219.58,635288.43,20527.62,0.3341,-423068.85,0.5848,0.8517,0.2189,False,
1117062500,11170625,용산구,한강로동,도심권,5039679.55,1392084.75,261090.43,3.6202,3647594.8,2.2519,1.0584,0.9012,True,용산
1117063000,11170630,용산구,이촌제1동,도심권,468215.87,1105775.19,86728.26,0.4234,-637559.32,1.013,0.8231,0.4732,False,
1117064000,11170640,용산구,이촌제2동,도심권,57359.93,265875.23,10616.13,0.2157,-208515.3,0.9524,0.6878,0.1798,False,
1117065000,11170650,용산구,이태원제1동,도심권,481372.23,260911.9,24926.7,1.845,220460.33,1.2877,0.9019,0.6821,False,
1117066000,11170660,용산구,이태원제2동,도심권,341223.93,385446.93,29354.88,0.8853,-44223.0,0.8827,0.8263,0.5026,False,
1117068500,11170685,용산구,한남동,도심권,2093226.36,636956.21,126351.36,3.2863,1456270.15,2.0305,1.0414,0.8735,True,
1117069000,11170690,용산구,서빙고동,도심권,435694.95,559618.31,45324.14,0.7786,-123923.36,1.2758,0.7881,0.532,False,
1117070000,11170700,용산구,보광동,도심권,162684.9,296955.8,11702.6,0.5478,-134270.9,0.8741,0.9324,0.4508,False,
1120052000,11200520,성동구,왕십리제2동,동북권,426878.95,993657.06,37659.03,0.4296,-566778.11,0.5878,0.757,0.2373,False,
1120053500,11200535,성동구,왕십리도선동,동북권,1530140.87,1729169.94,136253.01,0.8849,-199029.07,0.7914,0.9233,0.6806,False,
1120054000,11200540,성동구,마장동,동북권,908658.52,1211506.86,116959.83,0.75,-302848.34,0.7896,0.9274,0.6291,False,
1120055000,11200550,성동구,사근동,동북권,768903.47,577259.43,55480.99,1.332,191644.04,1.3991,1.4724,0.8092,False,
1120056000,11200560,성동구,행당제1동,동북권,1135811.03,889654.41,48798.19,1.2767,246156.62,1.2966,0.9919,0.7936,False,
1120057000,11200570,성동구,행당제2동,동북권,269282.09,1380198.6,55709.92,0.1951,-1110916.51,0.5734,0.7991,0.136,False,
1120058000,11200580,성동구,응봉동,동북권,129192.57,720135.71,23765.24,0.1794,-590943.14,0.5514,0.7719,0.0552,False,
1120059000,11200590,성동구,금호1가동,동북권,317890.1,835159.26,35402.19,0.3806,-517269.16,0.7256,0.741,0.2347,False,
1120061500,11200615,성동구,금호2.3가동,동북권,335524.85,1222347.51,58083.3,0.2745,-886822.66,0.5844,0.7756,0.1629,False,
1120062000,11200620,성동구,금호4가동,동북권,250363.55,711671.64,35425.31,0.3518,-461308.09,0.7936,0.7973,0.2903,False,
1120064500,11200645,성동구,옥수동,동북권,508859.23,1390101.59,111532.12,0.3661,-881242.36,0.8754,0.87,0.4644,False,
1120065000,11200650,성동구,성수1가제1동,동북권,1422505.14,825496.48,72404.77,1.7232,597008.66,1.863,1.1779,0.8617,False,
1120066000,11200660,성동구,성수1가제2동,동북권,2187915.91,773948.47,78990.79,2.827,1413967.44,2.5085,1.4519,0.9194,True,성수
1120067000,11200670,성동구,성수2가제1동,동북권,1110791.17,737294.32,64119.24,1.5066,373496.85,1.489,1.1985,0.8334,False,
1120069000,11200690,성동구,성수2가제3동,동북권,5117478.63,761984.87,140009.14,6.716,4355493.76,3.2653,1.7771,0.9679,True,성수
1120072000,11200720,성동구,송정동,동북권,308972.34,438805.35,16134.34,0.7041,-129833.01,0.8476,1.0729,0.5628,False,
1120079000,11200790,성동구,용답동,동북권,906740.84,793515.23,46390.03,1.1427,113225.61,0.8714,0.9663,0.6982,False,
1121571000,11215710,광진구,화양동,동북권,972739.88,1360928.94,73318.16,0.7148,-388189.06,0.9502,0.9732,0.6917,False,
1121573000,11215730,광진구,군자동,동북권,655546.02,944364.68,47821.61,0.6942,-288818.66,1.0712,1.1627,0.7008,False,
1121574000,11215740,광진구,중곡제1동,동북권,544656.45,900578.05,27532.25,0.6048,-355921.6,0.7376,0.8283,0.4522,False,
1121575000,11215750,광진구,중곡제2동,동북권,471345.83,1093363.56,35349.31,0.4311,-622017.73,0.5921,0.8423,0.3393,False,
1121576000,11215760,광진구,중곡제3동,동북권,492532.28,828966.87,33409.48,0.5942,-336434.59,0.7218,0.8411,0.4447,False,
1121577000,11215770,광진구,중곡제4동,동북권,546199.04,1475007.47,89978.32,0.3703,-928808.43,0.6388,0.7596,0.2596,False,
1121578000,11215780,광진구,능동,동북권,610809.48,752042.05,25003.62,0.8122,-141232.57,1.2203,0.9072,0.6633,False,
1121581000,11215810,광진구,광장동,동북권,833139.8,1669644.06,137670.31,0.499,-836504.26,0.9333,0.8986,0.5933,False,
1121582000,11215820,광진구,자양제1동,동북권,770420.45,1185471.29,71040.52,0.6499,-415050.84,0.7876,0.955,0.5994,False,
1121583000,11215830,광진구,자양제2동,동북권,667567.72,1418866.78,98275.45,0.4705,-751299.06,0.7145,0.8094,0.4109,False,
1121584000,11215840,광진구,자양제3동,동북권,954012.8,1444889.84,77234.0,0.6603,-490877.04,0.8556,0.8234,0.5753,False,
1121584700,11215847,광진구,자양제4동,동북권,784270.18,1112212.06,76578.38,0.7051,-327941.88,1.0545,0.8362,0.6224,False,
1121585000,11215850,광진구,구의제1동,동북권,641560.57,1333997.71,62113.16,0.4809,-692437.14,0.6178,0.8252,0.3754,False,
1121586000,11215860,광진구,구의제2동,동북권,662097.99,1358932.73,69682.18,0.4872,-696834.74,0.6659,0.7873,0.3632,False,
1121587000,11215870,광진구,구의제3동,동북권,1833647.9,1579058.06,131743.29,1.1612,254589.84,1.149,0.9396,0.7805,True,
1123051500,11230515,동대문구,신설동,동북권,621031.15,393339.12,30110.34,1.5789,227692.03,,,0.6956,False,
1123053300,11230533,동대문구,용두동,동북권,358172.33,486191.82,28569.48,0.7367,-128019.49,,,0.4918,False,
1123054500,11230545,동대문구,제기동,동북권,1239219.89,1201337.32,129563.67,1.0315,37882.57,0.9027,1.0441,0.7398,False,
1123056000,11230560,동대문구,전농제1동,동북권,1246701.53,1704175.32,131390.42,0.7316,-457473.79,0.8593,0.8594,0.6482,False,
1123057000,11230570,동대문구,전농제2동,동북권,371647.56,929512.63,52813.24,0.3998,-557865.07,1.1913,1.2698,0.5796,False,
1123060000,11230600,동대문구,답십리제1동,동북권,821666.42,1579052.19,95771.25,0.5204,-757385.77,0.7065,0.8718,0.499,False,
1123061000,11230610,동대문구,답십리제2동,동북권,605855.98,1419326.5,78803.82,0.4269,-813470.52,0.6689,0.8418,0.3946,False,
1123065000,11230650,동대문구,장안제1동,동북권,1886927.64,1773198.2,176880.98,1.0641,113729.44,0.8731,1.0315,0.756,False,
1123066000,11230660,동대문구,장안제2동,동북권,1070989.69,1716947.77,157613.48,0.6238,-645958.08,0.7767,0.857,0.5788,False,
1123070500,11230705,동대문구,청량리동,동북권,729676.29,882087.8,68167.68,0.8272,-152411.51,1.045,0.9187,0.6736,False,
1123071000,11230710,동대문구,회기동,동북권,635292.14,455396.7,65253.94,1.395,179895.44,1.179,1.2541,0.7605,False,
1123072000,11230720,동대문구,휘경제1동,동북권,332207.54,819169.85,31661.56,0.4055,-486962.31,0.7702,0.8432,0.3811,False,
1123073000,11230730,동대문구,휘경제2동,동북권,403510.81,1123217.52,43278.04,0.3592,-719706.71,0.6413,0.8952,0.3426,False,
1123074000,11230740,동대문구,이문제1동,동북권,568510.03,961371.14,75582.53,0.5914,-392861.11,1.0302,1.2076,0.6569,False,
1123075000,11230750,동대문구,이문제2동,동북권,211305.19,903887.33,40046.76,0.2338,-692582.14,0.5889,0.8159,0.1477,False,
1126052000,11260520,중랑구,면목제2동,동북권,446351.86,1040504.22,58812.58,0.429,-594152.36,0.6081,0.8123,0.3034,False,
1126054000,11260540,중랑구,면목제4동,동북권,347158.4,820063.51,37115.6,0.4233,-472905.11,0.6168,0.7765,0.2429,False,
1126055000,11260550,중랑구,면목제5동,동북권,203342.1,714538.73,17980.02,0.2846,-511196.63,0.6863,0.7479,0.137,False,
1126056500,11260565,중랑구,면목본동,동북권,600208.7,1696848.56,77827.62,0.3537,-1096639.86,0.6012,0.7798,0.2679,False,
1126057000,11260570,중랑구,면목제7동,동북권,253947.94,1036575.49,30539.58,0.245,-782627.55,0.6138,0.7664,0.1207,False,
1126057500,11260575,중랑구,면목제3.8동,동북권,740594.01,1243358.69,65393.43,0.5956,-502764.68,0.7753,0.8949,0.5518,False,
1126058000,11260580,중랑구,상봉제1동,동북권,328794.74,1034408.05,37426.93,0.3179,-705613.31,0.8432,0.8114,0.3318,False,
1126059000,11260590,중랑구,상봉제2동,동북권,920022.31,1272903.87,61180.86,0.7228,-352881.56,0.742,0.7727,0.4839,False,
1126060000,11260600,중랑구,중화제1동,동북권,375197.26,932576.9,37246.87,0.4023,-557379.64,0.5672,0.8192,0.2705,False,
1126061000,11260610,중랑구,중화제2동,동북권,425779.4,1148321.58,62948.99,0.3708,-722542.18,0.7049,0.7874,0.2926,False,
1126062000,11260620,중랑구,묵제1동,동북권,610692.35,1600467.21,95228.46,0.3816,-989774.86,0.6316,0.7727,0.2829,False,
1126063000,11260630,중랑구,묵제2동,동북권,308075.27,826571.51,37398.35,0.3727,-518496.24,0.6897,0.7833,0.2511,False,
1126065500,11260655,중랑구,망우본동,동북권,849754.96,1706881.98,152018.4,0.4978,-857127.02,0.7683,0.8148,0.4797,False,
1126066000,11260660,중랑구,망우제3동,동북권,262982.44,650329.42,28808.2,0.4044,-387346.98,0.5568,0.7813,0.1908,False,
1126068000,11260680,중랑구,신내1동,동북권,1152842.9,1660775.95,163542.92,0.6942,-507933.05,0.827,0.9284,0.6606,False,
1126069000,11260690,중랑구,신내2동,동북권,420814.84,909497.94,38085.0,0.4627,-488683.1,0.7757,0.9105,0.4613,False,
1129052500,11290525,성북구,성북동,동북권,590904.66,822262.2,50899.88,0.7186,-231357.54,0.8316,0.8636,0.5652,False,
1129055500,11290555,성북구,삼선동,동북권,1018174.94,1178271.29,95802.93,0.8641,-160096.35,1.0054,1.0188,0.7286,False,
1129057500,11290575,성북구,동선동,동북권,626499.77,946675.59,53817.16,0.6618,-320175.82,0.986,0.9484,0.6284,False,
1129058000,11290580,성북구,돈암제1동,동북권,219735.21,742576.26,19698.41,0.2959,-522841.05,0.5814,0.8096,0.1626,False,
1129059000,11290590,성북구,돈암제2동,동북권,161943.46,646699.68,18526.74,0.2504,-484756.22,0.5327,0.8055,0.11,False,
1129060000,11290600,성북구,안암동,동북권,1133878.73,683703.66,81831.98,1.6584,450175.07,1.5369,1.5446,0.8621,False,
1129061000,11290610,성북구,보문동,동북권,523723.47,884821.19,44114.89,0.5919,-361097.72,0.7435,0.87,0.484,False,
1129062000,11290620,성북구,정릉제1동,동북권,198433.81,705576.36,23244.72,0.2812,-507142.55,0.6792,0.7886,0.169,False,
1129063000,11290630,성북구,정릉제2동,동북권,334825.36,1161386.62,57084.63,0.2883,-826561.26,0.638,0.8209,0.2365,False,
1129064000,11290640,성북구,정릉제3동,동북권,391347.93,421963.41,27392.69,0.9274,-30615.48,1.1659,1.4255,0.694,False,
1129065000,11290650,성북구,정릉제4동,동북권,295518.13,1110424.1,70569.23,0.2661,-814905.97,0.7621,0.9521,0.352,False,
1129066000,11290660,성북구,길음제1동,동북권,641460.49,1852255.6,90984.63,0.3463,-1210795.11,0.7059,0.8947,0.4214,False,
1129068500,11290685,성북구,길음제2동,동북권,466900.75,1176199.7,63896.92,0.397,-709298.95,0.9134,0.8125,0.4257,False,
1129070500,11290705,성북구,종암동,동북권,1097612.04,1923527.3,215311.46,0.5706,-825915.26,0.7392,0.9055,0.5737,False,
1129071500,11290715,성북구,월곡제1동,동북권,629291.98,1164058.74,58300.52,0.5406,-534766.76,0.9717,1.1806,0.6431,False,
1129072500,11290725,성북구,월곡제2동,동북권,803502.56,1056319.64,75231.84,0.7607,-252817.08,0.9174,0.9973,0.6788,False,
1129076000,11290760,성북구,장위제1동,동북권,368507.35,1098259.12,67355.69,0.3355,-729751.77,0.6455,0.7701,0.2173,False,
1129077000,11290770,성북구,장위제2동,동북권,466719.61,710239.8,42579.56,0.6571,-243520.19,0.7468,0.8998,0.5053,False,
1129078000,11290780,성북구,장위제3동,동북권,216280.16,595355.49,14193.43,0.3633,-379075.33,0.7417,0.8619,0.3152,False,
1129081000,11290810,성북구,석관동,동북권,643799.23,1621463.98,147193.19,0.397,-977664.75,0.7244,0.8694,0.4394,False,
1130553400,11305534,강북구,삼양동,동북권,329500.06,1235894.1,60945.28,0.2666,-906394.04,0.6154,0.7966,0.1896,False,
1130553500,11305535,강북구,미아동,동북권,758608.81,877216.86,47853.82,0.8648,-118608.05,0.8703,0.9624,0.6595,False,
1130554500,11305545,강북구,송중동,동북권,1052583.76,1462241.49,124890.97,0.7198,-409657.73,0.818,0.8431,0.6091,False,
1130555500,11305555,강북구,송천동,동북권,742189.27,1176049.76,88461.3,0.6311,-433860.49,0.7804,0.8331,0.5255,False,
1130557500,11305575,강북구,삼각산동,동북권,300273.65,1396324.19,80020.9,0.215,-1096050.54,0.6236,0.8328,0.2015,False,
1130559500,11305595,강북구,번1동,동북권,924203.84,819137.56,51277.62,1.1283,105066.28,,,0.7564,False,
1130560300,11305603,강북구,번2동,동북권,281679.76,708417.65,27128.71,0.3976,-426737.89,,,0.2611,False,
1130560800,11305608,강북구,번3동,동북권,292560.17,670530.37,42435.24,0.4363,-377970.2,,,0.2998,False,
1130561500,11305615,강북구,수유1동,동북권,465028.21,861006.91,51368.84,0.5401,-395978.7,,,0.4532,False,
1130562500,11305625,강북구,수유2동,동북권,394489.86,988172.67,60298.0,0.3992,-593682.81,,,0.3361,False,
1130563500,11305635,강북구,수유3동,동북권,859096.83,1063147.93,53811.17,0.8081,-204051.1,,,0.6944,False,
1130564500,11305645,강북구,우이동,동북권,416399.36,894637.07,61388.15,0.4654,-478237.71,0.7349,0.7658,0.3197,False,
1130566000,11305660,강북구,인수동,동북권,522303.52,1298157.22,97001.47,0.4023,-775853.7,0.7022,0.8454,0.39,False,
1132051100,11320511,도봉구,창제1동,동북권,384224.91,1156885.0,37203.4,0.3321,-772660.09,0.7424,0.809,0.3106,False,
1132051200,11320512,도봉구,창제2동,동북권,556410.15,1309955.13,67802.77,0.4248,-753544.98,0.5997,0.794,0.3034,False,
1132051300,11320513,도봉구,창제3동,동북권,254227.75,535138.21,34357.59,0.4751,-280910.46,0.6691,0.8085,0.2778,False,
1132051400,11320514,도봉구,창제4동,동북권,952082.47,1391827.59,93599.93,0.6841,-439745.12,0.7563,0.8492,0.566,False,
1132051500,11320515,도봉구,창제5동,동북권,480512.93,1095399.71,48701.62,0.4387,-614886.78,0.9024,0.8539,0.4847,False,
1132052100,11320521,도봉구,도봉제1동,동북권,460731.46,753384.07,44689.37,0.6115,-292652.61,0.7937,0.8228,0.4616,False,
1132052200,11320522,도봉구,도봉제2동,동북권,558554.21,1143627.36,76755.94,0.4884,-585073.15,0.824,0.9007,0.5173,False,
1132066000,11320660,도봉구,쌍문제1동,동북권,306450.43,924487.39,38663.05,0.3315,-618036.96,0.7924,1.0408,0.4192,False,
1132067000,11320670,도봉구,쌍문제2동,동북권,558525.51,884458.68,52155.49,0.6315,-325933.17,0.7417,0.8745,0.5069,False,
1132068000,11320680,도봉구,쌍문제3동,동북권,260676.1,756794.02,22402.64,0.3444,-496117.92,0.7685,0.8328,0.316,False,
1132068100,11320681,도봉구,쌍문제4동,동북권,176837.45,802574.68,22032.6,0.2203,-625737.23,0.6806,0.7757,0.1348,False,
1132069000,11320690,도봉구,방학제1동,동북권,747202.19,1061067.75,81956.2,0.7042,-313865.56,1.0237,0.8929,0.6491,False,
1132070000,11320700,도봉구,방학제2동,동북권,248018.92,670281.32,34990.42,0.37,-422262.4,0.6824,0.7902,0.2265,False,
1132071000,11320710,도봉구,방학제3동,동북권,256992.71,1078658.72,41525.04,0.2383,-821666.01,0.5487,0.7637,0.0972,False,
1135056000,11350560,노원구,월계1동,동북권,476684.93,986813.47,73028.71,0.4831,-510128.54,0.9401,1.0768,0.5757,False,
1135057000,11350570,노원구,월계2동,동북권,370330.15,1088178.24,54470.5,0.3403,-717848.09,0.7535,0.9828,0.4195,False,
1135058000,11350580,노원구,월계3동,동북권,413731.95,1430253.94,58218.83,0.2893,-1016521.99,0.6293,0.7416,0.1765,False,
1135059500,11350595,노원구,공릉1동,동북권,1021502.11,1679499.16,127234.48,0.6082,-657997.05,0.778,0.827,0.5435,False,
1135060000,11350600,노원구,공릉2동,동북권,1072345.9,2006741.26,286797.73,0.5344,-934395.36,0.9919,1.2064,0.7053,False,
1135061100,11350611,노원구,하계1동,동북권,734602.4,1182358.66,75692.72,0.6213,-447756.26,0.8877,1.0271,0.6366,False,
1135061200,11350612,노원구,하계2동,동북권,106675.23,819927.6,12999.79,0.1301,-713252.37,0.6485,0.7776,0.0999,False,
1135061900,11350619,노원구,중계본동,동북권,391078.41,923229.44,56141.55,0.4236,-532151.03,0.8552,0.8294,0.4235,False,
1135062100,11350621,노원구,중계1동,동북권,460512.32,1132361.6,39233.04,0.4067,-671849.28,0.6876,0.8445,0.3734,False,
1135062400,11350624,노원구,중계4동,동북권,310181.69,778518.62,40755.34,0.3984,-468336.93,0.7161,0.8179,0.3128,False,
1135062500,11350625,노원구,중계2.3동,동북권,603439.3,1510424.27,81255.16,0.3995,-906984.97,0.7631,0.7944,0.3866,False,
1135063000,11350630,노원구,상계1동,동북권,576037.71,1705307.54,142851.06,0.3378,-1129269.83,0.694,0.7831,0.3041,False,
1135064000,11350640,노원구,상계2동,동북권,954289.7,920514.63,79780.36,1.0367,33775.07,1.1568,0.8388,0.679,False,
1135066500,11350665,노원구,상계3.4동,동북권,336957.76,1157365.04,94441.88,0.2911,-820407.28,0.6408,0.7956,0.2139,False,
1135067000,11350670,노원구,상계5동,동북권,253287.91,758596.25,37778.33,0.3339,-505308.34,0.7181,0.7977,0.2474,False,
1135069500,11350695,노원구,상계6.7동,동북권,1842847.43,1592022.61,145903.77,1.1576,250824.82,0.9654,0.9525,0.763,False,
1135070000,11350700,노원구,상계8동,동북권,331004.69,1193895.28,47041.88,0.2772,-862890.59,0.4736,0.7874,0.1523,False,
1135071000,11350710,노원구,상계9동,동북권,233577.15,1050799.17,42331.23,0.2223,-817222.02,0.6048,0.7637,0.1,False,
1135072000,11350720,노원구,상계10동,동북권,233706.44,847294.38,24966.46,0.2758,-613587.94,0.9523,0.7637,0.2591,False,
1138051000,11380510,은평구,녹번동,서북권,982926.04,1974577.21,135033.0,0.4978,-991651.17,0.7,0.8781,0.5107,False,
1138052000,11380520,은평구,불광제1동,서북권,660341.14,1911102.15,102075.8,0.3455,-1250761.01,0.6117,0.7494,0.2513,False,
1138053000,11380530,은평구,불광제2동,서북권,391752.64,1267677.98,70437.74,0.309,-875925.34,0.5711,0.7407,0.1536,False,
1138055100,11380551,은평구,갈현제1동,서북권,351246.18,718983.16,37576.01,0.4885,-367736.98,0.8018,0.8014,0.3832,False,
1138055200,11380552,은평구,갈현제2동,서북권,326599.45,1191542.69,51748.31,0.2741,-864943.24,0.6518,0.7728,0.1817,False,
1138056000,11380560,은평구,구산동,서북권,483276.79,1451500.59,90992.38,0.3329,-968223.8,0.5828,0.815,0.2679,False,
1138057000,11380570,은평구,대조동,서북권,865754.28,1537118.58,78860.36,0.5632,-671364.3,0.6887,0.8337,0.4762,False,
1138058000,11380580,은평구,응암제1동,서북권,567839.93,1756695.64,81070.6,0.3232,-1188855.71,0.6678,0.8091,0.3041,False,
1138059000,11380590,은평구,응암제2동,서북권,253850.2,1214640.79,62480.56,0.209,-960790.59,0.5998,0.7536,0.0921,False,
1138060000,11380600,은평구,응암제3동,서북권,554028.4,1142249.01,61061.55,0.485,-588220.61,0.6436,0.8263,0.3732,False,
1138062500,11380625,은평구,역촌동,서북권,803670.24,2217232.63,163602.31,0.3625,-1413562.39,0.6878,0.7941,0.362,False,
1138063100,11380631,은평구,신사제1동,서북권,277802.7,1234845.53,51674.07,0.225,-957042.83,0.6364,0.7605,0.1314,False,
1138063200,11380632,은평구,신사제2동,서북권,214467.08,895516.23,33103.31,0.2395,-681049.15,0.5856,0.754,0.0862,False,
1138064000,11380640,은평구,증산동,서북권,154576.02,697893.72,22300.9,0.2215,-543317.7,0.7039,0.8048,0.1716,False,
1138065000,11380650,은평구,수색동,서북권,337017.78,1074806.04,67659.44,0.3136,-737788.26,0.7811,0.9399,0.3908,False,
1138069000,11380690,은평구,진관동,서북권,1184665.42,2592647.4,400772.79,0.4569,-1407981.98,0.8316,0.8075,0.5168,False,
1141052000,11410520,서대문구,천연동,서북권,231176.32,833326.49,44259.3,0.2774,-602150.17,0.8655,0.9995,0.3881,False,
1141055500,11410555,서대문구,북아현동,서북권,244237.43,540813.29,16985.65,0.4516,-296575.86,1.6342,2.2115,0.5997,False,
1141056500,11410565,서대문구,충현동,서북권,3680948.39,1274166.38,120375.17,2.8889,2406782.01,2.2747,1.5749,0.9305,True,
1141058500,11410585,서대문구,신촌동,서북권,2620401.76,1102160.58,214940.8,2.3775,1518241.18,1.6631,1.3772,0.8972,True,
1141061500,11410615,서대문구,연희동,서북권,1213973.86,1564198.51,183898.9,0.7761,-350224.65,0.773,0.8918,0.6319,False,
1141062000,11410620,서대문구,홍제제1동,서북권,450273.38,1384560.03,72705.48,0.3252,-934286.65,0.6588,0.774,0.24,False,
1141064000,11410640,서대문구,홍제제3동,서북권,450033.53,909839.5,69294.18,0.4946,-459805.97,0.6909,0.815,0.3671,False,
1141065500,11410655,서대문구,홍제제2동,서북권,141087.23,649465.07,16131.32,0.2172,-508377.84,0.5805,0.7973,0.1058,False,
1141066000,11410660,서대문구,홍은제1동,서북권,212455.4,1083448.8,53779.1,0.1961,-870993.4,0.6203,0.7453,0.0764,False,
1141068500,11410685,서대문구,홍은제2동,서북권,375578.4,1198423.94,46362.0,0.3134,-822845.54,0.7172,0.8722,0.3428,False,
1141069000,11410690,서대문구,남가좌제1동,서북권,233716.33,641910.38,26099.03,0.3641,-408194.05,0.9389,0.8659,0.393,False,
1141070000,11410700,서대문구,남가좌제2동,서북권,471892.77,1339012.65,91864.07,0.3524,-867119.88,0.8926,1.0426,0.5114,False,
1141071000,11410710,서대문구,북가좌제1동,서북권,203070.66,842597.23,47561.41,0.241,-639526.57,0.635,0.7821,0.1273,False,
1141072000,11410720,서대문구,북가좌제2동,서북권,479142.15,1454633.42,84569.32,0.3294,-975491.27,0.6826,0.8294,0.3223,False,
1144055500,11440555,마포구,아현동,서북권,1241359.97,1814557.03,96529.36,0.6841,-573197.06,1.1204,1.1606,0.7623,False,
1144056500,11440565,마포구,공덕동,서북권,1443371.71,2111229.79,137269.94,0.6837,-667858.08,0.8796,1.0692,0.7205,False,
1144058500,11440585,마포구,도화동,서북권,1132147.17,956137.22,48724.86,1.1841,176009.95,1.203,0.9961,0.7829,False,
1144059000,11440590,마포구,용강동,서북권,1058021.25,1071756.41,69482.67,0.9872,-13735.16,1.1541,1.3266,0.7968,False,
1144060000,11440600,마포구,대흥동,서북권,1404399.29,894769.74,61120.21,1.5696,509629.55,1.2219,1.1849,0.8395,False,
1144061000,11440610,마포구,염리동,서북권,1002624.25,1002654.86,25339.05,1.0,-30.61,0.9125,1.0525,0.7247,False,
1144063000,11440630,마포구,신수동,서북권,587956.06,1099765.57,54269.98,0.5346,-511809.51,0.7824,0.9203,0.5241,False,
1144065500,11440655,마포구,서강동,서북권,819978.59,1197470.39,77447.94,0.6848,-377491.8,1.1351,1.1509,0.7248,False,
1144066000,11440660,마포구,서교동,서북권,4432783.41,1227106.74,177369.13,3.6124,3205676.67,2.027,0.9595,0.8718,True,
1144068000,11440680,마포구,합정동,서북권,890643.23,781439.24,47556.39,1.1397,109203.99,1.4203,0.9836,0.7633,False,
1144069000,11440690,마포구,망원제1동,서북권,638161.46,955168.17,52923.53,0.6681,-317006.71,0.743,0.7277,0.4012,False,
1144070000,11440700,마포구,망원제2동,서북권,216889.4,862053.15,34568.38,0.2516,-645163.75,0.7372,0.7849,0.1903,False,
1144071000,11440710,마포구,연남동,서북권,590513.89,654634.18,38781.02,0.9021,-64120.29,1.0422,0.8084,0.5735,False,
1144072000,11440720,마포구,성산제1동,서북권,633245.24,946838.84,41796.47,0.6688,-313593.6,0.814,0.9206,0.5825,False,
1144073000,11440730,마포구,성산제2동,서북권,867354.32,2102748.43,149264.43,0.4125,-1235394.11,0.7057,0.7586,0.3677,False,
1144074000,11440740,마포구,상암동,서북권,4142309.87,1413232.55,307522.13,2.9311,2729077.32,2.3369,1.822,0.9431,True,상암
1147051000,11470510,양천구,목1동,서남권,1514653.46,1292353.87,77339.58,1.172,222299.59,1.8117,1.0094,0.824,True,
1147052000,11470520,양천구,목2동,서남권,349878.03,1618466.06,62220.24,0.2162,-1268588.03,0.5607,0.7531,0.1151,False,
1147053000,11470530,양천구,목3동,서남권,324483.64,776997.92,25569.13,0.4176,-452514.28,0.7075,0.7858,0.2865,False,
1147054000,11470540,양천구,목4동,서남권,351761.41,1084527.68,45109.72,0.3243,-732766.27,0.6126,0.8042,0.2254,False,
1147055000,11470550,양천구,목5동,서남권,888930.29,1681889.86,115694.73,0.5285,-792959.57,0.9085,0.9312,0.6114,False,
1147056000,11470560,양천구,신월1동,서남권,296904.91,760471.95,47682.4,0.3904,-463567.04,0.6215,0.7649,0.1987,False,
1147057000,11470570,양천구,신월2동,서남권,249543.97,735639.8,21697.97,0.3392,-486095.83,0.7054,0.7785,0.2172,False,
1147058000,11470580,양천구,신월3동,서남권,240533.26,417798.55,17043.79,0.5757,-177265.29,0.7848,0.8524,0.4072,False,
1147059000,11470590,양천구,신월4동,서남권,133844.54,502765.23,11828.67,0.2662,-368920.69,0.6082,0.7959,0.1268,False,
1147060000,11470600,양천구,신월5동,서남권,194253.89,532799.09,19634.44,0.3646,-338545.2,0.6805,0.7953,0.2144,False,
1147061000,11470610,양천구,신월6동,서남권,201238.28,320068.89,4403.19,0.6287,-118830.61,0.873,0.8218,0.4096,False,
1147061100,11470611,양천구,신월7동,서남권,292848.06,731790.56,45025.55,0.4002,-438942.5,0.6798,0.75,0.2184,False,
1147062000,11470620,양천구,신정1동,서남권,433662.78,721360.97,30889.95,0.6012,-287698.19,0.9205,0.8431,0.5086,False,
1147063000,11470630,양천구,신정2동,서남권,433372.43,789161.56,37516.85,0.5492,-355789.13,0.7447,0.8202,0.4111,False,
1147064000,11470640,양천구,신정3동,서남권,681370.98,2174430.57,139515.84,0.3134,-1493059.59,0.6417,0.804,0.3054,False,
1147065000,11470650,양천구,신정4동,서남권,1049888.16,1697681.63,112448.48,0.6184,-647793.47,0.7246,0.874,0.5602,False,
1147067000,11470670,양천구,신정6동,서남권,254845.63,796712.65,13668.86,0.3199,-541867.02,0.79,0.9057,0.3572,False,
1147068000,11470680,양천구,신정7동,서남권,484842.48,1256574.35,73655.43,0.3858,-771731.87,0.8001,0.822,0.4019,False,
1150051000,11500510,강서구,염창동,서남권,1093618.73,2244300.98,163177.74,0.4873,-1150682.25,0.696,0.8662,0.5086,False,
1150052000,11500520,강서구,등촌제1동,서남권,1022664.06,1693099.96,73067.38,0.604,-670435.9,0.7716,0.9584,0.6116,False,
1150053000,11500530,강서구,등촌제2동,서남권,299739.5,1017694.5,42837.13,0.2945,-717955.0,0.5679,0.7836,0.1594,False,
1150053500,11500535,강서구,등촌제3동,서남권,1488852.16,1493081.64,116461.26,0.9972,-4229.48,1.062,1.0243,0.778,False,
1150054000,11500540,강서구,화곡제1동,서남권,1261101.4,2633063.6,128825.67,0.4789,-1371962.2,0.6763,0.7919,0.4338,False,
1150055000,11500550,강서구,화곡제2동,서남권,206095.5,765720.89,15967.21,0.2692,-559625.39,0.5917,0.7617,0.1011,False,
1150056000,11500560,강서구,화곡제3동,서남권,503578.33,1021390.76,42135.98,0.493,-517812.43,0.7461,0.8106,0.405,False,
1150057000,11500570,강서구,화곡제4동,서남권,217376.5,845205.83,32632.1,0.2572,-627829.33,0.6288,0.7751,0.1288,False,
1150059000,11500590,강서구,화곡본동,서남권,365255.9,1676152.03,64666.54,0.2179,-1310896.13,0.5411,0.7459,0.1072,False,
1150059100,11500591,강서구,화곡제6동,서남권,694301.68,1321256.62,88775.93,0.5255,-626954.94,0.7119,0.8555,0.473,False,
1150059300,11500593,강서구,화곡제8동,서남권,1891633.06,1444821.38,57962.57,1.3093,446811.68,0.8501,0.969,0.7496,False,
1150060300,11500603,강서구,가양제1동,서남권,4438454.05,2098444.83,330015.1,2.1151,2340009.22,1.7902,1.6312,0.9204,True,마곡·강서
1150060400,11500604,강서구,가양제2동,서남권,369380.43,625439.41,36021.08,0.5906,-256058.98,1.1304,0.8865,0.5462,False,
1150060500,11500605,강서구,가양제3동,서남권,459747.52,677750.15,26906.42,0.6783,-218002.63,0.9333,1.3269,0.6446,False,
1150061100,11500611,강서구,발산제1동,서남권,1794561.4,1662827.02,150294.98,1.0792,131734.38,1.1475,1.1722,0.818,True,마곡·강서
1150061500,11500615,강서구,우장산동,서남권,536808.62,1615609.38,74870.66,0.3323,-1078800.76,1.0218,0.9518,0.5168,False,
1150062000,11500620,강서구,공항동,서남권,1536268.93,1344685.18,145292.86,1.1425,191583.75,1.2242,1.1288,0.8234,True,
1150063000,11500630,강서구,방화제1동,서남권,792449.51,1722683.19,128462.73,0.46,-930233.68,0.8399,0.9468,0.5707,False,
1150064000,11500640,강서구,방화제2동,서남권,965854.78,1068831.59,79806.17,0.9037,-102976.81,1.1463,0.8385,0.6671,False,
1150064100,11500641,강서구,방화제3동,서남권,349377.48,884085.48,55764.19,0.3952,-534708.0,0.6731,0.7965,0.2775,False,
1153051000,11530510,구로구,신도림동,서남권,1317423.37,1896744.98,150422.36,0.6946,-579321.61,1.0357,0.8205,0.6476,False,
1153052000,11530520,구로구,구로제1동,서남권,337392.56,1015015.05,49965.33,0.3324,-677622.49,0.6854,0.8569,0.3133,False,
1153053000,11530530,구로구,구로제2동,서남권,1749217.01,1127185.02,125405.53,1.5518,622031.99,1.2069,1.1803,0.8429,True,구로·가산
1153054000,11530540,구로구,구로제3동,서남권,5872640.03,1456032.64,363509.18,4.0333,4416607.39,2.4805,2.5043,0.9656,True,구로·가산
1153055000,11530550,구로구,구로제4동,서남권,452880.05,800980.67,45126.81,0.5654,-348100.62,0.8334,0.9529,0.5385,False,
1153056000,11530560,구로구,구로제5동,서남권,1849141.15,1776308.14,164927.05,1.041,72833.01,0.9612,0.8706,0.7193,False,
1153059500,11530595,구로구,가리봉동,서남권,374894.57,482427.95,8939.38,0.7771,-107533.38,0.9657,1.1463,0.6306,False,
1153072000,11530720,구로구,고척제1동,서남권,667716.34,1355160.28,110884.98,0.4927,-687443.94,0.905,0.7665,0.4486,False,
1153073000,11530730,구로구,고척제2동,서남권,224931.89,795193.83,30814.07,0.2829,-570261.94,0.5414,0.7692,0.1019,False,
1153074000,11530740,구로구,개봉제1동,서남권,461151.79,1603272.08,83268.33,0.2876,-1142120.29,0.6802,0.7557,0.2238,False,
1153075000,11530750,구로구,개봉제2동,서남권,234244.7,1236678.94,48187.18,0.1894,-1002434.24,0.5547,0.7394,0.0557,False,
1153076000,11530760,구로구,개봉제3동,서남권,266986.82,809281.09,40984.55,0.3299,-542294.27,0.6742,0.7668,0.1883,False,
1153077000,11530770,구로구,오류제1동,서남권,295573.35,1114482.25,49226.62,0.2652,-818908.9,0.6201,0.7377,0.1225,False,
1153078000,11530780,구로구,오류제2동,서남권,585726.52,1637289.03,140916.89,0.3577,-1051562.51,0.6794,0.8155,0.3403,False,
1153079000,11530790,구로구,수궁동,서남권,327075.94,971852.41,68826.07,0.3365,-644776.47,0.7162,0.8207,0.2945,False,
1153080000,11530800,구로구,항동,서남권,122392.55,475299.37,27677.4,0.2575,-352906.82,,,0.055,False,
1154551000,11545510,금천구,가산동,서남권,9608644.51,2053987.39,747881.32,4.678,7554657.12,2.5667,2.5834,0.975,True,구로·가산
1154561000,11545610,금천구,독산제1동,서남권,1507538.37,2718760.88,200027.72,0.5545,-1211222.51,0.7752,0.9228,0.6166,False,
1154562000,11545620,금천구,독산제2동,서남권,164267.12,649042.61,17489.75,0.2531,-484775.49,0.5753,0.7124,0.0581,False,
1154563000,11545630,금천구,독산제3동,서남권,297655.22,900370.77,31755.9,0.3306,-602715.55,0.6637,0.7974,0.2295,False,
1154564000,11545640,금천구,독산제4동,서남권,345523.79,682982.25,46599.05,0.5059,-337458.46,0.6769,0.758,0.2753,False,
1154567000,11545670,금천구,시흥제1동,서남권,1002608.75,1369167.77,148853.12,0.7323,-366559.02,0.8349,0.9123,0.6476,False,
1154568000,11545680,금천구,시흥제2동,서남권,190229.57,823535.3,60318.53,0.231,-633305.73,0.6061,0.7745,0.1003,False,
1154569000,11545690,금천구,시흥제3동,서남권,362106.06,370628.14,34568.03,0.977,-8522.08,0.9547,0.9438,0.596,False,
1154570000,11545700,금천구,시흥제4동,서남권,174663.56,773117.33,42485.38,0.2259,-598453.77,0.5448,0.6927,0.0384,False,
1154571000,11545710,금천구,시흥제5동,서남권,255335.69,664000.23,48025.52,0.3845,-408664.54,0.6521,0.7685,0.1998,False,
1156051500,11560515,영등포구,영등포본동,서남권,437616.68,1034805.21,38224.42,0.4229,-597188.53,0.7646,0.7483,0.3139,False,
1156053500,11560535,영등포구,영등포동,서남권,4087261.16,2496372.32,178639.44,1.6373,1590888.84,1.202,0.8872,0.7953,True,여의도·영등포
1156054000,11560540,영등포구,여의동,서남권,19495740.23,2151839.53,972322.53,9.06,17343900.7,4.9098,2.179,0.991,True,여의도·영등포
1156055000,11560550,영등포구,당산제1동,서남권,2226850.7,1355844.44,86240.79,1.6424,871006.26,1.1176,1.1238,0.8336,True,여의도·영등포
1156056000,11560560,영등포구,당산제2동,서남권,1950355.85,2347816.77,147030.18,0.8307,-397460.92,0.8663,0.9951,0.7305,False,
1156058500,11560585,영등포구,도림동,서남권,278329.74,1018246.75,42991.08,0.2733,-739917.01,0.5723,0.7293,0.1032,False,
1156060500,11560605,영등포구,문래동,서남권,2783550.27,1781561.57,169849.76,1.5624,1001988.7,1.6369,1.178,0.8721,True,여의도·영등포
1156061000,11560610,영등포구,양평제1동,서남권,1240908.75,1247274.6,74789.98,0.9949,-6365.85,0.9303,1.244,0.7718,False,
1156062000,11560620,영등포구,양평제2동,서남권,1519993.98,1442158.54,107338.87,1.054,77835.44,1.2375,1.2112,0.8309,True,
1156063000,11560630,영등포구,신길제1동,서남권,443400.86,1237839.55,53575.35,0.3582,-794438.69,0.6714,0.7943,0.2821,False,
1156065000,11560650,영등포구,신길제3동,서남권,187348.81,591168.04,20097.36,0.3169,-403819.23,0.5609,0.7805,0.1194,False,
1156066000,11560660,영등포구,신길제4동,서남권,146896.35,565691.28,11998.88,0.2597,-418794.93,0.6874,0.7747,0.1448,False,
1156067000,11560670,영등포구,신길제5동,서남권,191174.54,464645.75,15859.35,0.4114,-273471.21,0.7292,0.7607,0.2271,False,
1156068000,11560680,영등포구,신길제6동,서남권,556266.84,1063568.52,36201.84,0.523,-507301.68,0.6514,0.8278,0.3888,False,
1156069000,11560690,영등포구,신길제7동,서남권,273953.33,871092.79,33084.44,0.3145,-597139.46,0.7096,0.796,0.236,False,
1156070000,11560700,영등포구,대림제1동,서남권,292912.18,622452.54,26336.59,0.4706,-329540.36,0.9934,0.7908,0.3936,False,
1156071000,11560710,영등포구,대림제2동,서남권,260306.52,578803.79,19192.61,0.4497,-318497.27,0.8032,0.8563,0.3929,False,
1156072000,11560720,영등포구,대림제3동,서남권,667231.37,1068169.8,70873.55,0.6246,-400938.43,0.8236,0.8641,0.5555,False,
1159051000,11590510,동작구,노량진제1동,서남권,811293.36,1686694.22,185296.12,0.481,-875400.86,0.9881,0.9246,0.6072,False,
1159052000,11590520,동작구,노량진제2동,서남권,1027184.72,498387.42,29807.07,2.061,528797.3,1.0367,0.9763,0.7701,False,
1159053000,11590530,동작구,상도제1동,서남권,652203.63,2147212.15,115947.81,0.3037,-1495008.52,0.8071,1.0377,0.4975,False,
1159054000,11590540,동작구,상도제2동,서남권,728704.45,1451421.74,70859.27,0.5021,-722717.29,0.7398,0.8468,0.482,False,
1159055000,11590550,동작구,상도제3동,서남권,245006.19,1335811.5,40994.36,0.1834,-1090805.31,0.5169,0.7,0.0412,False,
1159056000,11590560,동작구,상도제4동,서남권,301938.96,1494272.58,45393.19,0.2021,-1192333.62,0.484,0.7031,0.0663,False,
1159060500,11590605,동작구,흑석동,서남권,823256.06,1457741.9,183424.95,0.5647,-634485.84,1.3237,1.3743,0.7299,False,
1159062000,11590620,동작구,사당제1동,서남권,745937.67,1348469.87,52745.74,0.5532,-602532.2,0.7259,0.819,0.4629,False,
1159063000,11590630,동작구,사당제2동,서남권,909488.97,1519570.44,119305.56,0.5985,-610081.47,0.9169,0.838,0.5819,False,
1159064000,11590640,동작구,사당제3동,서남권,231670.84,1137339.02,39296.54,0.2037,-905668.18,0.5718,0.7571,0.075,False,
1159065000,11590650,동작구,사당제4동,서남권,250712.21,786958.43,20847.87,0.3186,-536246.22,0.5484,0.7078,0.0953,False,
1159065100,11590651,동작구,사당제5동,서남권,244178.5,836896.6,27679.5,0.2918,-592718.1,0.6441,0.7763,0.1613,False,
1159066000,11590660,동작구,대방동,서남권,866317.08,1978264.25,124173.93,0.4379,-1111947.17,0.742,0.8539,0.4916,False,
1159067000,11590670,동작구,신대방제1동,서남권,680967.82,1280081.97,77414.55,0.532,-599114.15,0.6619,0.7912,0.3802,False,
1159068000,11590680,동작구,신대방제2동,서남권,1388466.95,1237764.36,87437.11,1.1218,150702.59,1.0447,1.1085,0.7953,False,
1162052500,11620525,관악구,보라매동,서남권,716931.32,1292955.36,49929.93,0.5545,-576024.04,0.7471,0.9009,0.5311,False,
1162054500,11620545,관악구,청림동,서남권,103734.24,513602.75,12895.37,0.202,-409868.51,0.4369,0.7904,0.066,False,
1162056500,11620565,관악구,성현동,서남권,315442.83,1499041.22,82289.52,0.2104,-1183598.39,0.5461,0.7181,0.0827,False,
1162057500,11620575,관악구,행운동,서남권,403883.76,1709719.03,52437.07,0.2362,-1305835.27,0.5618,0.7391,0.1283,False,
1162058500,11620585,관악구,낙성대동,서남권,697054.77,1029521.18,42277.42,0.6771,-332466.41,0.7536,0.797,0.4821,False,
1162059500,11620595,관악구,청룡동,서남권,1139557.92,2358018.97,125706.48,0.4833,-1218461.05,0.617,0.7503,0.3616,False,
1162060500,11620605,관악구,은천동,서남권,548126.77,1696313.76,102780.16,0.3231,-1148186.99,0.6241,0.7599,0.2313,False,
1162061500,11620615,관악구,중앙동,서남권,382560.04,943065.96,25270.78,0.4057,-560505.92,0.6248,0.7499,0.2264,False,
1162062500,11620625,관악구,인헌동,서남권,426861.85,1660687.02,72647.03,0.257,-1233825.17,0.5412,0.7181,0.1272,False,
1162063000,11620630,관악구,남현동,서남권,577402.03,1072137.27,64853.67,0.5386,-494735.24,0.8038,0.8425,0.4886,False,
1162064500,11620645,관악구,서원동,서남권,372939.55,1368658.95,43040.19,0.2725,-995719.4,0.6393,0.7507,0.1728,False,
1162065500,11620655,관악구,신원동,서남권,172820.9,1009347.38,22047.77,0.1712,-836526.48,0.5229,0.7039,0.0213,False,
1162066500,11620665,관악구,서림동,서남권,141685.48,1169099.8,31671.47,0.1212,-1027414.32,0.5426,0.7737,0.057,False,
1162068500,11620685,관악구,신사동,서남권,286148.22,1288158.52,30467.59,0.2221,-1002010.3,0.5252,0.7087,0.0717,False,
1162069500,11620695,관악구,신림동,서남권,719460.15,1737114.04,53240.7,0.4142,-1017653.89,0.6474,0.7405,0.3044,False,
1162071500,11620715,관악구,난향동,서남권,138708.08,627988.43,34264.41,0.2209,-489280.35,0.5388,0.7638,0.0555,False,
1162072500,11620725,관악구,조원동,서남권,1365025.64,1303693.33,57402.72,1.047,61332.31,0.998,1.1169,0.7814,False,
1162073500,11620735,관악구,대학동,서남권,1285167.78,1064963.33,163645.54,1.2068,220204.45,1.5572,1.6048,0.864,False,
1162074500,11620745,관악구,삼성동,서남권,259268.09,880253.4,55349.44,0.2945,-620985.31,0.6507,0.8117,0.2086,False,
1162076500,11620765,관악구,미성동,서남권,513778.75,1521008.76,81362.92,0.3378,-1007230.01,0.6294,0.7504,0.2291,False,
1162077500,11620775,관악구,난곡동,서남권,241342.23,964688.64,49546.3,0.2502,-723346.41,0.5619,0.7289,0.0738,False,
1165051000,11650510,서초구,서초1동,동남권,2575631.94,1174288.4,123307.02,2.1934,1401343.54,1.9363,1.6772,0.9135,True,강남
1165052000,11650520,서초구,서초2동,동남권,4418234.8,1349866.51,229372.23,3.2731,3068368.29,2.595,2.0116,0.952,True,강남
1165053000,11650530,서초구,서초3동,동남권,7977521.61,1916273.54,420971.92,4.163,6061248.07,2.3238,1.6874,0.9564,True,강남
1165053100,11650531,서초구,서초4동,동남권,3047796.38,1303879.27,144318.47,2.3375,1743917.11,2.8297,1.5483,0.9272,True,강남
1165054000,11650540,서초구,잠원동,동남권,1467594.28,1324324.92,130667.23,1.1082,143269.36,1.6311,1.3791,0.8549,False,
1165055000,11650550,서초구,반포본동,동남권,82345.17,45949.5,7922.27,1.7921,36395.67,2.0735,1.0941,0.6472,False,
1165056000,11650560,서초구,반포1동,동남권,1290857.14,1545824.41,121671.8,0.8351,-254967.27,1.3729,1.1743,0.8045,False,
1165057000,11650570,서초구,반포2동,동남권,651644.01,1135285.07,95151.33,0.574,-483641.06,1.1803,0.8125,0.5556,False,
1165058000,11650580,서초구,반포3동,동남권,702009.99,1120396.85,80332.03,0.6266,-418386.86,1.2888,0.8498,0.6216,False,
1165058100,11650581,서초구,반포4동,동남권,2462775.21,1085895.43,118394.78,2.268,1376879.78,2.4989,1.0432,0.8749,True,
1165059000,11650590,서초구,방배본동,동남권,586887.45,900263.39,60999.84,0.6519,-313375.94,0.9889,1.077,0.651,False,
1165060000,11650600,서초구,방배1동,동남권,1038253.43,873828.31,67876.61,1.1882,164425.12,1.5514,1.3396,0.8331,False,
1165061000,11650610,서초구,방배2동,동남권,711622.3,773387.93,40330.11,0.9201,-61765.63,1.3504,1.01,0.7265,False,
1165062000,11650620,서초구,방배3동,동남권,649640.5,710195.6,42765.11,0.9147,-60555.1,0.8417,1.0871,0.6623,False,
1165062100,11650621,서초구,방배4동,동남권,1021264.79,1027586.98,75278.13,0.9938,-6322.19,1.1947,1.1731,0.7825,False,
1165065100,11650651,서초구,양재1동,동남권,3696123.04,1856813.33,306250.55,1.9906,1839309.71,1.9777,1.7988,0.923,True,
1165065200,11650652,서초구,양재2동,동남권,3218776.14,1185960.24,238532.33,2.7141,2032815.9,1.9065,1.4984,0.9156,True,
1165066000,11650660,서초구,내곡동,동남권,1285287.34,724622.31,130992.23,1.7737,560665.03,1.434,1.3041,0.8546,False,
1168051000,11680510,강남구,신사동,동남권,2676589.46,673716.42,120955.45,3.9729,2002873.04,3.1113,1.3241,0.9257,True,
1168052100,11680521,강남구,논현1동,동남권,4581561.94,1030664.58,174116.26,4.4453,3550897.36,1.8626,1.6798,0.9421,True,강남
1168053100,11680531,강남구,논현2동,동남권,5179665.8,1027137.28,161776.23,5.0428,4152528.52,2.6851,2.104,0.9697,True,강남
1168054500,11680545,강남구,압구정동,동남권,3664678.7,1034948.07,159610.01,3.5409,2629730.63,3.0785,1.3182,0.928,True,
1168056500,11680565,강남구,청담동,동남권,3527353.64,1123865.08,182506.31,3.1386,2403488.56,2.5969,1.4375,0.9299,True,
1168058000,11680580,강남구,삼성1동,동남권,6904409.36,821486.1,235390.23,8.4048,6082923.26,5.8078,1.6228,0.9749,True,강남
1168059000,11680590,강남구,삼성2동,동남권,3378520.66,1404016.23,161676.0,2.4063,1974504.43,2.0736,2.1555,0.9344,True,강남
1168060000,11680600,강남구,대치1동,동남권,1026697.23,983572.79,71150.12,1.0438,43124.44,1.3593,1.0626,0.7853,False,
1168061000,11680610,강남구,대치2동,동남권,4258662.28,1727183.06,204437.75,2.4657,2531479.22,3.4647,2.0753,0.9534,True,강남
1168063000,11680630,강남구,대치4동,동남권,3759543.02,916990.75,119984.84,4.0999,2842552.27,1.8948,1.5069,0.9297,True,강남
1168064000,11680640,강남구,역삼1동,동남권,16119655.08,2308603.58,677469.04,6.9824,13811051.5,2.7519,1.9839,0.9743,True,강남
1168065000,11680650,강남구,역삼2동,동남권,4361041.16,1787296.76,206068.65,2.44,2573744.4,2.067,2.0615,0.9378,True,강남
1168065500,11680655,강남구,도곡1동,동남권,2820917.87,1106204.69,91002.73,2.5501,1714713.18,1.4383,1.4654,0.8994,True,강남
1168065600,11680656,강남구,도곡2동,동남권,1340127.73,1123647.73,74474.6,1.1927,216480.0,1.5252,1.3756,0.8536,False,
1168066000,11680660,강남구,개포1동,동남권,331879.32,1100186.38,74026.0,0.3017,-768307.06,0.672,0.8634,0.291,False,
1168067000,11680670,강남구,개포2동,동남권,507818.87,1900965.77,121976.24,0.2671,-1393146.9,0.7303,0.7914,0.2897,False,
1168067500,11680675,강남구,개포3동,동남권,516786.0,814746.29,36339.04,0.6343,-297960.29,,,0.5281,False,
1168069000,11680690,강남구,개포4동,동남권,586487.04,1060399.92,72694.49,0.5531,-473912.88,0.9259,1.1091,0.6144,False,
1168070000,11680700,강남구,세곡동,동남권,827596.2,2097804.38,190333.39,0.3945,-1270208.18,0.7284,0.8997,0.4832,False,
1168072000,11680720,강남구,일원본동,동남권,771079.59,1021332.27,94435.22,0.755,-250252.68,1.04,1.247,0.7343,False,
1168073000,11680730,강남구,일원1동,동남권,269327.97,660192.91,36775.11,0.408,-390864.94,0.9564,1.0506,0.4955,False,
1168075000,11680750,강남구,수서동,동남권,1386166.23,675848.83,88052.04,2.051,710317.4,1.5703,1.3361,0.8689,False,
1171051000,11710510,송파구,풍납1동,동남권,193210.73,581108.41,25691.69,0.3325,-387897.68,0.753,0.774,0.2164,False,
1171052000,11710520,송파구,풍납2동,동남권,1686986.75,1195827.38,273308.52,1.4107,491159.37,1.2443,1.4425,0.8635,True,
1171053100,11710531,송파구,거여1동,동남권,359728.87,630136.68,35457.14,0.5709,-270407.81,0.75,0.83,0.4139,False,
1171053200,11710532,송파구,거여2동,동남권,371175.27,941953.24,59997.17,0.394,-570777.97,0.7056,0.8733,0.3708,False,
1171054000,11710540,송파구,마천1동,동남권,125023.14,571059.97,20437.95,0.2189,-446036.83,0.5778,0.7735,0.0743,False,
1171055000,11710550,송파구,마천2동,동남권,272801.78,675587.53,57536.21,0.4038,-402785.75,0.661,0.7831,0.2356,False,
1171056100,11710561,송파구,방이1동,동남권,533945.61,752620.26,39257.89,0.7094,-218674.65,1.093,0.9169,0.6268,False,
1171056200,11710562,송파구,방이2동,동남권,1382695.07,1669577.66,113084.64,0.8282,-286882.59,0.9201,0.9183,0.7044,False,
1171056600,11710566,송파구,오륜동,동남권,657128.83,680956.96,34975.22,0.965,-23828.13,1.4601,0.5843,0.5429,False,
1171057000,11710570,송파구,오금동,동남권,1022138.45,1910583.7,162730.04,0.535,-888445.25,0.7841,0.8771,0.5687,False,
1171058000,11710580,송파구,송파1동,동남권,778006.52,1394994.7,72404.36,0.5577,-616988.18,0.8305,0.7869,0.4831,False,
1171059000,11710590,송파구,송파2동,동남권,327274.57,916098.54,42706.99,0.3572,-588823.97,0.7089,0.8354,0.3126,False,
1171060000,11710600,송파구,석촌동,동남권,980680.3,1796361.71,98140.04,0.5459,-815681.41,0.7288,0.8463,0.5158,False,
1171061000,11710610,송파구,삼전동,동남권,653598.51,1666415.25,91708.41,0.3922,-1012816.74,0.66,0.839,0.3804,False,
1171062000,11710620,송파구,가락본동,동남권,2036778.85,1397624.12,133053.13,1.4573,639154.73,1.0177,1.1882,0.8289,True,송파·문정
1171063100,11710631,송파구,가락1동,동남권,914408.74,1359409.5,114065.32,0.6727,-445000.76,0.7668,0.8579,0.5699,False,
1171063200,11710632,송파구,가락2동,동남권,697269.48,1374337.08,72183.49,0.5073,-677067.6,0.757,0.9213,0.5315,False,
1171064100,11710641,송파구,문정1동,동남권,712088.47,1056734.94,58468.9,0.6739,-344646.47,0.9643,1.1477,0.6838,False,
1171064200,11710642,송파구,문정2동,동남권,4744945.67,1684394.78,305072.06,2.817,3060550.89,1.8139,1.6303,0.9292,True,송파·문정
1171064600,11710646,송파구,장지동,동남권,583402.05,1456604.03,96505.87,0.4005,-873201.98,0.7473,0.8593,0.4403,False,
1171064700,11710647,송파구,위례동,동남권,534492.19,1699016.08,125523.13,0.3146,-1164523.89,0.7662,0.8377,0.3755,False,
1171065000,11710650,송파구,잠실본동,동남권,1123862.25,1792426.17,135182.0,0.627,-668563.92,0.8044,0.8366,0.5798,False,
1171067000,11710670,송파구,잠실2동,동남권,815574.66,1617774.66,134638.07,0.5041,-802200.0,1.0491,0.6891,0.4714,False,
1171068000,11710680,송파구,잠실3동,동남권,1122336.59,1498351.69,119875.01,0.749,-376015.1,1.7376,0.8389,0.6984,False,
1171069000,11710690,송파구,잠실4동,동남권,384972.14,986424.04,51576.72,0.3903,-601451.9,0.7162,0.8831,0.3837,False,
1171071000,11710710,송파구,잠실6동,동남권,4462691.6,971658.96,206557.24,4.5929,3491032.64,4.1721,1.1375,0.9277,True,송파·문정
1171072000,11710720,송파구,잠실7동,동남권,462098.17,435589.29,17616.55,1.0609,26508.88,0.9396,0.8317,0.5655,False,
1174051500,11740515,강동구,강일동,동남권,539944.94,1417636.92,146411.79,0.3809,-877691.98,0.8097,0.9834,0.4987,False,
1174052500,11740525,강동구,상일제1동,동남권,917006.68,1788691.22,178591.87,0.5127,-871684.54,,,0.5902,False,
1174052600,11740526,강동구,상일제2동,동남권,951212.59,678046.64,82778.56,1.4029,273165.95,,,0.7799,False,
1174053000,11740530,강동구,명일제1동,동남권,527873.26,1240482.9,92247.43,0.4255,-712609.64,0.8068,0.742,0.3548,False,
1174054000,11740540,강동구,명일제2동,동남권,430244.91,773341.81,38180.03,0.5563,-343096.9,0.9132,0.9002,0.5279,False,
1174055000,11740550,강동구,고덕제1동,동남권,289779.14,1057633.36,66070.28,0.274,-767854.22,0.7443,0.8523,0.3007,False,
1174056000,11740560,강동구,고덕제2동,동남권,754092.58,1133550.23,92784.19,0.6652,-379457.65,0.9658,0.9502,0.6518,False,
1174057000,11740570,강동구,암사제1동,동남권,622664.41,1597306.45,94168.12,0.3898,-974642.04,0.6329,0.8054,0.3235,False,
1174058000,11740580,강동구,암사제2동,동남권,320103.62,813646.61,41764.97,0.3934,-493542.99,0.6746,0.7914,0.2595,False,
1174059000,11740590,강동구,암사제3동,동남권,209852.62,649679.79,26925.67,0.323,-439827.17,0.7239,0.8153,0.2408,False,
1174060000,11740600,강동구,천호제1동,동남권,418679.79,1237105.37,56521.21,0.3384,-818425.58,0.6734,0.86,0.3343,False,
1174061000,11740610,강동구,천호제2동,동남권,1227540.2,1855381.35,144927.54,0.6616,-627841.15,0.8294,0.85,0.612,False,
1174062000,11740620,강동구,천호제3동,동남권,933785.9,1495420.06,67137.91,0.6244,-561634.16,0.7113,0.8345,0.5105,False,
1174064000,11740640,강동구,성내제1동,동남권,1009252.08,1076013.55,114165.82,0.938,-66761.47,1.0118,1.1581,0.7555,False,
1174065000,11740650,강동구,성내제2동,동남권,740958.49,1330723.73,78005.16,0.5568,-589765.24,0.738,0.8152,0.4659,False,
1174066000,11740660,강동구,성내제3동,동남권,1123389.95,1281917.62,115988.24,0.8763,-158527.67,0.8074,0.8733,0.6463,False,
1174068500,11740685,강동구,길동,동남권,1839114.65,2732049.07,300959.86,0.6732,-892934.42,0.7878,0.8503,0.6192,False,
1174069000,11740690,강동구,둔촌제1동,동남권,403764.05,1595709.06,82418.56,0.253,-1191945.01,0.6157,0.7504,0.1604,False,
1174070000,11740700,강동구,둔촌제2동,동남권,834339.0,1258259.66,114620.89,0.6631,-423920.66,0.8445,0.9819,0.6437,False,
