업무지구,행정동코드10,행정동코드8,시군구명,행정동명,출근_유입량,지구내_가중치,주야간_인구비,업무중심
강남,1168064000,11680640,강남구,역삼1동,16119655.08,0.2323,2.7519,True
강남,1165053000,11650530,서초구,서초3동,7977521.61,0.115,2.3238,True
강남,1168058000,11680580,강남구,삼성1동,6904409.36,0.0995,5.8078,True
강남,1168053100,11680531,강남구,논현2동,5179665.8,0.0747,2.6851,True
강남,1168052100,11680521,강남구,논현1동,4581561.94,0.066,1.8626,True
강남,1165052000,11650520,서초구,서초2동,4418234.8,0.0637,2.595,True
강남,1168065000,11680650,강남구,역삼2동,4361041.16,0.0629,2.067,True
강남,1168061000,11680610,강남구,대치2동,4258662.28,0.0614,3.4647,True
강남,1168063000,11680630,강남구,대치4동,3759543.02,0.0542,1.8948,True
강남,1168059000,11680590,강남구,삼성2동,3378520.66,0.0487,2.0736,True
강남,1165053100,11650531,서초구,서초4동,3047796.38,0.0439,2.8297,True
강남,1168065500,11680655,강남구,도곡1동,2820917.87,0.0407,1.4383,True
강남,1165051000,11650510,서초구,서초1동,2575631.94,0.0371,1.9363,True
구로·가산,1154551000,11545510,금천구,가산동,9608644.51,0.5577,2.5667,True
구로·가산,1153054000,11530540,구로구,구로제3동,5872640.03,0.3408,2.4805,True
구로·가산,1153053000,11530530,구로구,구로제2동,1749217.01,0.1015,1.2069,True
도심,1111061500,11110615,종로구,종로1.2.3.4가동,13113292.16,0.2324,4.6428,True
도심,1114055000,11140550,중구,명동,10449542.85,0.1852,10.3689,True
도심,1114052000,11140520,중구,소공동,7356283.17,0.1304,10.756,True
도심,1114054000,11140540,중구,회현동,6626171.07,0.1175,9.3156,True
도심,1111053000,11110530,종로구,사직동,5118840.98,0.0907,4.5933,True
도심,1114060500,11140605,중구,을지로동,3541302.57,0.0628,3.7865,True
도심,1114059000,11140590,중구,광희동,3139462.02,0.0556,2.0443,True
도심,1111063000,11110630,종로구,종로5.6가동,2771806.47,0.0491,2.4357,True
도심,1114057000,11140570,중구,필동,2316832.81,0.0411,3.1086,True
도심,1111064000,11110640,종로구,이화동,1982556.51,0.0351,2.3318,True
마곡·강서,1150060300,11500603,강서구,가양제1동,4438454.05,0.7121,1.7902,True
마곡·강서,1150061100,11500611,강서구,발산제1동,1794561.4,0.2879,1.1475,True
상암,1144074000,11440740,마포구,상암동,4142309.87,1.0,2.3369,True
성수,1120069000,11200690,성동구,성수2가제3동,5117478.63,0.7005,3.2653,True
성수,1120066000,11200660,성동구,성수1가제2동,2187915.91,0.2995,2.5085,True
송파·문정,1171064200,11710642,송파구,문정2동,4744945.67,0.422,1.8139,True
송파·문정,1171071000,11710710,송파구,잠실6동,4462691.6,0.3969,4.1721,True
송파·문정,1171062000,11710620,송파구,가락본동,2036778.85,0.1811,1.0177,True
여의도·영등포,1156054000,11560540,영등포구,여의동,19495740.23,0.6818,4.9098,True
여의도·영등포,1156053500,11560535,영등포구,영등포동,4087261.16,0.1429,1.202,True
여의도·영등포,1156060500,11560605,영등포구,문래동,2783550.27,0.0973,1.6369,True
여의도·영등포,1156055000,11560550,영등포구,당산제1동,2226850.7,0.0779,1.1176,True
용산,1117062500,11170625,용산구,한강로동,5039679.55,0.7729,2.2519,True
용산,1117053000,11170530,용산구,남영동,1480433.51,0.2271,3.275,True
