주택유형,권역,연월,전환율_pct,전환율
단독다가구,도심권,202305,6.2,0.062
단독다가구,동북권,202305,6.1,0.061
단독다가구,서북권,202305,6.3,0.063
단독다가구,서남권,202305,5.6,0.055999999999999994
단독다가구,동남권,202305,5.3,0.053
단독다가구,도심권,202306,6.3,0.063
단독다가구,동북권,202306,6.2,0.062
단독다가구,서북권,202306,6.3,0.063
단독다가구,서남권,202306,5.6,0.055999999999999994
단독다가구,동남권,202306,5.4,0.054000000000000006
단독다가구,도심권,202307,6.0,0.06
단독다가구,동북권,202307,6.2,0.062
단독다가구,서북권,202307,6.3,0.063
단독다가구,서남권,202307,5.6,0.055999999999999994
단독다가구,동남권,202307,5.4,0.054000000000000006
단독다가구,도심권,202308,6.1,0.061
단독다가구,동북권,202308,6.2,0.062
단독다가구,서북권,202308,6.2,0.062
단독다가구,서남권,202308,5.6,0.055999999999999994
단독다가구,동남권,202308,5.4,0.054000000000000006
단독다가구,도심권,202309,5.9,0.059000000000000004
단독다가구,동북권,202309,6.1,0.061
단독다가구,서북권,202309,6.2,0.062
단독다가구,서남권,202309,5.6,0.055999999999999994
단독다가구,동남권,202309,5.4,0.054000000000000006
단독다가구,도심권,202310,5.9,0.059000000000000004
단독다가구,동북권,202310,6.1,0.061
단독다가구,서북권,202310,6.2,0.062
단독다가구,서남권,202310,5.7,0.057
단독다가구,동남권,202310,5.4,0.054000000000000006
단독다가구,도심권,202311,5.9,0.059000000000000004
단독다가구,동북권,202311,6.1,0.061
단독다가구,서북권,202311,6.3,0.063
단독다가구,서남권,202311,5.7,0.057
단독다가구,동남권,202311,5.3,0.053
단독다가구,도심권,202312,6.1,0.061
단독다가구,동북권,202312,6.2,0.062
단독다가구,서북권,202312,6.2,0.062
단독다가구,서남권,202312,5.8,0.057999999999999996
단독다가구,동남권,202312,5.3,0.053
단독다가구,도심권,202401,6.3,0.063
단독다가구,동북권,202401,6.2,0.062
단독다가구,서북권,202401,6.3,0.063
단독다가구,서남권,202401,5.9,0.059000000000000004
단독다가구,동남권,202401,5.3,0.053
단독다가구,도심권,202402,6.5,0.065
단독다가구,동북권,202402,6.3,0.063
단독다가구,서북권,202402,6.3,0.063
단독다가구,서남권,202402,5.9,0.059000000000000004
단독다가구,동남권,202402,5.4,0.054000000000000006
단독다가구,도심권,202403,6.6,0.066
단독다가구,동북권,202403,6.3,0.063
단독다가구,서북권,202403,6.4,0.064
단독다가구,서남권,202403,5.9,0.059000000000000004
단독다가구,동남권,202403,5.3,0.053
단독다가구,도심권,202404,6.8,0.068
단독다가구,동북권,202404,6.4,0.064
단독다가구,서북권,202404,6.6,0.066
단독다가구,서남권,202404,5.9,0.059000000000000004
단독다가구,동남권,202404,5.3,0.053
단독다가구,도심권,202405,6.9,0.069
단독다가구,동북권,202405,6.5,0.065
단독다가구,서북권,202405,6.4,0.064
단독다가구,서남권,202405,6.0,0.06
단독다가구,동남권,202405,5.3,0.053
단독다가구,도심권,202406,6.5,0.065
단독다가구,동북권,202406,6.5,0.065
단독다가구,서북권,202406,6.6,0.066
단독다가구,서남권,202406,6.0,0.06
단독다가구,동남권,202406,5.2,0.052000000000000005
단독다가구,도심권,202407,6.2,0.062
단독다가구,동북권,202407,6.4,0.064
단독다가구,서북권,202407,6.6,0.066
단독다가구,서남권,202407,5.9,0.059000000000000004
단독다가구,동남권,202407,5.2,0.052000000000000005
단독다가구,도심권,202408,6.1,0.061
단독다가구,동북권,202408,6.3,0.063
단독다가구,서북권,202408,6.5,0.065
단독다가구,서남권,202408,5.9,0.059000000000000004
단독다가구,동남권,202408,5.4,0.054000000000000006
단독다가구,도심권,202409,6.2,0.062
단독다가구,동북권,202409,6.3,0.063
단독다가구,서북권,202409,6.5,0.065
단독다가구,서남권,202409,5.9,0.059000000000000004
단독다가구,동남권,202409,5.5,0.055
단독다가구,도심권,202410,6.1,0.061
단독다가구,동북권,202410,6.2,0.062
단독다가구,서북권,202410,6.4,0.064
단독다가구,서남권,202410,5.9,0.059000000000000004
단독다가구,동남권,202410,5.4,0.054000000000000006
단독다가구,도심권,202411,6.1,0.061
단독다가구,동북권,202411,6.2,0.062
단독다가구,서북권,202411,6.4,0.064
단독다가구,서남권,202411,5.9,0.059000000000000004
단독다가구,동남권,202411,5.4,0.054000000000000006
단독다가구,도심권,202412,6.1,0.061
단독다가구,동북권,202412,6.4,0.064
단독다가구,서북권,202412,6.3,0.063
단독다가구,서남권,202412,5.9,0.059000000000000004
단독다가구,동남권,202412,5.4,0.054000000000000006
단독다가구,도심권,202501,6.1,0.061
단독다가구,동북권,202501,6.4,0.064
단독다가구,서북권,202501,6.3,0.063
단독다가구,서남권,202501,5.9,0.059000000000000004
단독다가구,동남권,202501,5.4,0.054000000000000006
단독다가구,도심권,202502,6.3,0.063
단독다가구,동북권,202502,6.6,0.066
단독다가구,서북권,202502,6.5,0.065
단독다가구,서남권,202502,6.1,0.061
단독다가구,동남권,202502,5.4,0.054000000000000006
단독다가구,도심권,202503,6.3,0.063
단독다가구,동북권,202503,6.8,0.068
단독다가구,서북권,202503,6.6,0.066
단독다가구,서남권,202503,6.1,0.061
단독다가구,동남권,202503,5.4,0.054000000000000006
단독다가구,도심권,202504,6.4,0.064
단독다가구,동북권,202504,6.8,0.068
단독다가구,서북권,202504,6.8,0.068
단독다가구,서남권,202504,6.2,0.062
단독다가구,동남권,202504,5.5,0.055
단독다가구,도심권,202505,6.4,0.064
단독다가구,동북권,202505,6.7,0.067
단독다가구,서북권,202505,6.9,0.069
단독다가구,서남권,202505,6.2,0.062
단독다가구,동남권,202505,5.4,0.054000000000000006
단독다가구,도심권,202506,6.5,0.065
단독다가구,동북권,202506,6.7,0.067
단독다가구,서북권,202506,7.1,0.071
단독다가구,서남권,202506,6.2,0.062
단독다가구,동남권,202506,5.4,0.054000000000000006
단독다가구,도심권,202507,6.5,0.065
단독다가구,동북권,202507,6.5,0.065
단독다가구,서북권,202507,7.2,0.07200000000000001
단독다가구,서남권,202507,6.2,0.062
단독다가구,동남권,202507,5.5,0.055
단독다가구,도심권,202508,6.6,0.066
단독다가구,동북권,202508,6.5,0.065
단독다가구,서북권,202508,7.0,0.07
단독다가구,서남권,202508,6.2,0.062
단독다가구,동남권,202508,5.6,0.055999999999999994
단독다가구,도심권,202509,6.6,0.066
단독다가구,동북권,202509,6.5,0.065
단독다가구,서북권,202509,7.1,0.071
단독다가구,서남권,202509,6.2,0.062
단독다가구,동남권,202509,5.6,0.055999999999999994
단독다가구,도심권,202510,6.3,0.063
단독다가구,동북권,202510,6.5,0.065
단독다가구,서북권,202510,7.1,0.071
단독다가구,서남권,202510,6.3,0.063
단독다가구,동남권,202510,5.5,0.055
단독다가구,도심권,202511,6.5,0.065
단독다가구,동북권,202511,6.7,0.067
단독다가구,서북권,202511,7.1,0.071
단독다가구,서남권,202511,6.3,0.063
단독다가구,동남권,202511,5.5,0.055
단독다가구,도심권,202512,6.4,0.064
단독다가구,동북권,202512,6.9,0.069
단독다가구,서북권,202512,7.0,0.07
단독다가구,서남권,202512,6.4,0.064
단독다가구,동남권,202512,5.7,0.057
단독다가구,도심권,202601,6.4,0.064
단독다가구,동북권,202601,7.0,0.07
단독다가구,서북권,202601,7.1,0.071
단독다가구,서남권,202601,6.6,0.066
단독다가구,동남권,202601,5.7,0.057
단독다가구,도심권,202602,6.1,0.061
단독다가구,동북권,202602,7.0,0.07
단독다가구,서북권,202602,7.3,0.073
단독다가구,서남권,202602,6.6,0.066
단독다가구,동남권,202602,5.7,0.057
단독다가구,도심권,202603,6.0,0.06
단독다가구,동북권,202603,7.2,0.07200000000000001
단독다가구,서북권,202603,7.4,0.07400000000000001
단독다가구,서남권,202603,6.8,0.068
단독다가구,동남권,202603,5.6,0.055999999999999994
단독다가구,도심권,202604,6.2,0.062
단독다가구,동북권,202604,7.3,0.073
단독다가구,서북권,202604,7.5,0.075
단독다가구,서남권,202604,6.8,0.068
단독다가구,동남권,202604,5.5,0.055
단독다가구,도심권,202605,6.3,0.063
단독다가구,동북권,202605,6.9,0.069
단독다가구,서북권,202605,7.1,0.071
단독다가구,서남권,202605,6.7,0.067
단독다가구,동남권,202605,5.5,0.055
연립다세대,도심권,202305,5.3,0.053
연립다세대,동북권,202305,5.1,0.051
연립다세대,서북권,202305,5.0,0.05
연립다세대,서남권,202305,4.8,0.048
연립다세대,동남권,202305,4.2,0.042
연립다세대,도심권,202306,5.3,0.053
연립다세대,동북권,202306,5.1,0.051
연립다세대,서북권,202306,5.0,0.05
연립다세대,서남권,202306,4.9,0.049
연립다세대,동남권,202306,4.2,0.042
연립다세대,도심권,202307,5.4,0.054000000000000006
연립다세대,동북권,202307,5.1,0.051
연립다세대,서북권,202307,5.1,0.051
연립다세대,서남권,202307,4.9,0.049
연립다세대,동남권,202307,4.2,0.042
연립다세대,도심권,202308,5.2,0.052000000000000005
연립다세대,동북권,202308,5.1,0.051
연립다세대,서북권,202308,5.0,0.05
연립다세대,서남권,202308,5.0,0.05
연립다세대,동남권,202308,4.3,0.043
연립다세대,도심권,202309,5.1,0.051
연립다세대,동북권,202309,5.1,0.051
연립다세대,서북권,202309,5.0,0.05
연립다세대,서남권,202309,4.9,0.049
연립다세대,동남권,202309,4.2,0.042
연립다세대,도심권,202310,5.0,0.05
연립다세대,동북권,202310,5.0,0.05
연립다세대,서북권,202310,5.0,0.05
연립다세대,서남권,202310,4.9,0.049
연립다세대,동남권,202310,4.2,0.042
연립다세대,도심권,202311,5.1,0.051
연립다세대,동북권,202311,4.9,0.049
연립다세대,서북권,202311,5.1,0.051
연립다세대,서남권,202311,5.0,0.05
연립다세대,동남권,202311,4.2,0.042
연립다세대,도심권,202312,5.0,0.05
연립다세대,동북권,202312,4.9,0.049
연립다세대,서북권,202312,5.0,0.05
연립다세대,서남권,202312,5.0,0.05
연립다세대,동남권,202312,4.2,0.042
연립다세대,도심권,202401,5.0,0.05
연립다세대,동북권,202401,5.0,0.05
연립다세대,서북권,202401,5.0,0.05
연립다세대,서남권,202401,5.0,0.05
연립다세대,동남권,202401,4.2,0.042
연립다세대,도심권,202402,5.1,0.051
연립다세대,동북권,202402,5.0,0.05
연립다세대,서북권,202402,5.2,0.052000000000000005
연립다세대,서남권,202402,5.0,0.05
연립다세대,동남권,202402,4.2,0.042
연립다세대,도심권,202403,5.1,0.051
연립다세대,동북권,202403,5.1,0.051
연립다세대,서북권,202403,5.1,0.051
연립다세대,서남권,202403,5.0,0.05
연립다세대,동남권,202403,4.3,0.043
연립다세대,도심권,202404,5.2,0.052000000000000005
연립다세대,동북권,202404,5.1,0.051
연립다세대,서북권,202404,5.1,0.051
연립다세대,서남권,202404,5.1,0.051
연립다세대,동남권,202404,4.2,0.042
연립다세대,도심권,202405,5.1,0.051
연립다세대,동북권,202405,5.0,0.05
연립다세대,서북권,202405,5.1,0.051
연립다세대,서남권,202405,5.0,0.05
연립다세대,동남권,202405,4.2,0.042
연립다세대,도심권,202406,5.1,0.051
연립다세대,동북권,202406,5.0,0.05
연립다세대,서북권,202406,5.0,0.05
연립다세대,서남권,202406,5.0,0.05
연립다세대,동남권,202406,4.2,0.042
연립다세대,도심권,202407,5.1,0.051
연립다세대,동북권,202407,5.0,0.05
연립다세대,서북권,202407,5.0,0.05
연립다세대,서남권,202407,5.0,0.05
연립다세대,동남권,202407,4.2,0.042
연립다세대,도심권,202408,5.1,0.051
연립다세대,동북권,202408,4.9,0.049
연립다세대,서북권,202408,4.8,0.048
연립다세대,서남권,202408,4.9,0.049
연립다세대,동남권,202408,4.1,0.040999999999999995
연립다세대,도심권,202409,5.0,0.05
연립다세대,동북권,202409,4.9,0.049
연립다세대,서북권,202409,4.8,0.048
연립다세대,서남권,202409,4.9,0.049
연립다세대,동남권,202409,4.1,0.040999999999999995
연립다세대,도심권,202410,5.0,0.05
연립다세대,동북권,202410,4.9,0.049
연립다세대,서북권,202410,4.8,0.048
연립다세대,서남권,202410,4.8,0.048
연립다세대,동남권,202410,4.1,0.040999999999999995
연립다세대,도심권,202411,5.1,0.051
연립다세대,동북권,202411,4.9,0.049
연립다세대,서북권,202411,4.9,0.049
연립다세대,서남권,202411,4.8,0.048
연립다세대,동남권,202411,4.2,0.042
연립다세대,도심권,202412,5.0,0.05
연립다세대,동북권,202412,4.9,0.049
연립다세대,서북권,202412,4.9,0.049
연립다세대,서남권,202412,4.8,0.048
연립다세대,동남권,202412,4.2,0.042
연립다세대,도심권,202501,5.2,0.052000000000000005
연립다세대,동북권,202501,4.9,0.049
연립다세대,서북권,202501,4.9,0.049
연립다세대,서남권,202501,4.8,0.048
연립다세대,동남권,202501,4.2,0.042
연립다세대,도심권,202502,5.3,0.053
연립다세대,동북권,202502,5.1,0.051
연립다세대,서북권,202502,5.1,0.051
연립다세대,서남권,202502,4.8,0.048
연립다세대,동남권,202502,4.3,0.043
연립다세대,도심권,202503,5.3,0.053
연립다세대,동북권,202503,5.2,0.052000000000000005
연립다세대,서북권,202503,5.3,0.053
연립다세대,서남권,202503,4.9,0.049
연립다세대,동남권,202503,4.3,0.043
연립다세대,도심권,202504,5.5,0.055
연립다세대,동북권,202504,5.2,0.052000000000000005
연립다세대,서북권,202504,5.3,0.053
연립다세대,서남권,202504,5.0,0.05
연립다세대,동남권,202504,4.4,0.044000000000000004
연립다세대,도심권,202505,5.2,0.052000000000000005
연립다세대,동북권,202505,5.2,0.052000000000000005
연립다세대,서북권,202505,5.3,0.053
연립다세대,서남권,202505,5.1,0.051
연립다세대,동남권,202505,4.4,0.044000000000000004
연립다세대,도심권,202506,5.2,0.052000000000000005
연립다세대,동북권,202506,5.1,0.051
연립다세대,서북권,202506,5.2,0.052000000000000005
연립다세대,서남권,202506,5.1,0.051
연립다세대,동남권,202506,4.3,0.043
연립다세대,도심권,202507,5.2,0.052000000000000005
연립다세대,동북권,202507,5.1,0.051
연립다세대,서북권,202507,5.3,0.053
연립다세대,서남권,202507,5.1,0.051
연립다세대,동남권,202507,4.3,0.043
연립다세대,도심권,202508,5.1,0.051
연립다세대,동북권,202508,5.0,0.05
연립다세대,서북권,202508,5.2,0.052000000000000005
연립다세대,서남권,202508,5.1,0.051
연립다세대,동남권,202508,4.4,0.044000000000000004
연립다세대,도심권,202509,5.1,0.051
연립다세대,동북권,202509,5.0,0.05
연립다세대,서북권,202509,5.1,0.051
연립다세대,서남권,202509,5.1,0.051
연립다세대,동남권,202509,4.3,0.043
연립다세대,도심권,202510,5.1,0.051
연립다세대,동북권,202510,5.0,0.05
연립다세대,서북권,202510,5.0,0.05
연립다세대,서남권,202510,5.1,0.051
연립다세대,동남권,202510,4.2,0.042
연립다세대,도심권,202511,5.1,0.051
연립다세대,동북권,202511,5.1,0.051
연립다세대,서북권,202511,5.0,0.05
연립다세대,서남권,202511,5.2,0.052000000000000005
연립다세대,동남권,202511,4.2,0.042
연립다세대,도심권,202512,5.2,0.052000000000000005
연립다세대,동북권,202512,5.0,0.05
연립다세대,서북권,202512,4.9,0.049
연립다세대,서남권,202512,5.2,0.052000000000000005
연립다세대,동남권,202512,4.2,0.042
연립다세대,도심권,202601,5.4,0.054000000000000006
연립다세대,동북권,202601,5.0,0.05
연립다세대,서북권,202601,4.9,0.049
연립다세대,서남권,202601,5.2,0.052000000000000005
연립다세대,동남권,202601,4.3,0.043
연립다세대,도심권,202602,5.5,0.055
연립다세대,동북권,202602,5.0,0.05
연립다세대,서북권,202602,5.0,0.05
연립다세대,서남권,202602,5.1,0.051
연립다세대,동남권,202602,4.2,0.042
연립다세대,도심권,202603,5.5,0.055
연립다세대,동북권,202603,4.9,0.049
연립다세대,서북권,202603,5.0,0.05
연립다세대,서남권,202603,5.0,0.05
연립다세대,동남권,202603,4.2,0.042
연립다세대,도심권,202604,5.6,0.055999999999999994
연립다세대,동북권,202604,5.0,0.05
연립다세대,서북권,202604,5.0,0.05
연립다세대,서남권,202604,5.1,0.051
연립다세대,동남권,202604,4.3,0.043
연립다세대,도심권,202605,5.3,0.053
연립다세대,동북권,202605,4.9,0.049
연립다세대,서북권,202605,4.8,0.048
연립다세대,서남권,202605,5.1,0.051
연립다세대,동남권,202605,4.3,0.043
