권역,면적구간,연월,전환율_pct,전환율
도심권,40㎡이하,202401,6.11,0.0611
도심권,40㎡초과 60㎡이하,202401,6.04,0.0604
동북권,40㎡이하,202401,5.59,0.0559
동북권,40㎡초과 60㎡이하,202401,5.68,0.056799999999999996
서북권,40㎡이하,202401,5.9,0.059000000000000004
서북권,40㎡초과 60㎡이하,202401,4.93,0.0493
서남권,40㎡이하,202401,5.64,0.0564
서남권,40㎡초과 60㎡이하,202401,5.36,0.0536
동남권,40㎡이하,202401,5.39,0.053899999999999997
동남권,40㎡초과 60㎡이하,202401,5.43,0.054299999999999994
도심권,40㎡이하,202402,6.05,0.0605
도심권,40㎡초과 60㎡이하,202402,6.03,0.0603
동북권,40㎡이하,202402,5.56,0.0556
동북권,40㎡초과 60㎡이하,202402,6.0,0.06
서북권,40㎡이하,202402,5.9,0.059000000000000004
서북권,40㎡초과 60㎡이하,202402,4.94,0.049400000000000006
서남권,40㎡이하,202402,5.69,0.056900000000000006
서남권,40㎡초과 60㎡이하,202402,5.49,0.054900000000000004
동남권,40㎡이하,202402,5.44,0.054400000000000004
동남권,40㎡초과 60㎡이하,202402,5.39,0.053899999999999997
도심권,40㎡이하,202403,5.99,0.0599
도심권,40㎡초과 60㎡이하,202403,5.95,0.059500000000000004
동북권,40㎡이하,202403,5.58,0.0558
동북권,40㎡초과 60㎡이하,202403,5.91,0.0591
서북권,40㎡이하,202403,5.88,0.0588
서북권,40㎡초과 60㎡이하,202403,5.06,0.0506
서남권,40㎡이하,202403,5.72,0.0572
서남권,40㎡초과 60㎡이하,202403,5.33,0.0533
동남권,40㎡이하,202403,5.47,0.0547
동남권,40㎡초과 60㎡이하,202403,5.19,0.0519
도심권,40㎡이하,202404,5.8,0.057999999999999996
도심권,40㎡초과 60㎡이하,202404,5.83,0.0583
동북권,40㎡이하,202404,5.59,0.0559
동북권,40㎡초과 60㎡이하,202404,5.77,0.057699999999999994
서북권,40㎡이하,202404,5.83,0.0583
서북권,40㎡초과 60㎡이하,202404,5.1,0.051
서남권,40㎡이하,202404,5.7,0.057
서남권,40㎡초과 60㎡이하,202404,5.13,0.0513
동남권,40㎡이하,202404,5.53,0.0553
동남권,40㎡초과 60㎡이하,202404,5.12,0.0512
도심권,40㎡이하,202405,5.61,0.056100000000000004
도심권,40㎡초과 60㎡이하,202405,5.63,0.056299999999999996
동북권,40㎡이하,202405,5.6,0.055999999999999994
동북권,40㎡초과 60㎡이하,202405,5.64,0.0564
서북권,40㎡이하,202405,5.84,0.0584
서북권,40㎡초과 60㎡이하,202405,5.16,0.0516
서남권,40㎡이하,202405,5.7,0.057
서남권,40㎡초과 60㎡이하,202405,5.08,0.0508
동남권,40㎡이하,202405,5.57,0.0557
동남권,40㎡초과 60㎡이하,202405,5.12,0.0512
도심권,40㎡이하,202406,5.85,0.058499999999999996
도심권,40㎡초과 60㎡이하,202406,5.45,0.0545
동북권,40㎡이하,202406,5.62,0.0562
동북권,40㎡초과 60㎡이하,202406,5.66,0.056600000000000004
서북권,40㎡이하,202406,5.85,0.058499999999999996
서북권,40㎡초과 60㎡이하,202406,5.12,0.0512
서남권,40㎡이하,202406,5.7,0.057
서남권,40㎡초과 60㎡이하,202406,4.98,0.049800000000000004
동남권,40㎡이하,202406,5.57,0.0557
동남권,40㎡초과 60㎡이하,202406,5.25,0.0525
도심권,40㎡이하,202407,5.9,0.059000000000000004
도심권,40㎡초과 60㎡이하,202407,5.45,0.0545
동북권,40㎡이하,202407,5.69,0.056900000000000006
동북권,40㎡초과 60㎡이하,202407,5.66,0.056600000000000004
서북권,40㎡이하,202407,5.89,0.058899999999999994
서북권,40㎡초과 60㎡이하,202407,4.89,0.0489
서남권,40㎡이하,202407,5.69,0.056900000000000006
서남권,40㎡초과 60㎡이하,202407,5.02,0.050199999999999995
동남권,40㎡이하,202407,5.61,0.056100000000000004
동남권,40㎡초과 60㎡이하,202407,5.26,0.0526
도심권,40㎡이하,202408,6.0,0.06
도심권,40㎡초과 60㎡이하,202408,5.73,0.057300000000000004
동북권,40㎡이하,202408,5.77,0.057699999999999994
동북권,40㎡초과 60㎡이하,202408,5.58,0.0558
서북권,40㎡이하,202408,6.01,0.0601
서북권,40㎡초과 60㎡이하,202408,4.82,0.0482
서남권,40㎡이하,202408,5.73,0.057300000000000004
서남권,40㎡초과 60㎡이하,202408,4.93,0.0493
동남권,40㎡이하,202408,5.63,0.056299999999999996
동남권,40㎡초과 60㎡이하,202408,5.21,0.0521
도심권,40㎡이하,202409,6.12,0.061200000000000004
도심권,40㎡초과 60㎡이하,202409,5.73,0.057300000000000004
동북권,40㎡이하,202409,5.8,0.057999999999999996
동북권,40㎡초과 60㎡이하,202409,5.58,0.0558
서북권,40㎡이하,202409,6.06,0.060599999999999994
서북권,40㎡초과 60㎡이하,202409,5.03,0.050300000000000004
서남권,40㎡이하,202409,5.74,0.0574
서남권,40㎡초과 60㎡이하,202409,4.97,0.049699999999999994
동남권,40㎡이하,202409,5.64,0.0564
동남권,40㎡초과 60㎡이하,202409,5.31,0.053099999999999994
도심권,40㎡이하,202410,6.18,0.061799999999999994
도심권,40㎡초과 60㎡이하,202410,5.75,0.0575
동북권,40㎡이하,202410,5.82,0.0582
동북권,40㎡초과 60㎡이하,202410,5.56,0.0556
서북권,40㎡이하,202410,6.09,0.060899999999999996
서북권,40㎡초과 60㎡이하,202410,5.2,0.052000000000000005
서남권,40㎡이하,202410,5.77,0.057699999999999994
서남권,40㎡초과 60㎡이하,202410,4.91,0.049100000000000005
동남권,40㎡이하,202410,5.7,0.057
동남권,40㎡초과 60㎡이하,202410,5.3,0.053
도심권,40㎡이하,202411,6.16,0.0616
도심권,40㎡초과 60㎡이하,202411,5.78,0.057800000000000004
동북권,40㎡이하,202411,5.85,0.058499999999999996
동북권,40㎡초과 60㎡이하,202411,5.56,0.0556
서북권,40㎡이하,202411,6.16,0.0616
서북권,40㎡초과 60㎡이하,202411,5.22,0.052199999999999996
서남권,40㎡이하,202411,5.8,0.057999999999999996
서남권,40㎡초과 60㎡이하,202411,4.81,0.0481
동남권,40㎡이하,202411,5.74,0.0574
동남권,40㎡초과 60㎡이하,202411,5.19,0.0519
도심권,40㎡이하,202412,6.01,0.0601
도심권,40㎡초과 60㎡이하,202412,5.83,0.0583
동북권,40㎡이하,202412,5.86,0.058600000000000006
동북권,40㎡초과 60㎡이하,202412,5.53,0.0553
서북권,40㎡이하,202412,6.12,0.061200000000000004
서북권,40㎡초과 60㎡이하,202412,5.44,0.054400000000000004
서남권,40㎡이하,202412,5.85,0.058499999999999996
서남권,40㎡초과 60㎡이하,202412,4.76,0.047599999999999996
동남권,40㎡이하,202412,5.74,0.0574
동남권,40㎡초과 60㎡이하,202412,5.16,0.0516
도심권,40㎡이하,202501,6.01,0.0601
도심권,40㎡초과 60㎡이하,202501,5.72,0.0572
동북권,40㎡이하,202501,5.88,0.0588
동북권,40㎡초과 60㎡이하,202501,5.48,0.0548
서북권,40㎡이하,202501,6.15,0.061500000000000006
서북권,40㎡초과 60㎡이하,202501,5.22,0.052199999999999996
서남권,40㎡이하,202501,5.85,0.058499999999999996
서남권,40㎡초과 60㎡이하,202501,4.74,0.047400000000000005
동남권,40㎡이하,202501,5.72,0.0572
동남권,40㎡초과 60㎡이하,202501,5.11,0.051100000000000007
도심권,40㎡이하,202502,5.99,0.0599
도심권,40㎡초과 60㎡이하,202502,5.79,0.0579
동북권,40㎡이하,202502,5.94,0.0594
동북권,40㎡초과 60㎡이하,202502,5.61,0.056100000000000004
서북권,40㎡이하,202502,6.19,0.061900000000000004
서북권,40㎡초과 60㎡이하,202502,5.15,0.051500000000000004
서남권,40㎡이하,202502,5.85,0.058499999999999996
서남권,40㎡초과 60㎡이하,202502,4.88,0.048799999999999996
동남권,40㎡이하,202502,5.73,0.057300000000000004
동남권,40㎡초과 60㎡이하,202502,5.24,0.0524
도심권,40㎡이하,202503,5.97,0.059699999999999996
도심권,40㎡초과 60㎡이하,202503,5.85,0.058499999999999996
동북권,40㎡이하,202503,5.98,0.059800000000000006
동북권,40㎡초과 60㎡이하,202503,5.63,0.056299999999999996
서북권,40㎡이하,202503,6.21,0.0621
서북권,40㎡초과 60㎡이하,202503,5.06,0.0506
서남권,40㎡이하,202503,5.92,0.0592
서남권,40㎡초과 60㎡이하,202503,4.9,0.049
동남권,40㎡이하,202503,5.75,0.0575
동남권,40㎡초과 60㎡이하,202503,5.33,0.0533
도심권,40㎡이하,202504,5.88,0.0588
도심권,40㎡초과 60㎡이하,202504,5.46,0.0546
동북권,40㎡이하,202504,6.04,0.0604
동북권,40㎡초과 60㎡이하,202504,5.6,0.055999999999999994
서북권,40㎡이하,202504,6.21,0.0621
서북권,40㎡초과 60㎡이하,202504,5.04,0.0504
서남권,40㎡이하,202504,5.94,0.0594
서남권,40㎡초과 60㎡이하,202504,4.9,0.049
동남권,40㎡이하,202504,5.76,0.0576
동남권,40㎡초과 60㎡이하,202504,5.43,0.054299999999999994
도심권,40㎡이하,202505,5.76,0.0576
도심권,40㎡초과 60㎡이하,202505,5.6,0.055999999999999994
동북권,40㎡이하,202505,6.06,0.060599999999999994
동북권,40㎡초과 60㎡이하,202505,5.45,0.0545
서북권,40㎡이하,202505,6.18,0.061799999999999994
서북권,40㎡초과 60㎡이하,202505,5.09,0.0509
서남권,40㎡이하,202505,5.94,0.0594
서남권,40㎡초과 60㎡이하,202505,5.03,0.050300000000000004
동남권,40㎡이하,202505,5.8,0.057999999999999996
동남권,40㎡초과 60㎡이하,202505,5.51,0.055099999999999996
도심권,40㎡이하,202506,5.74,0.0574
도심권,40㎡초과 60㎡이하,202506,5.76,0.0576
동북권,40㎡이하,202506,6.06,0.060599999999999994
동북권,40㎡초과 60㎡이하,202506,5.68,0.056799999999999996
서북권,40㎡이하,202506,6.17,0.0617
서북권,40㎡초과 60㎡이하,202506,4.99,0.0499
서남권,40㎡이하,202506,5.94,0.0594
서남권,40㎡초과 60㎡이하,202506,5.03,0.050300000000000004
동남권,40㎡이하,202506,5.83,0.0583
동남권,40㎡초과 60㎡이하,202506,5.51,0.055099999999999996
도심권,40㎡이하,202507,5.85,0.058499999999999996
도심권,40㎡초과 60㎡이하,202507,5.62,0.0562
동북권,40㎡이하,202507,6.01,0.0601
동북권,40㎡초과 60㎡이하,202507,5.57,0.0557
서북권,40㎡이하,202507,6.18,0.061799999999999994
서북권,40㎡초과 60㎡이하,202507,4.95,0.0495
서남권,40㎡이하,202507,5.96,0.0596
서남권,40㎡초과 60㎡이하,202507,5.07,0.0507
동남권,40㎡이하,202507,5.83,0.0583
동남권,40㎡초과 60㎡이하,202507,5.5,0.055
도심권,40㎡이하,202508,5.95,0.059500000000000004
도심권,40㎡초과 60㎡이하,202508,5.4,0.054000000000000006
동북권,40㎡이하,202508,5.98,0.059800000000000006
동북권,40㎡초과 60㎡이하,202508,5.53,0.0553
서북권,40㎡이하,202508,6.11,0.0611
서북권,40㎡초과 60㎡이하,202508,5.03,0.050300000000000004
서남권,40㎡이하,202508,5.97,0.059699999999999996
서남권,40㎡초과 60㎡이하,202508,5.06,0.0506
동남권,40㎡이하,202508,5.83,0.0583
동남권,40㎡초과 60㎡이하,202508,5.36,0.0536
도심권,40㎡이하,202509,6.11,0.0611
도심권,40㎡초과 60㎡이하,202509,5.13,0.0513
동북권,40㎡이하,202509,5.96,0.0596
동북권,40㎡초과 60㎡이하,202509,5.5,0.055
서북권,40㎡이하,202509,6.17,0.0617
서북권,40㎡초과 60㎡이하,202509,5.16,0.0516
서남권,40㎡이하,202509,5.96,0.0596
서남권,40㎡초과 60㎡이하,202509,4.91,0.049100000000000005
동남권,40㎡이하,202509,5.84,0.0584
동남권,40㎡초과 60㎡이하,202509,5.31,0.053099999999999994
도심권,40㎡이하,202510,6.21,0.0621
도심권,40㎡초과 60㎡이하,202510,5.12,0.0512
동북권,40㎡이하,202510,5.92,0.0592
동북권,40㎡초과 60㎡이하,202510,5.54,0.0554
서북권,40㎡이하,202510,6.1,0.061
서북권,40㎡초과 60㎡이하,202510,5.17,0.051699999999999996
서남권,40㎡이하,202510,6.0,0.06
서남권,40㎡초과 60㎡이하,202510,4.83,0.0483
동남권,40㎡이하,202510,5.87,0.0587
동남권,40㎡초과 60㎡이하,202510,5.25,0.0525
도심권,40㎡이하,202511,6.28,0.06280000000000001
도심권,40㎡초과 60㎡이하,202511,5.05,0.050499999999999996
동북권,40㎡이하,202511,5.96,0.0596
동북권,40㎡초과 60㎡이하,202511,5.52,0.0552
서북권,40㎡이하,202511,6.17,0.0617
서북권,40㎡초과 60㎡이하,202511,5.22,0.052199999999999996
서남권,40㎡이하,202511,6.03,0.0603
서남권,40㎡초과 60㎡이하,202511,4.98,0.049800000000000004
동남권,40㎡이하,202511,5.89,0.058899999999999994
동남권,40㎡초과 60㎡이하,202511,5.22,0.052199999999999996
도심권,40㎡이하,202512,6.22,0.0622
도심권,40㎡초과 60㎡이하,202512,4.89,0.0489
동북권,40㎡이하,202512,6.01,0.0601
동북권,40㎡초과 60㎡이하,202512,5.59,0.0559
서북권,40㎡이하,202512,6.2,0.062
서북권,40㎡초과 60㎡이하,202512,5.26,0.0526
서남권,40㎡이하,202512,6.07,0.060700000000000004
서남권,40㎡초과 60㎡이하,202512,5.09,0.0509
동남권,40㎡이하,202512,5.95,0.059500000000000004
동남권,40㎡초과 60㎡이하,202512,5.28,0.0528
도심권,40㎡이하,202601,6.2,0.062
도심권,40㎡초과 60㎡이하,202601,5.0,0.05
동북권,40㎡이하,202601,6.07,0.060700000000000004
동북권,40㎡초과 60㎡이하,202601,5.61,0.056100000000000004
서북권,40㎡이하,202601,6.32,0.0632
서북권,40㎡초과 60㎡이하,202601,5.45,0.0545
서남권,40㎡이하,202601,6.11,0.0611
서남권,40㎡초과 60㎡이하,202601,4.97,0.049699999999999994
동남권,40㎡이하,202601,5.96,0.0596
동남권,40㎡초과 60㎡이하,202601,5.23,0.052300000000000006
도심권,40㎡이하,202602,6.16,0.0616
도심권,40㎡초과 60㎡이하,202602,4.72,0.0472
동북권,40㎡이하,202602,6.02,0.0602
동북권,40㎡초과 60㎡이하,202602,5.74,0.0574
서북권,40㎡이하,202602,6.37,0.0637
서북권,40㎡초과 60㎡이하,202602,5.22,0.052199999999999996
서남권,40㎡이하,202602,6.08,0.0608
서남권,40㎡초과 60㎡이하,202602,4.88,0.048799999999999996
동남권,40㎡이하,202602,5.98,0.059800000000000006
동남권,40㎡초과 60㎡이하,202602,5.26,0.0526
도심권,40㎡이하,202603,6.03,0.0603
도심권,40㎡초과 60㎡이하,202603,4.55,0.0455
동북권,40㎡이하,202603,6.06,0.060599999999999994
동북권,40㎡초과 60㎡이하,202603,5.72,0.0572
서북권,40㎡이하,202603,6.38,0.0638
서북권,40㎡초과 60㎡이하,202603,5.09,0.0509
서남권,40㎡이하,202603,6.09,0.060899999999999996
서남권,40㎡초과 60㎡이하,202603,5.09,0.0509
동남권,40㎡이하,202603,6.0,0.06
동남권,40㎡초과 60㎡이하,202603,5.41,0.0541
도심권,40㎡이하,202604,5.84,0.0584
도심권,40㎡초과 60㎡이하,202604,4.62,0.0462
동북권,40㎡이하,202604,6.01,0.0601
동북권,40㎡초과 60㎡이하,202604,5.52,0.0552
서북권,40㎡이하,202604,6.51,0.06509999999999999
서북권,40㎡초과 60㎡이하,202604,4.83,0.0483
서남권,40㎡이하,202604,6.1,0.061
서남권,40㎡초과 60㎡이하,202604,5.28,0.0528
동남권,40㎡이하,202604,6.06,0.060599999999999994
동남권,40㎡초과 60㎡이하,202604,5.51,0.055099999999999996
도심권,40㎡이하,202605,5.65,0.0565
도심권,40㎡초과 60㎡이하,202605,5.44,0.054400000000000004
동북권,40㎡이하,202605,6.13,0.0613
동북권,40㎡초과 60㎡이하,202605,5.69,0.056900000000000006
서북권,40㎡이하,202605,6.3,0.063
서북권,40㎡초과 60㎡이하,202605,5.19,0.0519
서남권,40㎡이하,202605,6.18,0.061799999999999994
서남권,40㎡초과 60㎡이하,202605,5.01,0.0501
동남권,40㎡이하,202605,6.08,0.0608
동남권,40㎡초과 60㎡이하,202605,5.73,0.057300000000000004
도심권,40㎡이하,202606,5.79,0.0579
도심권,40㎡초과 60㎡이하,202606,5.68,0.056799999999999996
동북권,40㎡이하,202606,6.16,0.0616
동북권,40㎡초과 60㎡이하,202606,5.65,0.0565
서북권,40㎡이하,202606,6.3,0.063
서북권,40㎡초과 60㎡이하,202606,5.15,0.051500000000000004
서남권,40㎡이하,202606,6.2,0.062
서남권,40㎡초과 60㎡이하,202606,5.09,0.0509
동남권,40㎡이하,202606,6.1,0.061
동남권,40㎡초과 60㎡이하,202606,5.85,0.058499999999999996
