행정동코드_최종,시군구명,행정동명_최종,표면주거비_중앙값,표본수,표본부족,주택유형_구성
1111051500.0,종로구,청운효자동,72.08333333333333,399,False,"연립다세대:206, 단독다가구:193"
1111053000.0,종로구,사직동,99.78333333333333,671,False,"오피스텔:472, 단독다가구:149, 연립다세대:50"
1111054000.0,종로구,삼청동,72.625,48,False,단독다가구:48
1111055000.0,종로구,부암동,64.7875,394,False,"단독다가구:204, 연립다세대:128, 오피스텔:62"
1111056000.0,종로구,평창동,72.5,175,False,"단독다가구:96, 연립다세대:72, 오피스텔:7"
1111057000.0,종로구,무악동,56.25,21,True,"연립다세대:11, 단독다가구:10"
1111058000.0,종로구,교남동,69.08333333333334,368,False,"연립다세대:167, 단독다가구:140, 오피스텔:61"
1111060000.0,종로구,가회동,75.66666666666666,192,False,"연립다세대:105, 단독다가구:87"
1111061500.0,종로구,종로1.2.3.4가동,75.14999999999999,529,False,"오피스텔:371, 단독다가구:128, 연립다세대:30"
1111063000.0,종로구,종로5.6가동,69.99583333333334,808,False,"오피스텔:603, 단독다가구:156, 연립다세대:49"
1111064000.0,종로구,이화동,65.5,1144,False,"단독다가구:584, 연립다세대:510, 오피스텔:50"
1111065000.0,종로구,혜화동,62.708333333333336,4070,False,"단독다가구:2993, 연립다세대:1027, 오피스텔:50"
1111067000.0,종로구,창신제1동,55.25,351,False,"단독다가구:183, 오피스텔:88, 연립다세대:80"
1111068000.0,종로구,창신제2동,48.94583333333333,480,False,"단독다가구:371, 연립다세대:109"
1111069000.0,종로구,창신제3동,59.333333333333336,81,False,"단독다가구:51, 연립다세대:30"
1111070000.0,종로구,숭인제1동,62.79166666666667,474,False,"단독다가구:325, 오피스텔:91, 연립다세대:58"
1111071000.0,종로구,숭인제2동,69.41666666666667,2128,False,"오피스텔:1674, 단독다가구:240, 연립다세대:214"
1114052000.0,중구,소공동,130.33333333333334,97,False,"오피스텔:92, 단독다가구:5"
1114054000.0,중구,회현동,65.16666666666667,160,False,"단독다가구:128, 연립다세대:32"
1114055000.0,중구,명동,90.05000000000001,332,False,"오피스텔:191, 단독다가구:100, 연립다세대:41"
1114057000.0,중구,필동,85.29166666666666,484,False,"단독다가구:275, 오피스텔:147, 연립다세대:62"
1114058000.0,중구,장충동,58.25,1227,False,"연립다세대:883, 단독다가구:344"
1114059000.0,중구,광희동,89.65833333333333,554,False,"오피스텔:365, 단독다가구:152, 연립다세대:37"
1114060500.0,중구,을지로동,92.72916666666667,169,False,오피스텔:169
1114061500.0,중구,신당동,74.75,915,False,"단독다가구:534, 오피스텔:290, 연립다세대:91"
1114062500.0,중구,다산동,72.975,1190,False,"단독다가구:567, 연립다세대:466, 오피스텔:157"
1114063500.0,중구,약수동,80.36666666666667,403,False,"연립다세대:182, 단독다가구:175, 오피스텔:46"
1114064500.0,중구,청구동,73.66666666666667,282,False,"단독다가구:157, 연립다세대:124, 오피스텔:1"
1114065000.0,중구,신당제5동,75.5,733,False,"단독다가구:399, 오피스텔:259, 연립다세대:75"
1114066500.0,중구,동화동,65.375,158,False,"단독다가구:130, 연립다세대:28"
1114067000.0,중구,황학동,75.91666666666666,1129,False,"오피스텔:895, 단독다가구:154, 연립다세대:80"
1114068000.0,중구,중림동,110.11666666666667,504,False,"오피스텔:405, 단독다가구:58, 연립다세대:41"
1117051000.0,용산구,후암동,70.33333333333333,993,False,"단독다가구:637, 연립다세대:329, 오피스텔:27"
1117052000.0,용산구,용산2가동,70.83333333333333,637,False,"단독다가구:424, 연립다세대:213"
1117053000.0,용산구,남영동,88.8,543,False,"단독다가구:236, 오피스텔:221, 연립다세대:86"
1117055500.0,용산구,청파동,65.08333333333333,2332,False,"단독다가구:1716, 연립다세대:514, 오피스텔:102"
1117056000.0,용산구,원효로제1동,93.19166666666666,1024,False,"오피스텔:560, 단독다가구:234, 연립다세대:230"
1117057000.0,용산구,원효로제2동,75.85416666666666,442,False,"단독다가구:208, 연립다세대:180, 오피스텔:54"
1117058000.0,용산구,효창동,80.0,348,False,"연립다세대:219, 단독다가구:129"
1117059000.0,용산구,용문동,80.83333333333333,415,False,"연립다세대:224, 단독다가구:182, 오피스텔:9"
1117062500.0,용산구,한강로동,99.675,502,False,"오피스텔:348, 단독다가구:85, 연립다세대:69"
1117063000.0,용산구,이촌제1동,112.75,1,True,연립다세대:1
1117064000.0,용산구,이촌제2동,61.333333333333336,62,False,"연립다세대:54, 단독다가구:8"
1117065000.0,용산구,이태원제1동,75.25,544,False,"단독다가구:457, 연립다세대:86, 오피스텔:1"
1117066000.0,용산구,이태원제2동,80.08333333333333,714,False,"단독다가구:556, 연립다세대:158"
1117068500.0,용산구,한남동,75.20833333333334,370,False,"단독다가구:298, 연립다세대:64, 오피스텔:8"
1117069000.0,용산구,서빙고동,61.125,270,False,"단독다가구:180, 연립다세대:90"
1117070000.0,용산구,보광동,60.666666666666664,493,False,"단독다가구:465, 연립다세대:28"
1120052000.0,성동구,왕십리제2동,74.82916666666665,776,False,"단독다가구:539, 오피스텔:183, 연립다세대:54"
1120053500.0,성동구,왕십리도선동,88.66666666666667,1525,False,"오피스텔:938, 단독다가구:420, 연립다세대:167"
1120054000.0,성동구,마장동,63.291666666666664,2004,False,"단독다가구:1610, 연립다세대:321, 오피스텔:73"
1120055000.0,성동구,사근동,60.5,2377,False,"단독다가구:1922, 연립다세대:440, 오피스텔:15"
1120056000.0,성동구,행당제1동,70.6625,970,False,"단독다가구:540, 오피스텔:298, 연립다세대:132"
1120057000.0,성동구,행당제2동,66.25,116,False,"단독다가구:98, 연립다세대:18"
1120058000.0,성동구,응봉동,55.125,130,False,"연립다세대:83, 단독다가구:47"
1120059000.0,성동구,금호1가동,62.79166666666667,144,False,"연립다세대:80, 단독다가구:39, 오피스텔:25"
1120061500.0,성동구,금호2.3가동,60.70833333333333,480,False,"단독다가구:362, 연립다세대:118"
1120062000.0,성동구,금호4가동,62.75,180,False,"단독다가구:145, 연립다세대:28, 오피스텔:7"
1120064500.0,성동구,옥수동,84.66666666666666,245,False,"단독다가구:125, 오피스텔:95, 연립다세대:25"
1120065000.0,성동구,성수1가제1동,75.66666666666667,1096,False,"단독다가구:627, 오피스텔:385, 연립다세대:84"
1120066000.0,성동구,성수1가제2동,81.0,916,False,"단독다가구:523, 오피스텔:249, 연립다세대:144"
1120067000.0,성동구,성수2가제1동,60.78333333333333,558,False,"단독다가구:433, 연립다세대:119, 오피스텔:6"
1120069000.0,성동구,성수2가제3동,75.10833333333333,813,False,"오피스텔:361, 단독다가구:318, 연립다세대:134"
1120072000.0,성동구,송정동,57.666666666666664,1221,False,"단독다가구:1069, 연립다세대:110, 오피스텔:42"
1120079000.0,성동구,용답동,67.34166666666667,2149,False,"단독다가구:1020, 오피스텔:940, 연립다세대:189"
1121571000.0,광진구,화양동,65.16666666666667,9676,False,"단독다가구:6331, 오피스텔:1709, 연립다세대:1636"
1121573000.0,광진구,군자동,65.04166666666667,3997,False,"단독다가구:3170, 연립다세대:465, 오피스텔:362"
1121574000.0,광진구,중곡제1동,67.5,2295,False,"단독다가구:1431, 연립다세대:460, 오피스텔:404"
1121575000.0,광진구,중곡제2동,69.0,2145,False,"단독다가구:1531, 연립다세대:373, 오피스텔:241"
1121576000.0,광진구,중곡제3동,57.56666666666667,1475,False,"단독다가구:1011, 연립다세대:383, 오피스텔:81"
1121577000.0,광진구,중곡제4동,64.91666666666666,1466,False,"단독다가구:1027, 연립다세대:439"
1121578000.0,광진구,능동,65.58333333333333,2325,False,"단독다가구:1817, 연립다세대:426, 오피스텔:82"
1121581000.0,광진구,광장동,66.50416666666666,387,False,"단독다가구:199, 오피스텔:96, 연립다세대:92"
1121582000.0,광진구,자양제1동,65.75,3154,False,"단독다가구:2193, 연립다세대:540, 오피스텔:421"
1121583000.0,광진구,자양제2동,71.5,1324,False,"단독다가구:816, 연립다세대:385, 오피스텔:123"
1121584000.0,광진구,자양제3동,65.83333333333333,894,False,"단독다가구:775, 연립다세대:112, 오피스텔:7"
1121584700.0,광진구,자양제4동,63.045833333333334,3296,False,"단독다가구:2661, 연립다세대:460, 오피스텔:175"
1121585000.0,광진구,구의제1동,74.41666666666667,3853,False,"단독다가구:2190, 연립다세대:861, 오피스텔:802"
1121586000.0,광진구,구의제2동,68.33333333333334,1694,False,"단독다가구:1224, 연립다세대:374, 오피스텔:96"
1121587000.0,광진구,구의제3동,70.66666666666667,1362,False,"단독다가구:662, 연립다세대:458, 오피스텔:242"
1123051500.0,동대문구,신설동,74.96666666666667,1883,False,"오피스텔:1301, 단독다가구:476, 연립다세대:106"
1123053300.0,동대문구,용두동,70.58333333333333,2477,False,"오피스텔:1191, 단독다가구:1077, 연립다세대:209"
1123054500.0,동대문구,제기동,60.166666666666664,2456,False,"단독다가구:1800, 연립다세대:514, 오피스텔:142"
1123056000.0,동대문구,전농제1동,65.75,2298,False,"단독다가구:1140, 오피스텔:773, 연립다세대:385"
1123057000.0,동대문구,전농제2동,65.16666666666667,190,False,"단독다가구:138, 연립다세대:44, 오피스텔:8"
1123060000.0,동대문구,답십리제1동,68.08333333333333,1723,False,"오피스텔:1308, 단독다가구:319, 연립다세대:96"
1123061000.0,동대문구,답십리제2동,65.66666666666667,780,False,"단독다가구:445, 오피스텔:308, 연립다세대:27"
1123065000.0,동대문구,장안제1동,64.04166666666663,2201,False,"오피스텔:1091, 단독다가구:641, 연립다세대:469"
1123066000.0,동대문구,장안제2동,60.583333333333336,1707,False,"오피스텔:826, 단독다가구:456, 연립다세대:425"
1123070500.0,동대문구,청량리동,80.47916666666667,1294,False,"오피스텔:673, 단독다가구:442, 연립다세대:179"
1123071000.0,동대문구,회기동,59.85416666666667,1780,False,"단독다가구:1437, 연립다세대:275, 오피스텔:68"
1123072000.0,동대문구,휘경제1동,70.00416666666666,2484,False,"단독다가구:1023, 오피스텔:1000, 연립다세대:461"
1123073000.0,동대문구,휘경제2동,57.08333333333333,3785,False,"단독다가구:3454, 연립다세대:311, 오피스텔:20"
1123074000.0,동대문구,이문제1동,57.925,3044,False,"단독다가구:2464, 연립다세대:371, 오피스텔:209"
1123075000.0,동대문구,이문제2동,57.525,641,False,"단독다가구:364, 오피스텔:201, 연립다세대:76"
1126052000.0,중랑구,면목제2동,63.833333333333336,1217,False,"단독다가구:776, 연립다세대:392, 오피스텔:49"
1126054000.0,중랑구,면목제4동,52.875,1001,False,"단독다가구:840, 연립다세대:161"
1126055000.0,중랑구,면목제5동,56.08333333333333,602,False,"단독다가구:457, 연립다세대:132, 오피스텔:13"
1126056500.0,중랑구,면목본동,55.583333333333336,2463,False,"단독다가구:1846, 연립다세대:499, 오피스텔:118"
1126057000.0,중랑구,면목제7동,55.25,1280,False,"단독다가구:978, 연립다세대:244, 오피스텔:58"
1126057500.0,중랑구,면목제3.8동,51.6,1804,False,"단독다가구:1565, 연립다세대:239"
1126058000.0,중랑구,상봉제1동,60.833333333333336,810,False,"단독다가구:608, 연립다세대:194, 오피스텔:8"
1126059000.0,중랑구,상봉제2동,65.25833333333333,2214,False,"단독다가구:1143, 연립다세대:536, 오피스텔:535"
1126060000.0,중랑구,중화제1동,60.37083333333334,878,False,"단독다가구:606, 연립다세대:249, 오피스텔:23"
1126061000.0,중랑구,중화제2동,57.25,1645,False,"단독다가구:1159, 연립다세대:358, 오피스텔:128"
1126062000.0,중랑구,묵제1동,59.62083333333334,1564,False,"단독다가구:987, 연립다세대:439, 오피스텔:138"
1126063000.0,중랑구,묵제2동,55.333333333333336,1069,False,"단독다가구:825, 연립다세대:244"
1126065500.0,중랑구,망우본동,59.75416666666666,1814,False,"단독다가구:1192, 오피스텔:383, 연립다세대:239"
1126066000.0,중랑구,망우제3동,50.75,963,False,"단독다가구:821, 연립다세대:138, 오피스텔:4"
1126068000.0,중랑구,신내1동,68.5,493,False,"단독다가구:270, 오피스텔:142, 연립다세대:81"
1126069000.0,중랑구,신내2동,64.65833333333333,228,False,"오피스텔:201, 단독다가구:27"
1129052500.0,성북구,성북동,72.725,1002,False,"단독다가구:595, 연립다세대:279, 오피스텔:128"
1129055500.0,성북구,삼선동,65.41666666666667,1693,False,"단독다가구:1184, 연립다세대:351, 오피스텔:158"
1129057500.0,성북구,동선동,65.25,2827,False,"단독다가구:1669, 연립다세대:778, 오피스텔:380"
1129058000.0,성북구,돈암제1동,42.75,58,False,"단독다가구:37, 연립다세대:21"
1129059000.0,성북구,돈암제2동,84.5,32,False,"연립다세대:18, 단독다가구:14"
1129060000.0,성북구,안암동,65.16666666666667,2925,False,"단독다가구:2386, 연립다세대:495, 오피스텔:44"
1129061000.0,성북구,보문동,64.08333333333333,1191,False,"단독다가구:829, 연립다세대:271, 오피스텔:91"
1129062000.0,성북구,정릉제1동,52.583333333333336,253,False,"단독다가구:192, 연립다세대:61"
1129063000.0,성북구,정릉제2동,63.97916666666667,636,False,"단독다가구:332, 연립다세대:285, 오피스텔:19"
1129064000.0,성북구,정릉제3동,56.875,1816,False,"단독다가구:981, 연립다세대:821, 오피스텔:14"
1129065000.0,성북구,정릉제4동,55.833333333333336,671,False,"단독다가구:429, 연립다세대:242"
1129066000.0,성북구,길음제1동,51.64583333333333,110,False,"단독다가구:86, 연립다세대:24"
1129068500.0,성북구,길음제2동,52.8125,234,False,"단독다가구:172, 연립다세대:49, 오피스텔:13"
1129070500.0,성북구,종암동,56.20833333333333,1544,False,"단독다가구:1184, 연립다세대:359, 오피스텔:1"
1129071500.0,성북구,월곡제1동,60.59791666666666,652,False,"단독다가구:451, 연립다세대:110, 오피스텔:91"
1129072500.0,성북구,월곡제2동,55.5,1308,False,"단독다가구:1138, 연립다세대:154, 오피스텔:16"
1129076000.0,성북구,장위제1동,52.25,668,False,"단독다가구:359, 연립다세대:309"
1129077000.0,성북구,장위제2동,54.083333333333336,511,False,"단독다가구:305, 연립다세대:175, 오피스텔:31"
1129078000.0,성북구,장위제3동,64.63333333333333,268,False,"오피스텔:199, 단독다가구:48, 연립다세대:21"
1129081000.0,성북구,석관동,53.625,1819,False,"단독다가구:1362, 연립다세대:336, 오피스텔:121"
1130553400.0,강북구,삼양동,51.083333333333336,670,False,"단독다가구:431, 연립다세대:239"
1130553500.0,강북구,미아동,57.916666666666664,1786,False,"단독다가구:838, 연립다세대:545, 오피스텔:403"
1130554500.0,강북구,송중동,50.29166666666667,1278,False,"단독다가구:980, 연립다세대:298"
1130555500.0,강북구,송천동,47.625,1223,False,"단독다가구:1032, 연립다세대:186, 오피스텔:5"
1130557500.0,강북구,삼각산동,53.95833333333333,14,True,"연립다세대:8, 단독다가구:6"
1130559500.0,강북구,번1동,52.352083333333326,1626,False,"단독다가구:1088, 오피스텔:275, 연립다세대:263"
1130560300.0,강북구,번2동,48.333333333333336,382,False,"연립다세대:246, 단독다가구:136"
1130560800.0,강북구,번3동,50.333333333333336,172,False,"단독다가구:136, 연립다세대:36"
1130561500.0,강북구,수유1동,62.43958333333333,1692,False,"단독다가구:778, 오피스텔:475, 연립다세대:439"
1130562500.0,강북구,수유2동,54.166666666666664,732,False,"단독다가구:394, 연립다세대:308, 오피스텔:30"
1130563500.0,강북구,수유3동,55.166666666666664,3111,False,"단독다가구:2072, 오피스텔:608, 연립다세대:431"
1130564500.0,강북구,우이동,55.15416666666667,841,False,"연립다세대:423, 단독다가구:418"
1130566000.0,강북구,인수동,54.541666666666664,1593,False,"단독다가구:897, 연립다세대:520, 오피스텔:176"
1132051100.0,도봉구,창제1동,55.10416666666667,622,False,"단독다가구:334, 오피스텔:160, 연립다세대:128"
1132051200.0,도봉구,창제2동,62.10416666666667,1086,False,"단독다가구:453, 오피스텔:328, 연립다세대:305"
1132051300.0,도봉구,창제3동,45.083333333333336,470,False,"단독다가구:342, 연립다세대:127, 오피스텔:1"
1132051400.0,도봉구,창제4동,74.48333333333333,763,False,"오피스텔:702, 단독다가구:45, 연립다세대:16"
1132051500.0,도봉구,창제5동,70.02916666666667,788,False,"오피스텔:439, 연립다세대:205, 단독다가구:144"
1132052100.0,도봉구,도봉제1동,45.833333333333336,1015,False,"단독다가구:636, 연립다세대:332, 오피스텔:47"
1132052200.0,도봉구,도봉제2동,57.52708333333334,778,False,"오피스텔:519, 단독다가구:204, 연립다세대:55"
1132066000.0,도봉구,쌍문제1동,52.083333333333336,941,False,"단독다가구:529, 연립다세대:412"
1132067000.0,도봉구,쌍문제2동,51.333333333333336,499,False,"단독다가구:268, 연립다세대:222, 오피스텔:9"
1132068000.0,도봉구,쌍문제3동,47.79166666666667,619,False,"단독다가구:475, 연립다세대:135, 오피스텔:9"
1132068100.0,도봉구,쌍문제4동,47.291666666666664,102,False,"연립다세대:61, 단독다가구:41"
1132069000.0,도봉구,방학제1동,60.06666666666667,1553,False,"단독다가구:693, 오피스텔:620, 연립다세대:240"
1132070000.0,도봉구,방학제2동,45.416666666666664,1024,False,"단독다가구:613, 연립다세대:411"
1132071000.0,도봉구,방학제3동,68.09833333333333,14,True,"연립다세대:11, 단독다가구:3"
1135056000.0,노원구,월계1동,49.625,1321,False,"단독다가구:696, 연립다세대:515, 오피스텔:110"
1135057000.0,노원구,월계2동,47.916666666666664,285,False,"단독다가구:240, 연립다세대:45"
1135058000.0,노원구,월계3동,48.083333333333336,15,True,단독다가구:15
1135059500.0,노원구,공릉1동,48.083333333333336,3417,False,"단독다가구:2504, 연립다세대:816, 오피스텔:97"
1135060000.0,노원구,공릉2동,48.166666666666664,3012,False,"단독다가구:2419, 연립다세대:593"
1135061100.0,노원구,하계1동,50.833333333333336,358,False,"단독다가구:195, 연립다세대:142, 오피스텔:21"
1135061900.0,노원구,중계본동,51.26,199,False,"단독다가구:127, 연립다세대:72"
1135062100.0,노원구,중계1동,60.50416666666667,37,False,"오피스텔:36, 단독다가구:1"
1135062400.0,노원구,중계4동,55.25,71,False,"단독다가구:49, 연립다세대:13, 오피스텔:9"
1135062500.0,노원구,중계2.3동,88.1,104,False,"오피스텔:103, 단독다가구:1"
1135063000.0,노원구,상계1동,52.50416666666667,1083,False,"오피스텔:448, 단독다가구:356, 연립다세대:279"
1135064000.0,노원구,상계2동,54.166666666666664,766,False,"단독다가구:481, 연립다세대:208, 오피스텔:77"
1135066500.0,노원구,상계3.4동,41.66666666666667,288,False,"단독다가구:165, 연립다세대:119, 오피스텔:4"
1135067000.0,노원구,상계5동,46.083333333333336,803,False,"단독다가구:651, 연립다세대:152"
1135069500.0,노원구,상계6.7동,74.93333333333334,150,False,"오피스텔:113, 단독다가구:37"
1135072000.0,노원구,상계10동,64.65416666666667,50,False,"오피스텔:32, 단독다가구:18"
1138051000.0,은평구,녹번동,60.416666666666664,2005,False,"단독다가구:926, 연립다세대:681, 오피스텔:398"
1138052000.0,은평구,불광제1동,59.166666666666664,1072,False,"연립다세대:524, 단독다가구:425, 오피스텔:123"
1138053000.0,은평구,불광제2동,52.708333333333336,1705,False,"단독다가구:1081, 연립다세대:572, 오피스텔:52"
1138055100.0,은평구,갈현제1동,57.958333333333336,705,False,"단독다가구:414, 연립다세대:291"
1138055200.0,은평구,갈현제2동,62.75,1075,False,"연립다세대:603, 단독다가구:457, 오피스텔:15"
1138056000.0,은평구,구산동,56.166666666666664,974,False,"연립다세대:612, 단독다가구:358, 오피스텔:4"
1138057000.0,은평구,대조동,60.333333333333336,2313,False,"단독다가구:1121, 연립다세대:637, 오피스텔:555"
1138058000.0,은평구,응암제1동,60.266666666666666,1638,False,"오피스텔:754, 단독다가구:598, 연립다세대:286"
1138059000.0,은평구,응암제2동,57.577083333333334,436,False,"단독다가구:247, 연립다세대:151, 오피스텔:38"
1138060000.0,은평구,응암제3동,55.666666666666664,1777,False,"단독다가구:930, 연립다세대:589, 오피스텔:258"
1138062500.0,은평구,역촌동,59.416666666666664,2403,False,"단독다가구:1397, 연립다세대:882, 오피스텔:124"
1138063100.0,은평구,신사제1동,60.333333333333336,1168,False,"연립다세대:493, 단독다가구:486, 오피스텔:189"
1138063200.0,은평구,신사제2동,55.916666666666664,669,False,"단독다가구:355, 연립다세대:250, 오피스텔:64"
1138064000.0,은평구,증산동,52.333333333333336,305,False,"단독다가구:193, 연립다세대:112"
1138065000.0,은평구,수색동,55.041666666666664,181,False,"연립다세대:107, 단독다가구:74"
1138069000.0,은평구,진관동,65.57083333333334,3083,False,"오피스텔:3079, 단독다가구:4"
1141052000.0,서대문구,천연동,62.75,497,False,"단독다가구:420, 연립다세대:77"
1141055500.0,서대문구,북아현동,60.916666666666664,485,False,"단독다가구:315, 오피스텔:134, 연립다세대:36"
1141056500.0,서대문구,충현동,70.5,1076,False,"단독다가구:564, 오피스텔:314, 연립다세대:198"
1141058500.0,서대문구,신촌동,70.75,8900,False,"단독다가구:4698, 오피스텔:2807, 연립다세대:1395"
1141061500.0,서대문구,연희동,62.958333333333336,5430,False,"단독다가구:3615, 연립다세대:1122, 오피스텔:693"
1141062000.0,서대문구,홍제제1동,60.916666666666664,581,False,"단독다가구:335, 연립다세대:179, 오피스텔:67"
1141064000.0,서대문구,홍제제3동,55.333333333333336,683,False,"단독다가구:475, 연립다세대:208"
1141065500.0,서대문구,홍제제2동,65.79166666666666,240,False,"단독다가구:165, 연립다세대:75"
1141066000.0,서대문구,홍은제1동,50.25,517,False,"단독다가구:424, 연립다세대:91, 오피스텔:2"
1141068500.0,서대문구,홍은제2동,55.22916666666667,1138,False,"연립다세대:628, 단독다가구:454, 오피스텔:56"
1141069000.0,서대문구,남가좌제1동,64.16666666666667,53,False,"단독다가구:48, 연립다세대:5"
1141070000.0,서대문구,남가좌제2동,50.333333333333336,2269,False,"단독다가구:1788, 연립다세대:476, 오피스텔:5"
1141071000.0,서대문구,북가좌제1동,64.0,141,False,"연립다세대:77, 단독다가구:60, 오피스텔:4"
1141072000.0,서대문구,북가좌제2동,61.166666666666664,1749,False,"단독다가구:880, 연립다세대:829, 오피스텔:40"
1144055500.0,마포구,아현동,91.04583333333333,392,False,"오피스텔:255, 단독다가구:102, 연립다세대:35"
1144056500.0,마포구,공덕동,75.13333333333334,2972,False,"오피스텔:1886, 단독다가구:857, 연립다세대:229"
1144058500.0,마포구,도화동,75.25,864,False,"오피스텔:403, 단독다가구:247, 연립다세대:214"
1144059000.0,마포구,용강동,90.14999999999999,621,False,"오피스텔:278, 단독다가구:196, 연립다세대:147"
1144060000.0,마포구,대흥동,66.25,1885,False,"단독다가구:1319, 오피스텔:341, 연립다세대:225"
1144061000.0,마포구,염리동,70.83333333333333,918,False,"단독다가구:531, 연립다세대:200, 오피스텔:187"
1144063000.0,마포구,신수동,65.25,1258,False,"단독다가구:947, 연립다세대:274, 오피스텔:37"
1144065500.0,마포구,서강동,67.0,2017,False,"단독다가구:1236, 연립다세대:638, 오피스텔:143"
1144066000.0,마포구,서교동,74.08333333333333,4454,False,"단독다가구:2140, 연립다세대:1488, 오피스텔:826"
1144068000.0,마포구,합정동,81.06166666666667,1985,False,"연립다세대:817, 단독다가구:816, 오피스텔:352"
1144069000.0,마포구,망원제1동,71.83333333333333,1643,False,"단독다가구:866, 연립다세대:777"
1144070000.0,마포구,망원제2동,72.5,1252,False,"단독다가구:802, 연립다세대:450"
1144071000.0,마포구,연남동,70.0,2807,False,"단독다가구:1624, 연립다세대:1181, 오피스텔:2"
1144072000.0,마포구,성산제1동,66.16666666666667,1641,False,"단독다가구:841, 연립다세대:708, 오피스텔:92"
1144073000.0,마포구,성산제2동,79.58541666666667,5114,False,"오피스텔:4208, 단독다가구:530, 연립다세대:376"
1144074000.0,마포구,상암동,75.07499999999999,2988,False,"오피스텔:2428, 연립다세대:327, 단독다가구:233"
1147051000.0,양천구,목1동,79.07916666666667,238,False,"단독다가구:117, 오피스텔:101, 연립다세대:20"
1147052000.0,양천구,목2동,72.66666666666667,1849,False,"연립다세대:1011, 단독다가구:572, 오피스텔:266"
1147053000.0,양천구,목3동,65.58333333333333,1387,False,"단독다가구:722, 연립다세대:545, 오피스텔:120"
1147054000.0,양천구,목4동,62.1875,940,False,"연립다세대:468, 단독다가구:414, 오피스텔:58"
1147055000.0,양천구,목5동,74.74583333333334,422,False,"오피스텔:421, 단독다가구:1"
1147056000.0,양천구,신월1동,49.53333333333333,1112,False,"단독다가구:627, 연립다세대:372, 오피스텔:113"
1147057000.0,양천구,신월2동,55.5,619,False,"연립다세대:345, 단독다가구:261, 오피스텔:13"
1147058000.0,양천구,신월3동,44.0,483,False,"단독다가구:320, 연립다세대:149, 오피스텔:14"
1147059000.0,양천구,신월4동,55.166666666666664,320,False,"단독다가구:156, 연립다세대:154, 오피스텔:10"
1147060000.0,양천구,신월5동,59.916666666666664,495,False,"단독다가구:240, 연립다세대:231, 오피스텔:24"
1147061000.0,양천구,신월6동,49.916666666666664,75,False,"연립다세대:60, 단독다가구:14, 오피스텔:1"
1147061100.0,양천구,신월7동,52.49999999999999,475,False,"연립다세대:428, 오피스텔:31, 단독다가구:16"
1147062000.0,양천구,신정1동,54.95833333333333,172,False,"단독다가구:116, 연립다세대:47, 오피스텔:9"
1147063000.0,양천구,신정2동,56.666666666666664,188,False,"단독다가구:149, 연립다세대:39"
1147064000.0,양천구,신정3동,45.77083333333333,286,False,"단독다가구:162, 연립다세대:92, 오피스텔:32"
1147065000.0,양천구,신정4동,61.25,2800,False,"단독다가구:1480, 연립다세대:1023, 오피스텔:297"
1147067000.0,양천구,신정6동,114.17916666666665,172,False,오피스텔:172
1147068000.0,양천구,신정7동,79.80833333333334,176,False,"오피스텔:133, 연립다세대:22, 단독다가구:21"
1150051000.0,강서구,염창동,78.0,943,False,"오피스텔:661, 연립다세대:173, 단독다가구:109"
1150052000.0,강서구,등촌제1동,70.025,2566,False,"오피스텔:2028, 연립다세대:300, 단독다가구:238"
1150053000.0,강서구,등촌제2동,70.25,1000,False,"단독다가구:473, 연립다세대:471, 오피스텔:56"
1150053500.0,강서구,등촌제3동,76.7,477,False,"오피스텔:318, 단독다가구:111, 연립다세대:48"
1150054000.0,강서구,화곡제1동,70.08333333333333,3759,False,"오피스텔:1435, 연립다세대:1278, 단독다가구:1046"
1150055000.0,강서구,화곡제2동,72.625,844,False,"연립다세대:591, 단독다가구:249, 오피스텔:4"
1150056000.0,강서구,화곡제3동,55.083333333333336,1189,False,"단독다가구:545, 연립다세대:392, 오피스텔:252"
1150057000.0,강서구,화곡제4동,60.5,1237,False,"연립다세대:640, 단독다가구:593, 오피스텔:4"
1150059000.0,강서구,화곡본동,64.72083333333333,2910,False,"연립다세대:1436, 오피스텔:929, 단독다가구:545"
1150059100.0,강서구,화곡제6동,65.96666666666667,2535,False,"오피스텔:1505, 연립다세대:531, 단독다가구:499"
1150059300.0,강서구,화곡제8동,62.75,1547,False,"연립다세대:860, 단독다가구:682, 오피스텔:5"
1150060300.0,강서구,가양제1동,78.7,10680,False,"오피스텔:10412, 연립다세대:174, 단독다가구:94"
1150060400.0,강서구,가양제2동,61.95,688,False,오피스텔:688
1150060500.0,강서구,가양제3동,100.05833333333334,119,False,"오피스텔:72, 단독다가구:47"
1150061100.0,강서구,발산제1동,64.16666666666667,538,False,"연립다세대:291, 단독다가구:220, 오피스텔:27"
1150061500.0,강서구,우장산동,61.5,1305,False,"단독다가구:607, 연립다세대:530, 오피스텔:168"
1150062000.0,강서구,공항동,56.6666666666666,1996,False,"단독다가구:982, 연립다세대:691, 오피스텔:323"
1150063000.0,강서구,방화제1동,65.39166666666667,1469,False,"오피스텔:648, 단독다가구:463, 연립다세대:358"
1150064000.0,강서구,방화제2동,54.35,1453,False,"오피스텔:645, 단독다가구:483, 연립다세대:325"
1150064100.0,강서구,방화제3동,45.493750000000006,852,False,"오피스텔:762, 연립다세대:57, 단독다가구:33"
1153051000.0,구로구,신도림동,93.89999999999998,734,False,"오피스텔:629, 단독다가구:90, 연립다세대:15"
1153052000.0,구로구,구로제1동,69.48333333333333,1060,False,"오피스텔:873, 단독다가구:156, 연립다세대:31"
1153053000.0,구로구,구로제2동,52.26041666666667,2646,False,"단독다가구:1844, 오피스텔:419, 연립다세대:383"
1153054000.0,구로구,구로제3동,64.93333333333334,1099,False,"오피스텔:616, 연립다세대:313, 단독다가구:170"
1153055000.0,구로구,구로제4동,55.166666666666664,1520,False,"단독다가구:773, 오피스텔:430, 연립다세대:317"
1153056000.0,구로구,구로제5동,59.75,3098,False,"오피스텔:1854, 단독다가구:1125, 연립다세대:119"
1153059500.0,구로구,가리봉동,51.916666666666664,1761,False,"단독다가구:1461, 연립다세대:235, 오피스텔:65"
1153072000.0,구로구,고척제1동,54.74166666666667,894,False,"단독다가구:386, 오피스텔:368, 연립다세대:140"
1153073000.0,구로구,고척제2동,42.229166666666664,750,False,"단독다가구:563, 연립다세대:187"
1153074000.0,구로구,개봉제1동,52.458333333333336,1396,False,"단독다가구:669, 연립다세대:572, 오피스텔:155"
1153075000.0,구로구,개봉제2동,54.7,689,False,"단독다가구:312, 연립다세대:299, 오피스텔:78"
1153076000.0,구로구,개봉제3동,60.41666666666667,672,False,"단독다가구:343, 연립다세대:324, 오피스텔:5"
1153077000.0,구로구,오류제1동,60.18333333333334,2369,False,"오피스텔:1543, 단독다가구:550, 연립다세대:276"
1153078000.0,구로구,오류제2동,54.74999999999999,844,False,"단독다가구:329, 연립다세대:319, 오피스텔:196"
1153079000.0,구로구,수궁동,51.58333333333333,816,False,"연립다세대:559, 단독다가구:257"
1153080000.0,구로구,항동,75.16666666666667,120,False,"단독다가구:72, 연립다세대:48"
1154551000.0,금천구,가산동,62.475,5539,False,"오피스텔:4005, 단독다가구:935, 연립다세대:599"
1154561000.0,금천구,독산제1동,69.5,3625,False,"오피스텔:2449, 단독다가구:622, 연립다세대:554"
1154562000.0,금천구,독산제2동,49.75,1655,False,"단독다가구:1214, 연립다세대:368, 오피스텔:73"
1154563000.0,금천구,독산제3동,54.66666666666666,2320,False,"단독다가구:1634, 연립다세대:424, 오피스텔:262"
1154564000.0,금천구,독산제4동,50.29166666666667,1454,False,"단독다가구:1182, 연립다세대:254, 오피스텔:18"
1154567000.0,금천구,시흥제1동,52.391666666666666,2173,False,"단독다가구:1234, 오피스텔:552, 연립다세대:387"
1154568000.0,금천구,시흥제2동,44.46595833333333,36,False,"연립다세대:23, 단독다가구:13"
1154569000.0,금천구,시흥제3동,59.25,315,False,"연립다세대:232, 단독다가구:57, 오피스텔:26"
1154570000.0,금천구,시흥제4동,47.0,945,False,"단독다가구:750, 연립다세대:183, 오피스텔:12"
1154571000.0,금천구,시흥제5동,43.80608333333333,737,False,"단독다가구:538, 연립다세대:183, 오피스텔:16"
1156051500.0,영등포구,영등포본동,51.16666666666667,966,False,"단독다가구:703, 연립다세대:235, 오피스텔:28"
1156053500.0,영등포구,영등포동,78.07916666666662,5532,False,"오피스텔:4444, 연립다세대:757, 단독다가구:331"
1156054000.0,영등포구,여의동,99.74166666666666,935,False,"오피스텔:933, 단독다가구:2"
1156055000.0,영등포구,당산제1동,75.05,1354,False,"단독다가구:740, 오피스텔:462, 연립다세대:152"
1156056000.0,영등포구,당산제2동,77.51458333333333,3312,False,"오피스텔:2510, 단독다가구:430, 연립다세대:372"
1156058500.0,영등포구,도림동,59.916666666666664,1940,False,"단독다가구:1316, 오피스텔:470, 연립다세대:154"
1156060500.0,영등포구,문래동,84.95833333333333,500,False,"오피스텔:397, 단독다가구:88, 연립다세대:15"
1156061000.0,영등포구,양평제1동,70.66666666666667,1407,False,"오피스텔:978, 단독다가구:304, 연립다세대:125"
1156062000.0,영등포구,양평제2동,80.83333333333333,1421,False,"연립다세대:653, 오피스텔:484, 단독다가구:284"
1156063000.0,영등포구,신길제1동,64.91666666666667,1439,False,"단독다가구:735, 오피스텔:475, 연립다세대:229"
1156065000.0,영등포구,신길제3동,47.458333333333336,736,False,"단독다가구:687, 연립다세대:38, 오피스텔:11"
1156066000.0,영등포구,신길제4동,62.083333333333336,329,False,"단독다가구:189, 오피스텔:116, 연립다세대:24"
1156067000.0,영등포구,신길제5동,47.833333333333336,485,False,"단독다가구:418, 연립다세대:67"
1156068000.0,영등포구,신길제6동,55.166666666666664,1261,False,"단독다가구:1061, 연립다세대:172, 오피스텔:28"
1156069000.0,영등포구,신길제7동,57.95833333333333,420,False,"단독다가구:359, 연립다세대:59, 오피스텔:2"
1156070000.0,영등포구,대림제1동,50.3875,1366,False,"단독다가구:1275, 연립다세대:91"
1156071000.0,영등포구,대림제2동,52.625,2047,False,"단독다가구:1601, 연립다세대:259, 오피스텔:187"
1156072000.0,영등포구,대림제3동,52.375,2149,False,"단독다가구:1526, 연립다세대:473, 오피스텔:150"
1159051000.0,동작구,노량진제1동,51.525,2662,False,"단독다가구:2140, 오피스텔:287, 연립다세대:235"
1159052000.0,동작구,노량진제2동,52.041666666666664,1561,False,"단독다가구:1163, 오피스텔:363, 연립다세대:35"
1159053000.0,동작구,상도제1동,63.333333333333286,5046,False,"단독다가구:3560, 연립다세대:1427, 오피스텔:59"
1159054000.0,동작구,상도제2동,59.5,1053,False,"단독다가구:620, 연립다세대:428, 오피스텔:5"
1159055000.0,동작구,상도제3동,58.0,1688,False,"단독다가구:1168, 연립다세대:515, 오피스텔:5"
1159056000.0,동작구,상도제4동,59.5,2373,False,"단독다가구:1940, 연립다세대:433"
1159060500.0,동작구,흑석동,62.583333333333336,1633,False,"단독다가구:1491, 연립다세대:142"
1159062000.0,동작구,사당제1동,65.41666666666667,3940,False,"단독다가구:3076, 연립다세대:794, 오피스텔:70"
1159063000.0,동작구,사당제2동,63.333333333333286,1101,False,"단독다가구:857, 연립다세대:214, 오피스텔:30"
1159064000.0,동작구,사당제3동,63.0,1137,False,"단독다가구:815, 연립다세대:237, 오피스텔:85"
1159065000.0,동작구,사당제4동,64.58333333333333,1456,False,"단독다가구:1123, 연립다세대:333"
1159065100.0,동작구,사당제5동,60.5,903,False,"단독다가구:644, 연립다세대:209, 오피스텔:50"
1159066000.0,동작구,대방동,57.333333333333336,2824,False,"단독다가구:1936, 연립다세대:678, 오피스텔:210"
1159067000.0,동작구,신대방제1동,50.52083333333333,1904,False,"단독다가구:1507, 오피스텔:217, 연립다세대:180"
1159068000.0,동작구,신대방제2동,54.916666666666664,1620,False,"단독다가구:1334, 연립다세대:273, 오피스텔:13"
1162052500.0,관악구,보라매동,59.25,3082,False,"단독다가구:2534, 연립다세대:278, 오피스텔:270"
1162054500.0,관악구,청림동,50.333333333333336,175,False,"단독다가구:127, 연립다세대:48"
1162056500.0,관악구,성현동,68.66666666666663,479,False,"단독다가구:307, 연립다세대:106, 오피스텔:66"
1162057500.0,관악구,행운동,59.41333333333333,5258,False,"단독다가구:4173, 오피스텔:559, 연립다세대:526"
1162058500.0,관악구,낙성대동,61.583333333333336,3413,False,"단독다가구:2536, 오피스텔:600, 연립다세대:277"
1162059500.0,관악구,청룡동,64.16666666666667,5250,False,"오피스텔:2451, 단독다가구:2400, 연립다세대:399"
1162060500.0,관악구,은천동,59.35416666666664,1682,False,"단독다가구:1215, 연립다세대:338, 오피스텔:129"
1162061500.0,관악구,중앙동,64.83333333333333,3407,False,"단독다가구:2098, 오피스텔:978, 연립다세대:331"
1162062500.0,관악구,인헌동,62.41666666666667,3791,False,"단독다가구:3126, 연립다세대:550, 오피스텔:115"
1162063000.0,관악구,남현동,65.5,1933,False,"단독다가구:1141, 연립다세대:399, 오피스텔:393"
1162064500.0,관악구,서원동,57.833333333333336,5165,False,"단독다가구:4109, 오피스텔:580, 연립다세대:476"
1162065500.0,관악구,신원동,54.66666666666666,3033,False,"단독다가구:2778, 연립다세대:240, 오피스텔:15"
1162066500.0,관악구,서림동,47.666666666666664,4455,False,"단독다가구:3989, 연립다세대:434, 오피스텔:32"
1162068500.0,관악구,신사동,55.5,2999,False,"단독다가구:2535, 연립다세대:390, 오피스텔:74"
1162069500.0,관악구,신림동,64.6375,3367,False,"단독다가구:1390, 오피스텔:1380, 연립다세대:597"
1162071500.0,관악구,난향동,42.833333333333336,141,False,"단독다가구:114, 연립다세대:27"
1162072500.0,관악구,조원동,55.5,3243,False,"단독다가구:2337, 연립다세대:482, 오피스텔:424"
1162073500.0,관악구,대학동,49.94166666666666,1984,False,"단독다가구:1645, 연립다세대:239, 오피스텔:100"
1162074500.0,관악구,삼성동,46.485,237,False,"단독다가구:202, 연립다세대:23, 오피스텔:12"
1162076500.0,관악구,미성동,57.583333333333336,1493,False,"단독다가구:980, 연립다세대:339, 오피스텔:174"
1162077500.0,관악구,난곡동,50.333333333333336,1340,False,"단독다가구:873, 연립다세대:464, 오피스텔:3"
1165051000.0,서초구,서초1동,75.0,1079,False,"단독다가구:541, 연립다세대:327, 오피스텔:211"
1165052000.0,서초구,서초2동,95.06666666666666,1399,False,"오피스텔:1160, 단독다가구:144, 연립다세대:95"
1165053000.0,서초구,서초3동,85.025,2034,False,"오피스텔:976, 연립다세대:571, 단독다가구:487"
1165053100.0,서초구,서초4동,99.76666666666667,458,False,"오피스텔:362, 단독다가구:77, 연립다세대:19"
1165054000.0,서초구,잠원동,78.5,870,False,"단독다가구:577, 연립다세대:273, 오피스텔:20"
1165056000.0,서초구,반포1동,73.16666666666667,2273,False,"단독다가구:1566, 연립다세대:707"
1165058000.0,서초구,반포3동,74.55,22,True,"오피스텔:21, 단독다가구:1"
1165058100.0,서초구,반포4동,85.0,308,False,"단독다가구:184, 연립다세대:124"
1165059000.0,서초구,방배본동,79.16666666666667,791,False,"단독다가구:442, 연립다세대:266, 오피스텔:83"
1165060000.0,서초구,방배1동,73.58333333333333,1369,False,"연립다세대:808, 단독다가구:561"
1165061000.0,서초구,방배2동,74.5,1031,False,"단독다가구:617, 연립다세대:403, 오피스텔:11"
1165062000.0,서초구,방배3동,69.90833333333333,160,False,"연립다세대:74, 오피스텔:60, 단독다가구:26"
1165062100.0,서초구,방배4동,78.83333333333333,1123,False,"연립다세대:654, 단독다가구:427, 오피스텔:42"
1165065100.0,서초구,양재1동,73.29166666666663,1856,False,"단독다가구:812, 연립다세대:681, 오피스텔:363"
1165065200.0,서초구,양재2동,70.24999999999997,2181,False,"연립다세대:1002, 단독다가구:849, 오피스텔:330"
1165066000.0,서초구,내곡동,79.95833333333333,581,False,"오피스텔:505, 단독다가구:74, 연립다세대:2"
1168051000.0,강남구,신사동,79.54166666666666,744,False,"단독다가구:499, 연립다세대:242, 오피스텔:3"
1168052100.0,강남구,논현1동,81.77083333333334,2922,False,"단독다가구:1764, 연립다세대:1078, 오피스텔:80"
1168053100.0,강남구,논현2동,85.93333333333334,1536,False,"단독다가구:1016, 연립다세대:499, 오피스텔:21"
1168054500.0,강남구,압구정동,89.19999999999999,252,False,"단독다가구:144, 연립다세대:54, 오피스텔:54"
1168056500.0,강남구,청담동,81.45833333333334,892,False,"단독다가구:495, 연립다세대:321, 오피스텔:76"
1168058000.0,강남구,삼성1동,96.75,375,False,"오피스텔:165, 연립다세대:117, 단독다가구:93"
1168059000.0,강남구,삼성2동,87.5,1370,False,"연립다세대:751, 단독다가구:438, 오피스텔:181"
1168060000.0,강남구,대치1동,139.8,37,False,"오피스텔:28, 단독다가구:5, 연립다세대:4"
1168061000.0,강남구,대치2동,83.5,596,False,"단독다가구:231, 오피스텔:190, 연립다세대:175"
1168063000.0,강남구,대치4동,82.33333333333333,2219,False,"단독다가구:1063, 연립다세대:1026, 오피스텔:130"
1168064000.0,강남구,역삼1동,94.5,5556,False,"단독다가구:2293, 오피스텔:1734, 연립다세대:1529"
1168065000.0,강남구,역삼2동,86.58333333333333,1701,False,"연립다세대:602, 단독다가구:562, 오피스텔:537"
1168065500.0,강남구,도곡1동,69.5,589,False,"단독다가구:383, 연립다세대:206"
1168065600.0,강남구,도곡2동,73.58333333333333,162,False,"연립다세대:96, 단독다가구:43, 오피스텔:23"
1168066000.0,강남구,개포1동,64.41666666666667,43,False,"연립다세대:33, 단독다가구:10"
1168067000.0,강남구,개포2동,75.0,145,False,"단독다가구:60, 연립다세대:46, 오피스텔:39"
1168067500.0,강남구,개포3동,89.65416666666667,248,False,"오피스텔:233, 단독다가구:15"
1168069000.0,강남구,개포4동,73.20833333333333,1116,False,"단독다가구:577, 연립다세대:495, 오피스텔:44"
1168070000.0,강남구,세곡동,82.85833333333333,2155,False,"오피스텔:1958, 단독다가구:189, 연립다세대:8"
1168072000.0,강남구,일원본동,89.5,33,False,"단독다가구:31, 연립다세대:2"
1168073000.0,강남구,일원1동,64.25,970,False,"단독다가구:782, 연립다세대:188"
1168075000.0,강남구,수서동,84.52499999999999,93,False,"오피스텔:92, 단독다가구:1"
1171051000.0,송파구,풍납1동,49.166666666666664,565,False,"단독다가구:514, 연립다세대:51"
1171052000.0,송파구,풍납2동,55.5,1161,False,"연립다세대:589, 단독다가구:572"
1171053100.0,송파구,거여1동,54.875,616,False,"단독다가구:384, 연립다세대:161, 오피스텔:71"
1171053200.0,송파구,거여2동,44.583333333333336,285,False,"단독다가구:188, 오피스텔:49, 연립다세대:48"
1171054000.0,송파구,마천1동,43.775,628,False,"단독다가구:462, 연립다세대:140, 오피스텔:26"
1171055000.0,송파구,마천2동,45.95,752,False,"단독다가구:523, 연립다세대:228, 오피스텔:1"
1171056100.0,송파구,방이1동,72.33333333333333,559,False,"연립다세대:368, 단독다가구:164, 오피스텔:27"
1171056200.0,송파구,방이2동,88.35,5301,False,"오피스텔:2913, 연립다세대:1770, 단독다가구:618"
1171057000.0,송파구,오금동,60.5,1273,False,"연립다세대:735, 단독다가구:475, 오피스텔:63"
1171058000.0,송파구,송파1동,71.33333333333333,3196,False,"연립다세대:2435, 단독다가구:700, 오피스텔:61"
1171059000.0,송파구,송파2동,70.95833333333333,524,False,"연립다세대:385, 단독다가구:139"
1171060000.0,송파구,석촌동,72.0,4819,False,"연립다세대:3198, 단독다가구:1315, 오피스텔:306"
1171061000.0,송파구,삼전동,70.0,3989,False,"연립다세대:3016, 단독다가구:952, 오피스텔:21"
1171062000.0,송파구,가락본동,69.16666666666667,1297,False,"연립다세대:788, 단독다가구:389, 오피스텔:120"
1171063100.0,송파구,가락1동,83.25,11,True,단독다가구:11
1171063200.0,송파구,가락2동,64.5,1196,False,"연립다세대:901, 단독다가구:268, 오피스텔:27"
1171064100.0,송파구,문정1동,69.0,1381,False,"연립다세대:1068, 단독다가구:309, 오피스텔:4"
1171064200.0,송파구,문정2동,99.49166666666666,4880,False,"오피스텔:4870, 단독다가구:10"
1171064600.0,송파구,장지동,68.91666666666666,792,False,"연립다세대:519, 단독다가구:273"
1171064700.0,송파구,위례동,89.71666666666667,325,False,"오피스텔:306, 단독다가구:19"
1171065000.0,송파구,잠실본동,73.75,4437,False,"연립다세대:2565, 단독다가구:1270, 오피스텔:602"
1171067000.0,송파구,잠실2동,68.16666666666666,16,True,단독다가구:16
1171068000.0,송파구,잠실3동,139.75,71,False,"오피스텔:68, 연립다세대:3"
1171069000.0,송파구,잠실4동,74.75,31,False,단독다가구:31
1171071000.0,송파구,잠실6동,127.1875,9,True,오피스텔:9
1174051500.0,강동구,강일동,59.66666666666666,724,False,"오피스텔:702, 단독다가구:22"
1174052500.0,강동구,상일제1동,55.27375,280,False,"단독다가구:167, 연립다세대:113"
1174052600.0,강동구,상일제2동,64.66666666666666,35,False,"단독다가구:20, 연립다세대:15"
1174053000.0,강동구,명일제1동,71.75,426,False,"단독다가구:213, 연립다세대:213"
1174054000.0,강동구,명일제2동,76.25416666666663,940,False,"오피스텔:741, 단독다가구:130, 연립다세대:69"
1174055000.0,강동구,고덕제1동,54.50983333333332,381,False,"단독다가구:265, 연립다세대:116"
1174056000.0,강동구,고덕제2동,57.792,695,False,"단독다가구:463, 연립다세대:186, 오피스텔:46"
1174057000.0,강동구,암사제1동,54.583333333333336,2363,False,"단독다가구:1376, 연립다세대:913, 오피스텔:74"
1174058000.0,강동구,암사제2동,57.08333333333333,822,False,"단독다가구:430, 연립다세대:304, 오피스텔:88"
1174059000.0,강동구,암사제3동,63.916666666666664,151,False,"단독다가구:93, 연립다세대:47, 오피스텔:11"
1174060000.0,강동구,천호제1동,56.5,1948,False,"단독다가구:1057, 연립다세대:849, 오피스텔:42"
1174061000.0,강동구,천호제2동,72.16666666666667,3147,False,"단독다가구:1464, 오피스텔:960, 연립다세대:723"
1174062000.0,강동구,천호제3동,68.06666666666666,2735,False,"오피스텔:1419, 단독다가구:825, 연립다세대:491"
1174064000.0,강동구,성내제1동,59.625,1162,False,"연립다세대:625, 단독다가구:531, 오피스텔:6"
1174065000.0,강동구,성내제2동,61.0,2445,False,"단독다가구:1694, 연립다세대:638, 오피스텔:113"
1174066000.0,강동구,성내제3동,64.75,1861,False,"단독다가구:1086, 연립다세대:652, 오피스텔:123"
1174068500.0,강동구,길동,64.53333333333333,3444,False,"단독다가구:1630, 연립다세대:924, 오피스텔:890"
1174069000.0,강동구,둔촌제1동,54.5,3,True,단독다가구:3
1174070000.0,강동구,둔촌제2동,59.583333333333336,929,False,"단독다가구:513, 연립다세대:409, 오피스텔:7"
