폐지코드8,폐지시점_명칭,현행코드8,현행명칭,관계,근거
11230536,용신동,11230515;11230533,동대문구 신설동 + 동대문구 용두동,1:N 분동,2025-07-01 용신동이 신설동·용두동으로 분동
11740520,상일동,11740525;11740526,강동구 상일제1동 + 강동구 상일제2동,1:N 분동,2021-07-01 상일동이 상일제1·2동으로 분동
11680740,일원2동,11680675,강남구 개포3동,1:1 개편,"2022-12-23 개포3동 생성, 일원2동에서 개편"
11305590,번1동(구),11305595,강북구 번1동,1:1 개편,2019-01-01 강북구 행정동 코드 재부여
11305600,번2동(구),11305603,강북구 번2동,1:1 개편,2019-01-01 강북구 행정동 코드 재부여
11305606,번3동(구),11305608,강북구 번3동,1:1 개편,2019-01-01 강북구 행정동 코드 재부여
11305610,수유1동(구),11305615,강북구 수유1동,1:1 개편,2019-01-01 강북구 행정동 코드 재부여
11305620,수유2동(구),11305625,강북구 수유2동,1:1 개편,2019-01-01 강북구 행정동 코드 재부여
11305630,수유3동(구),11305635,강북구 수유3동,1:1 개편,2019-01-01 강북구 행정동 코드 재부여
