행정동코드10,행정동코드8,시군구명,행정동명,권역,생성일자
1111051500,11110515,종로구,청운효자동,도심권,20081101
1111053000,11110530,종로구,사직동,도심권,19880423
1111054000,11110540,종로구,삼청동,도심권,19880423
1111055000,11110550,종로구,부암동,도심권,19880423
1111056000,11110560,종로구,평창동,도심권,19880423
1111057000,11110570,종로구,무악동,도심권,19880423
1111058000,11110580,종로구,교남동,도심권,19880423
1111060000,11110600,종로구,가회동,도심권,19880423
1111061500,11110615,종로구,종로1.2.3.4가동,도심권,20110501
1111063000,11110630,종로구,종로5.6가동,도심권,19880423
1111064000,11110640,종로구,이화동,도심권,19880423
1111065000,11110650,종로구,혜화동,도심권,20120801
1111067000,11110670,종로구,창신제1동,도심권,19880423
1111068000,11110680,종로구,창신제2동,도심권,19880423
1111069000,11110690,종로구,창신제3동,도심권,19880423
1111070000,11110700,종로구,숭인제1동,도심권,19880423
1111071000,11110710,종로구,숭인제2동,도심권,19880423
1114052000,11140520,중구,소공동,도심권,19880423
1114054000,11140540,중구,회현동,도심권,19880423
1114055000,11140550,중구,명동,도심권,19980914
1114057000,11140570,중구,필동,도심권,19980914
1114058000,11140580,중구,장충동,도심권,19880423
1114059000,11140590,중구,광희동,도심권,19980914
1114060500,11140605,중구,을지로동,도심권,20050315
1114061500,11140615,중구,신당동,도심권,20130720
1114062500,11140625,중구,다산동,도심권,20130720
1114063500,11140635,중구,약수동,도심권,20130720
1114064500,11140645,중구,청구동,도심권,20130720
1114065000,11140650,중구,신당제5동,도심권,19880423
1114066500,11140665,중구,동화동,도심권,20130720
1114067000,11140670,중구,황학동,도심권,19880423
1114068000,11140680,중구,중림동,도심권,19880423
1117051000,11170510,용산구,후암동,도심권,19880423
1117052000,11170520,용산구,용산2가동,도심권,19880423
1117053000,11170530,용산구,남영동,도심권,19880423
1117055500,11170555,용산구,청파동,도심권,20080630
1117056000,11170560,용산구,원효로제1동,도심권,19880423
1117057000,11170570,용산구,원효로제2동,도심권,19880423
1117058000,11170580,용산구,효창동,도심권,19880423
1117059000,11170590,용산구,용문동,도심권,19880423
1117062500,11170625,용산구,한강로동,도심권,20080630
1117063000,11170630,용산구,이촌제1동,도심권,19880423
1117064000,11170640,용산구,이촌제2동,도심권,19880423
1117065000,11170650,용산구,이태원제1동,도심권,19880423
1117066000,11170660,용산구,이태원제2동,도심권,19880423
1117068500,11170685,용산구,한남동,도심권,20080630
1117069000,11170690,용산구,서빙고동,도심권,19880423
1117070000,11170700,용산구,보광동,도심권,19880423
1120052000,11200520,성동구,왕십리제2동,동북권,19880423
1120053500,11200535,성동구,왕십리도선동,동북권,20080811
1120054000,11200540,성동구,마장동,동북권,19880423
1120055000,11200550,성동구,사근동,동북권,19880423
1120056000,11200560,성동구,행당제1동,동북권,19880423
1120057000,11200570,성동구,행당제2동,동북권,19880423
1120058000,11200580,성동구,응봉동,동북권,19880423
1120059000,11200590,성동구,금호1가동,동북권,19880423
1120061500,11200615,성동구,금호2.3가동,동북권,20080811
1120062000,11200620,성동구,금호4가동,동북권,19880423
1120064500,11200645,성동구,옥수동,동북권,20080811
1120065000,11200650,성동구,성수1가제1동,동북권,19880423
1120066000,11200660,성동구,성수1가제2동,동북권,19880423
1120067000,11200670,성동구,성수2가제1동,동북권,19880423
1120069000,11200690,성동구,성수2가제3동,동북권,19880423
1120072000,11200720,성동구,송정동,동북권,19880423
1120079000,11200790,성동구,용답동,동북권,19880423
1121571000,11215710,광진구,화양동,동북권,19950301
1121573000,11215730,광진구,군자동,동북권,19950301
1121574000,11215740,광진구,중곡제1동,동북권,19950301
1121575000,11215750,광진구,중곡제2동,동북권,19950301
1121576000,11215760,광진구,중곡제3동,동북권,19950301
1121577000,11215770,광진구,중곡제4동,동북권,19950301
1121578000,11215780,광진구,능동,동북권,19950301
1121581000,11215810,광진구,광장동,동북권,19950301
1121582000,11215820,광진구,자양제1동,동북권,19950301
1121583000,11215830,광진구,자양제2동,동북권,19950301
1121584000,11215840,광진구,자양제3동,동북권,19950301
1121584700,11215847,광진구,자양제4동,동북권,20080101
1121585000,11215850,광진구,구의제1동,동북권,19950301
1121586000,11215860,광진구,구의제2동,동북권,19950301
1121587000,11215870,광진구,구의제3동,동북권,19950301
1123051500,11230515,동대문구,신설동,동북권,20250701
1123053300,11230533,동대문구,용두동,동북권,20250701
1123054500,11230545,동대문구,제기동,동북권,20090504
1123056000,11230560,동대문구,전농제1동,동북권,20090504
1123057000,11230570,동대문구,전농제2동,동북권,20090504
1123060000,11230600,동대문구,답십리제1동,동북권,20090504
1123061000,11230610,동대문구,답십리제2동,동북권,20090504
1123065000,11230650,동대문구,장안제1동,동북권,20090504
1123066000,11230660,동대문구,장안제2동,동북권,20090504
1123070500,11230705,동대문구,청량리동,동북권,20080811
1123071000,11230710,동대문구,회기동,동북권,19880423
1123072000,11230720,동대문구,휘경제1동,동북권,19880423
1123073000,11230730,동대문구,휘경제2동,동북권,19880423
1123074000,11230740,동대문구,이문제1동,동북권,20090504
1123075000,11230750,동대문구,이문제2동,동북권,20090504
1126052000,11260520,중랑구,면목제2동,동북권,19880423
1126054000,11260540,중랑구,면목제4동,동북권,19880423
1126055000,11260550,중랑구,면목제5동,동북권,19880423
1126056500,11260565,중랑구,면목본동,동북권,20080101
1126057000,11260570,중랑구,면목제7동,동북권,19880423
1126057500,11260575,중랑구,면목제3.8동,동북권,20080101
1126058000,11260580,중랑구,상봉제1동,동북권,19880423
1126059000,11260590,중랑구,상봉제2동,동북권,19880423
1126060000,11260600,중랑구,중화제1동,동북권,19880423
1126061000,11260610,중랑구,중화제2동,동북권,19880423
1126062000,11260620,중랑구,묵제1동,동북권,19880423
1126063000,11260630,중랑구,묵제2동,동북권,19880423
1126065500,11260655,중랑구,망우본동,동북권,20080101
1126066000,11260660,중랑구,망우제3동,동북권,19880423
1126068000,11260680,중랑구,신내1동,동북권,19960301
1126069000,11260690,중랑구,신내2동,동북권,19960301
1129052500,11290525,성북구,성북동,동북권,20071230
1129055500,11290555,성북구,삼선동,동북권,20071230
1129057500,11290575,성북구,동선동,동북권,20071230
1129058000,11290580,성북구,돈암제1동,동북권,19880423
1129059000,11290590,성북구,돈암제2동,동북권,19880423
1129060000,11290600,성북구,안암동,동북권,19880423
1129061000,11290610,성북구,보문동,동북권,19880423
1129062000,11290620,성북구,정릉제1동,동북권,20210315
1129063000,11290630,성북구,정릉제2동,동북권,20040204
1129064000,11290640,성북구,정릉제3동,동북권,19880423
1129065000,11290650,성북구,정릉제4동,동북권,19880423
1129066000,11290660,성북구,길음제1동,동북권,19880423
1129068500,11290685,성북구,길음제2동,동북권,20071230
1129070500,11290705,성북구,종암동,동북권,20071230
1129071500,11290715,성북구,월곡제1동,동북권,19890427
1129072500,11290725,성북구,월곡제2동,동북권,19890427
1129076000,11290760,성북구,장위제1동,동북권,19880423
1129077000,11290770,성북구,장위제2동,동북권,19880423
1129078000,11290780,성북구,장위제3동,동북권,19880423
1129081000,11290810,성북구,석관동,동북권,20071230
1130553400,11305534,강북구,삼양동,동북권,20080630
1130553500,11305535,강북구,미아동,동북권,20080630
1130554500,11305545,강북구,송중동,동북권,20080630
1130555500,11305555,강북구,송천동,동북권,20080630
1130557500,11305575,강북구,삼각산동,동북권,20080630
1130559500,11305595,강북구,번1동,동북권,20190101
1130560300,11305603,강북구,번2동,동북권,20190101
1130560800,11305608,강북구,번3동,동북권,20190101
1130561500,11305615,강북구,수유1동,동북권,20190101
1130562500,11305625,강북구,수유2동,동북권,20190101
1130563500,11305635,강북구,수유3동,동북권,20190101
1130564500,11305645,강북구,우이동,동북권,20080630
1130566000,11305660,강북구,인수동,동북권,20080630
1132051100,11320511,도봉구,창제1동,동북권,19890101
1132051200,11320512,도봉구,창제2동,동북권,19890101
1132051300,11320513,도봉구,창제3동,동북권,19890101
1132051400,11320514,도봉구,창제4동,동북권,19890101
1132051500,11320515,도봉구,창제5동,동북권,19910907
1132052100,11320521,도봉구,도봉제1동,동북권,19890101
1132052200,11320522,도봉구,도봉제2동,동북권,19890101
1132066000,11320660,도봉구,쌍문제1동,동북권,19880423
1132067000,11320670,도봉구,쌍문제2동,동북권,19880423
1132068000,11320680,도봉구,쌍문제3동,동북권,19880423
1132068100,11320681,도봉구,쌍문제4동,동북권,19910907
1132069000,11320690,도봉구,방학제1동,동북권,19880423
1132070000,11320700,도봉구,방학제2동,동북권,19880423
1132071000,11320710,도봉구,방학제3동,동북권,19880701
1135056000,11350560,노원구,월계1동,동북권,19880423
1135057000,11350570,노원구,월계2동,동북권,19880423
1135058000,11350580,노원구,월계3동,동북권,19880501
1135059500,11350595,노원구,공릉1동,동북권,20110623
1135060000,11350600,노원구,공릉2동,동북권,19880423
1135061100,11350611,노원구,하계1동,동북권,19890901
1135061200,11350612,노원구,하계2동,동북권,19890901
1135061900,11350619,노원구,중계본동,동북권,19920701
1135062100,11350621,노원구,중계1동,동북권,19890901
1135062400,11350624,노원구,중계4동,동북권,19920701
1135062500,11350625,노원구,중계2.3동,동북권,20090101
1135063000,11350630,노원구,상계1동,동북권,19880514
1135064000,11350640,노원구,상계2동,동북권,19880423
1135066500,11350665,노원구,상계3.4동,동북권,20080101
1135067000,11350670,노원구,상계5동,동북권,19880423
1135069500,11350695,노원구,상계6.7동,동북권,20080101
1135070000,11350700,노원구,상계8동,동북권,19890601
1135071000,11350710,노원구,상계9동,동북권,19890901
1135072000,11350720,노원구,상계10동,동북권,19890901
1138051000,11380510,은평구,녹번동,서북권,19880423
1138052000,11380520,은평구,불광제1동,서북권,19880423
1138053000,11380530,은평구,불광제2동,서북권,19880423
1138055100,11380551,은평구,갈현제1동,서북권,19890601
1138055200,11380552,은평구,갈현제2동,서북권,19890601
1138056000,11380560,은평구,구산동,서북권,19880423
1138057000,11380570,은평구,대조동,서북권,19880423
1138058000,11380580,은평구,응암제1동,서북권,19880423
1138059000,11380590,은평구,응암제2동,서북권,19880423
1138060000,11380600,은평구,응암제3동,서북권,19880423
1138062500,11380625,은평구,역촌동,서북권,20080602
1138063100,11380631,은평구,신사제1동,서북권,19890901
1138063200,11380632,은평구,신사제2동,서북권,19890901
1138064000,11380640,은평구,증산동,서북권,19880423
1138065000,11380650,은평구,수색동,서북권,19880423
1138069000,11380690,은평구,진관동,서북권,20070813
1141052000,11410520,서대문구,천연동,서북권,19880423
1141055500,11410555,서대문구,북아현동,서북권,20080506
1141056500,11410565,서대문구,충현동,서북권,20080506
1141058500,11410585,서대문구,신촌동,서북권,20080506
1141061500,11410615,서대문구,연희동,서북권,20080506
1141062000,11410620,서대문구,홍제제1동,서북권,19880423
1141064000,11410640,서대문구,홍제제3동,서북권,19880423
1141065500,11410655,서대문구,홍제제2동,서북권,20080506
1141066000,11410660,서대문구,홍은제1동,서북권,19880423
1141068500,11410685,서대문구,홍은제2동,서북권,20080506
1141069000,11410690,서대문구,남가좌제1동,서북권,19880423
1141070000,11410700,서대문구,남가좌제2동,서북권,19880423
1141071000,11410710,서대문구,북가좌제1동,서북권,19880423
1141072000,11410720,서대문구,북가좌제2동,서북권,19880423
1144055500,11440555,마포구,아현동,서북권,20080107
1144056500,11440565,마포구,공덕동,서북권,20080107
1144058500,11440585,마포구,도화동,서북권,20070101
1144059000,11440590,마포구,용강동,서북권,20070101
1144060000,11440600,마포구,대흥동,서북권,19880423
1144061000,11440610,마포구,염리동,서북권,20150723
1144063000,11440630,마포구,신수동,서북권,20070101
1144065500,11440655,마포구,서강동,서북권,20070101
1144066000,11440660,마포구,서교동,서북권,20080107
1144068000,11440680,마포구,합정동,서북권,19880423
1144069000,11440690,마포구,망원제1동,서북권,19880423
1144070000,11440700,마포구,망원제2동,서북권,19880423
1144071000,11440710,마포구,연남동,서북권,19880423
1144072000,11440720,마포구,성산제1동,서북권,19880423
1144073000,11440730,마포구,성산제2동,서북권,19880423
1144074000,11440740,마포구,상암동,서북권,19880423
1147051000,11470510,양천구,목1동,서남권,19880423
1147052000,11470520,양천구,목2동,서남권,19880423
1147053000,11470530,양천구,목3동,서남권,19880423
1147054000,11470540,양천구,목4동,서남권,19880423
1147055000,11470550,양천구,목5동,서남권,19880701
1147056000,11470560,양천구,신월1동,서남권,19880423
1147057000,11470570,양천구,신월2동,서남권,19880423
1147058000,11470580,양천구,신월3동,서남권,19880423
1147059000,11470590,양천구,신월4동,서남권,19880423
1147060000,11470600,양천구,신월5동,서남권,19880423
1147061000,11470610,양천구,신월6동,서남권,19880423
1147061100,11470611,양천구,신월7동,서남권,19890601
1147062000,11470620,양천구,신정1동,서남권,19880423
1147063000,11470630,양천구,신정2동,서남권,19880423
1147064000,11470640,양천구,신정3동,서남권,19880423
1147065000,11470650,양천구,신정4동,서남권,19880423
1147067000,11470670,양천구,신정6동,서남권,19880701
1147068000,11470680,양천구,신정7동,서남권,19890901
1150051000,11500510,강서구,염창동,서남권,19880423
1150052000,11500520,강서구,등촌제1동,서남권,19880423
1150053000,11500530,강서구,등촌제2동,서남권,19880423
1150053500,11500535,강서구,등촌제3동,서남권,19951201
1150054000,11500540,강서구,화곡제1동,서남권,19880423
1150055000,11500550,강서구,화곡제2동,서남권,19880423
1150056000,11500560,강서구,화곡제3동,서남권,19880423
1150057000,11500570,강서구,화곡제4동,서남권,19880423
1150059000,11500590,강서구,화곡본동,서남권,19880423
1150059100,11500591,강서구,화곡제6동,서남권,19910907
1150059300,11500593,강서구,화곡제8동,서남권,19910907
1150060300,11500603,강서구,가양제1동,서남권,20231227
1150060400,11500604,강서구,가양제2동,서남권,19930401
1150060500,11500605,강서구,가양제3동,서남권,19930401
1150061100,11500611,강서구,발산제1동,서남권,20140514
1150061500,11500615,강서구,우장산동,서남권,20080825
1150062000,11500620,강서구,공항동,서남권,20140514
1150063000,11500630,강서구,방화제1동,서남권,20140514
1150064000,11500640,강서구,방화제2동,서남권,19880423
1150064100,11500641,강서구,방화제3동,서남권,20231227
1153051000,11530510,구로구,신도림동,서남권,19880423
1153052000,11530520,구로구,구로제1동,서남권,19880423
1153053000,11530530,구로구,구로제2동,서남권,19880423
1153054000,11530540,구로구,구로제3동,서남권,19880423
1153055000,11530550,구로구,구로제4동,서남권,19880423
1153056000,11530560,구로구,구로제5동,서남권,19880423
1153059500,11530595,구로구,가리봉동,서남권,20080501
1153072000,11530720,구로구,고척제1동,서남권,19880423
1153073000,11530730,구로구,고척제2동,서남권,19880423
1153074000,11530740,구로구,개봉제1동,서남권,19880423
1153075000,11530750,구로구,개봉제2동,서남권,19880423
1153076000,11530760,구로구,개봉제3동,서남권,19880423
1153077000,11530770,구로구,오류제1동,서남권,19880423
1153078000,11530780,구로구,오류제2동,서남권,19880423
1153079000,11530790,구로구,수궁동,서남권,19880701
1153080000,11530800,구로구,항동,서남권,20200101
1154551000,11545510,금천구,가산동,서남권,19950301
1154561000,11545610,금천구,독산제1동,서남권,19950301
1154562000,11545620,금천구,독산제2동,서남권,19950301
1154563000,11545630,금천구,독산제3동,서남권,19950301
1154564000,11545640,금천구,독산제4동,서남권,19950301
1154567000,11545670,금천구,시흥제1동,서남권,19950301
1154568000,11545680,금천구,시흥제2동,서남권,19950301
1154569000,11545690,금천구,시흥제3동,서남권,19950301
1154570000,11545700,금천구,시흥제4동,서남권,19950301
1154571000,11545710,금천구,시흥제5동,서남권,19950301
1156051500,11560515,영등포구,영등포본동,서남권,20080901
1156053500,11560535,영등포구,영등포동,서남권,20080901
1156054000,11560540,영등포구,여의동,서남권,19880423
1156055000,11560550,영등포구,당산제1동,서남권,19880423
1156056000,11560560,영등포구,당산제2동,서남권,19880423
1156058500,11560585,영등포구,도림동,서남권,20080901
1156060500,11560605,영등포구,문래동,서남권,20080901
1156061000,11560610,영등포구,양평제1동,서남권,19880423
1156062000,11560620,영등포구,양평제2동,서남권,19880423
1156063000,11560630,영등포구,신길제1동,서남권,19880423
1156065000,11560650,영등포구,신길제3동,서남권,19880423
1156066000,11560660,영등포구,신길제4동,서남권,19880423
1156067000,11560670,영등포구,신길제5동,서남권,19880423
1156068000,11560680,영등포구,신길제6동,서남권,19880423
1156069000,11560690,영등포구,신길제7동,서남권,19880423
1156070000,11560700,영등포구,대림제1동,서남권,19880423
1156071000,11560710,영등포구,대림제2동,서남권,19880423
1156072000,11560720,영등포구,대림제3동,서남권,19880423
1159051000,11590510,동작구,노량진제1동,서남권,19880423
1159052000,11590520,동작구,노량진제2동,서남권,19880423
1159053000,11590530,동작구,상도제1동,서남권,19880423
1159054000,11590540,동작구,상도제2동,서남권,19880423
1159055000,11590550,동작구,상도제3동,서남권,19880423
1159056000,11590560,동작구,상도제4동,서남권,19880423
1159060500,11590605,동작구,흑석동,서남권,20080201
1159062000,11590620,동작구,사당제1동,서남권,19880423
1159063000,11590630,동작구,사당제2동,서남권,20080901
1159064000,11590640,동작구,사당제3동,서남권,19880423
1159065000,11590650,동작구,사당제4동,서남권,19880423
1159065100,11590651,동작구,사당제5동,서남권,19920701
1159066000,11590660,동작구,대방동,서남권,19880423
1159067000,11590670,동작구,신대방제1동,서남권,19880423
1159068000,11590680,동작구,신대방제2동,서남권,19880423
1162052500,11620525,관악구,보라매동,서남권,20080901
1162054500,11620545,관악구,청림동,서남권,20080901
1162056500,11620565,관악구,성현동,서남권,20080901
1162057500,11620575,관악구,행운동,서남권,20080901
1162058500,11620585,관악구,낙성대동,서남권,20080901
1162059500,11620595,관악구,청룡동,서남권,20080901
1162060500,11620605,관악구,은천동,서남권,20080901
1162061500,11620615,관악구,중앙동,서남권,20080901
1162062500,11620625,관악구,인헌동,서남권,20080901
1162063000,11620630,관악구,남현동,서남권,19880423
1162064500,11620645,관악구,서원동,서남권,20080901
1162065500,11620655,관악구,신원동,서남권,20080901
1162066500,11620665,관악구,서림동,서남권,20080901
1162068500,11620685,관악구,신사동,서남권,20080901
1162069500,11620695,관악구,신림동,서남권,20080901
1162071500,11620715,관악구,난향동,서남권,20080901
1162072500,11620725,관악구,조원동,서남권,20080901
1162073500,11620735,관악구,대학동,서남권,20080901
1162074500,11620745,관악구,삼성동,서남권,20080901
1162076500,11620765,관악구,미성동,서남권,20080901
1162077500,11620775,관악구,난곡동,서남권,20080901
1165051000,11650510,서초구,서초1동,동남권,19880423
1165052000,11650520,서초구,서초2동,동남권,19880423
1165053000,11650530,서초구,서초3동,동남권,19890427
1165053100,11650531,서초구,서초4동,동남권,19910907
1165054000,11650540,서초구,잠원동,동남권,19880423
1165055000,11650550,서초구,반포본동,동남권,19880423
1165056000,11650560,서초구,반포1동,동남권,19880423
1165057000,11650570,서초구,반포2동,동남권,19880423
1165058000,11650580,서초구,반포3동,동남권,19880423
1165058100,11650581,서초구,반포4동,동남권,19890901
1165059000,11650590,서초구,방배본동,동남권,19880423
1165060000,11650600,서초구,방배1동,동남권,19880423
1165061000,11650610,서초구,방배2동,동남권,19880423
1165062000,11650620,서초구,방배3동,동남권,19880423
1165062100,11650621,서초구,방배4동,동남권,19910907
1165065100,11650651,서초구,양재1동,동남권,19920701
1165065200,11650652,서초구,양재2동,동남권,19920701
1165066000,11650660,서초구,내곡동,동남권,19880423
1168051000,11680510,강남구,신사동,동남권,19880423
1168052100,11680521,강남구,논현1동,동남권,19921001
1168053100,11680531,강남구,논현2동,동남권,19921001
1168054500,11680545,강남구,압구정동,동남권,20090301
1168056500,11680565,강남구,청담동,동남권,20090301
1168058000,11680580,강남구,삼성1동,동남권,19880423
1168059000,11680590,강남구,삼성2동,동남권,19880423
1168060000,11680600,강남구,대치1동,동남권,19880423
1168061000,11680610,강남구,대치2동,동남권,19880423
1168063000,11680630,강남구,대치4동,동남권,19880701
1168064000,11680640,강남구,역삼1동,동남권,19880423
1168065000,11680650,강남구,역삼2동,동남권,19880423
1168065500,11680655,강남구,도곡1동,동남권,19890101
1168065600,11680656,강남구,도곡2동,동남권,19890101
1168066000,11680660,강남구,개포1동,동남권,19880423
1168067000,11680670,강남구,개포2동,동남권,19880423
1168067500,11680675,강남구,개포3동,동남권,20221223
1168069000,11680690,강남구,개포4동,동남권,19880701
1168070000,11680700,강남구,세곡동,동남권,19880423
1168072000,11680720,강남구,일원본동,동남권,19921001
1168073000,11680730,강남구,일원1동,동남권,19921001
1168075000,11680750,강남구,수서동,동남권,19921001
1171051000,11710510,송파구,풍납1동,동남권,19880423
1171052000,11710520,송파구,풍납2동,동남권,19880423
1171053100,11710531,송파구,거여1동,동남권,19920701
1171053200,11710532,송파구,거여2동,동남권,19920701
1171054000,11710540,송파구,마천1동,동남권,19880423
1171055000,11710550,송파구,마천2동,동남권,19880423
1171056100,11710561,송파구,방이1동,동남권,19920701
1171056200,11710562,송파구,방이2동,동남권,19920701
1171056600,11710566,송파구,오륜동,동남권,19890601
1171057000,11710570,송파구,오금동,동남권,19880423
1171058000,11710580,송파구,송파1동,동남권,19880423
1171059000,11710590,송파구,송파2동,동남권,19880423
1171060000,11710600,송파구,석촌동,동남권,19880423
1171061000,11710610,송파구,삼전동,동남권,19880701
1171062000,11710620,송파구,가락본동,동남권,19880701
1171063100,11710631,송파구,가락1동,동남권,19890601
1171063200,11710632,송파구,가락2동,동남권,19890601
1171064100,11710641,송파구,문정1동,동남권,19890901
1171064200,11710642,송파구,문정2동,동남권,19890901
1171064600,11710646,송파구,장지동,동남권,19960801
1171064700,11710647,송파구,위례동,동남권,20150706
1171065000,11710650,송파구,잠실본동,동남권,19880423
1171067000,11710670,송파구,잠실2동,동남권,19880423
1171068000,11710680,송파구,잠실3동,동남권,19880423
1171069000,11710690,송파구,잠실4동,동남권,19880423
1171071000,11710710,송파구,잠실6동,동남권,19880423
1171072000,11710720,송파구,잠실7동,동남권,19890901
1174051500,11740515,강동구,강일동,동남권,20070101
1174052500,11740525,강동구,상일제1동,동남권,20210701
1174052600,11740526,강동구,상일제2동,동남권,20210701
1174053000,11740530,강동구,명일제1동,동남권,19880501
1174054000,11740540,강동구,명일제2동,동남권,19880423
1174055000,11740550,강동구,고덕제1동,동남권,19880423
1174056000,11740560,강동구,고덕제2동,동남권,19880423
1174057000,11740570,강동구,암사제1동,동남권,19880423
1174058000,11740580,강동구,암사제2동,동남권,19880423
1174059000,11740590,강동구,암사제3동,동남권,19880423
1174060000,11740600,강동구,천호제1동,동남권,19880423
1174061000,11740610,강동구,천호제2동,동남권,19880423
1174062000,11740620,강동구,천호제3동,동남권,19880423
1174064000,11740640,강동구,성내제1동,동남권,19880423
1174065000,11740650,강동구,성내제2동,동남권,19880423
1174066000,11740660,강동구,성내제3동,동남권,19880423
1174068500,11740685,강동구,길동,동남권,20080707
1174069000,11740690,강동구,둔촌제1동,동남권,19880423
1174070000,11740700,강동구,둔촌제2동,동남권,19880423
