OD_KEY,거주동 코드,근무동 코드,전_시간_분,후_시간_분,차이_분,전_노선,후_노선,전_요금,후_요금
11110515_11170685,11110515,11170685,27.9,34.0,6.1,지선:1711 | 간선:401 | 간선:N31,지선:7212 | 간선:470,1500.0,1500.0
11110515_11440600,11110515,11440600,24.4,24.8,0.4,지선:1711 | 간선:N51,지선:1711 | 간선:709 | 간선:742,1500.0,1500.0
11110515_11440565,11110515,11440565,20.2,20.2,0.0,지선:1711 | 간선:N16,지선:1711 | 지선:7011 | 간선:261,1500.0,1500.0
11110530_11140550,11110530,11140550,20.8,20.8,0.0,간선:702A | 간선:N31,간선:702A | 간선:143,1500.0,1500.0
11110530_11170685,11110530,11170685,27.4,33.6,6.2,간선:702A | 간선:N31,간선:470,1500.0,1500.0
11110540_11110640,11110540,11110640,21.3,21.5,0.2,순환:01A | 간선:N51,순환:01A | 간선:162,1500.0,1500.0
11110540_11170685,11110540,11170685,33.2,34.5,1.3,순환:01A | 간선:501 | 간선:N31,순환:01A | 간선:470,1500.0,1500.0
11110540_11140680,11110540,11140680,19.8,26.1,6.3,마을:종로11 | 간선:N16,마을:종로11 | 간선:261,1500.0,1500.0
11110550_11410585,11110550,11410585,29.4,29.5,0.1,지선:1711 | 간선:N51,지선:1020 | 간선:272,1500.0,1500.0
11110550_11170685,11110550,11170685,33.6,41.4,7.8,지선:1711 | 간선:401 | 간선:N31,지선:7212 | 간선:470,1600.0,1500.0
11110550_11440600,11110550,11440600,30.0,30.4,0.4,지선:1711 | 간선:N51,지선:1711 | 간선:709 | 간선:742,1500.0,1500.0
11110550_11410555,11110550,11410555,23.7,24.8,1.1,지선:1711 | 간선:N51,지선:1711 | 지선:7011 | 마을:서대문06,1500.0,1500.0
11110560_11170685,11110560,11170685,36.9,42.4,5.5,지선:1711 | 간선:406 | 간선:N31,지선:1711 | 간선:472,1600.0,1600.0
11110560_11110640,11110560,11110640,31.9,34.2,2.3,지선:1711 | 수도권3호선 | 간선:N51,지선:1711 | 지선:7212 | 간선:150,1550.0,1500.0
11110560_11140680,11110560,11140680,26.6,30.8,4.2,지선:1711 | 간선:N16,지선:1711 | 간선:171 | 마을:마포03,1500.0,1500.0
11110570_11110640,11110570,11110640,20.1,20.3,0.2,수도권3호선 | 간선:N51,수도권3호선 | 간선:162,1550.0,1550.0
11110580_11140520,11110580,11140520,14.8,14.3,-0.5,간선:470 | 간선:N75,간선:171 | 일반:790,1500.0,1650.0
11110580_11170685,11110580,11170685,29.9,34.8,4.9,간선:702A | 간선:N31,간선:171 | 간선:160 | 수도권6호선,1500.0,1550.0
11110600_11140540,11110600,11140540,23.1,23.8,0.7,간선:151 | 간선:N31,수도권3호선 | 간선:104,1500.0,1550.0
11110600_11440660,11110600,11440660,39.1,39.9,0.8,간선:N51 | 지선:6713,간선:171 | 간선:273 | 마을:마포08,1500.0,1500.0
11110630_11200535,11110630,11200535,19.1,22.2,3.1,간선:N62,지선:2233 | 간선:421,1500.0,1500.0
11110640_11110615,11110640,11110615,14.3,19.0,4.7,간선:N51,마을:종로12,1500.0,1200.0
11110640_11140570,11110640,11140570,16.4,17.8,1.4,간선:N16,간선:301 | 수도권4호선,1500.0,1550.0
11110640_11140520,11110640,11140520,20.4,23.3,2.9,간선:N51 | 간선:406,간선:301 | 간선:261 | 수도권2호선,1500.0,1550.0
11110640_11110680,11110640,11110680,17.6,17.6,0.0,간선:N51,간선:301 | 지선:2112,1500.0,1500.0
11110640_11110600,11110640,11110600,14.9,19.0,4.1,간선:N51,간선:109 | 마을:종로02,1500.0,1500.0
11110650_11110710,11110650,11110710,19.1,19.2,0.1,간선:301 | 간선:N51,간선:107 | 간선:271,1500.0,1500.0
11110650_11110670,11110650,11110670,20.6,20.6,0.0,간선:301 | 간선:N51,간선:301 | 지선:2112,1500.0,1500.0
11110670_11110710,11110670,11110710,11.9,13.3,1.4,간선:N72,간선:142 | 간선:271,1500.0,1500.0
11110670_11410585,11110670,11410585,31.7,32.1,0.4,수도권1호선 | 간선:N51,수도권1호선 | 경의중앙선,1550.0,1650.0
11110680_11200560,11110680,11200560,25.7,25.9,0.2,간선:370 | 간선:N62,간선:370 | 간선:145,1500.0,1500.0
11110680_11110515,11110680,11110515,25.8,26.1,0.3,간선:N51 | 지선:7022,지선:7025 | 지선:7022,1500.0,1500.0
11110690_11110600,11110690,11110600,23.9,25.6,1.7,마을:종로03 | 간선:N51,지선:1014 | 간선:272,1500.0,1500.0
11110700_11110600,11110700,11110600,22.2,22.5,0.3,마을:종로03 | 간선:N51,지선:1014 | 간선:272,1500.0,1500.0
11110710_11110670,11110710,11110670,12.3,13.6,1.3,간선:N72,지선:1014 | 간선:142,1500.0,1500.0
11110710_11140670,11110710,11140670,14.8,15.9,1.1,간선:N72,간선:421,1500.0,1500.0
11110710_11110600,11110710,11110600,20.2,22.1,1.9,간선:N51,지선:2112 | 간선:109,1500.0,1500.0
11140520_11110530,11140520,11110530,13.7,13.9,0.2,간선:N75,지선:8101,1500.0,1500.0
11140540_11170685,11140540,11170685,17.8,24.9,7.1,간선:N31,간선:143 | 마을:용산01,1500.0,1500.0
11140550_11170685,11140550,11170685,17.6,20.5,2.9,간선:N31,간선:143 | 마을:용산03 | 간선:110B국민대,1500.0,1500.0
11140550_11110640,11140550,11110640,18.9,21.1,2.2,간선:N16,간선:507 | 간선:301,1500.0,1500.0
11140570_11110640,11140570,11110640,15.3,17.4,2.1,간선:N16,간선:507 | 간선:301,1500.0,1500.0
11140615_11110630,11140615,11110630,12.2,16.8,4.6,간선:147 | 간선:N62,간선:142 | 마을:종로03,1500.0,1500.0
11140625_11110530,11140625,11110530,27.3,27.9,0.6,간선:144 | 간선:402 | 간선:N75,수도권3호선 | 간선:101,1500.0,1550.0
11140635_11110530,11140635,11110530,25.6,27.1,1.5,간선:144 | 간선:402 | 간선:N75,간선:142 | 수도권5호선,1500.0,1550.0
11140645_11110630,11140645,11110630,16.3,17.6,1.3,간선:147 | 간선:N62,수도권6호선 | 마을:종로03,1500.0,1550.0
11140650_11110630,11140650,11110630,9.3,9.3,0.0,간선:N62,지선:2015 | 지선:7212,1500.0,1500.0
11140650_11110530,11140650,11110530,21.8,21.8,0.0,간선:N62 | 간선:101,지선:2015 | 지선:7212 | 간선:101,1500.0,1500.0
11140650_11710710,11140650,11710710,36.2,41.8,5.6,간선:N62 | 수도권2호선,수도권2호선 | 수인분당선,1550.0,1650.0
11140650_11200650,11140650,11200650,20.9,21.2,0.3,간선:N62,지선:2015 | 수도권2호선,1500.0,1550.0
11140650_11215870,11140650,11215870,31.7,34.5,2.8,간선:N73 | 지선:2224,지선:2012 | 간선:302,1500.0,1500.0
11140665_11110630,11140665,11110630,13.2,17.6,4.4,지선:2233 | 간선:N62,지선:7212,1500.0,1500.0
11140670_11110630,11140670,11110630,12.9,12.9,0.0,간선:N62,지선:2015 | 지선:7212,1500.0,1500.0
11140670_11110710,11140670,11110710,14.8,16.8,2.0,간선:N72,간선:421,1500.0,1500.0
11140670_11110530,11140670,11110530,25.4,27.7,2.3,간선:N62 | 간선:101,수도권2호선 | 지선:8101,1500.0,1550.0
11140670_11710710,11140670,11710710,41.9,43.9,2.0,간선:N62 | 수도권2호선,수도권2호선 | 수인분당선,1550.0,1650.0
11140670_11215870,11140670,11215870,37.3,38.7,1.4,간선:N73 | 지선:2224,수도권2호선 | 간선:302,1500.0,1550.0
11140670_11110600,11140670,11110600,25.4,27.2,1.8,지선:2015 | 간선:301 | 간선:N51,지선:2015 | 간선:301 | 간선:109,1500.0,1500.0
11140680_11545510,11140680,11545510,48.1,53.7,5.6,간선:N16 | 지선:5713 | 지선:5536,수도권1호선 | 지선:5616,1600.0,1650.0
11140680_11560535,11140680,11560535,24.3,26.2,1.9,간선:N16 | 지선:5012,간선:261 | 수도권5호선,1500.0,1550.0
11140680_11530540,11140680,11530540,40.8,45.5,4.7,간선:N16 | 지선:5713 | 수도권7호선,수도권2호선 | 수도권7호선,1650.0,1650.0
11140680_11110640,11140680,11110640,29.4,32.1,2.7,간선:472 | 간선:N51,수도권2호선 | 간선:301,1500.0,1550.0
11140680_11560605,11140680,11560605,32.6,34.9,2.3,간선:N16,수도권2호선 | 지선:6625,1500.0,1550.0
11170510_11170685,11170510,11170685,22.8,26.8,4.0,마을:용산02 | 간선:N31,간선:605 | 간선:110B국민대,1500.0,1500.0
11170510_11110530,11170510,11110530,22.1,24.7,2.6,간선:202 | 간선:N75,간선:402 | 간선:150 | 간선:101,1500.0,1500.0
11170510_11170650,11170510,11170650,21.0,21.6,0.6,마을:용산02 | 간선:N31,간선:605 | 간선:421,1500.0,1500.0
11170520_11110530,11170520,11110530,17.2,21.0,3.8,간선:402 | 간선:N75,간선:402 | 간선:700 | 지선:8101,1500.0,1500.0
11170520_11170650,11170520,11170650,15.9,18.9,3.0,마을:용산02 | 간선:N31,마을:용산02 | 수도권6호선,1500.0,1550.0
11170520_11440740,11170520,11440740,43.5,43.5,0.0,마을:용산02 | 수도권6호선 | 간선:N72,마을:용산02 | 수도권6호선 | 지선:6715,1650.0,1650.0
11170520_11230536,11170520,11230536,30.2,32.0,1.8,간선:402 | 순환:TOUR01 | 간선:N30,간선:402 | 순환:TOUR01 | 간선:261,1500.0,1500.0
11170520_11140625,11170520,11140625,20.1,20.4,0.3,간선:402 | 간선:N72,간선:402 | 수도권6호선,1500.0,1550.0
11170520_11440565,11170520,11440565,21.2,26.4,5.2,간선:402 | 간선:N16,간선:402 | 간선:261,1500.0,1500.0
11170530_11650530,11170530,11650530,33.1,33.1,0.0,간선:N75 | 간선:405,간선:421 | 간선:740 | 간선:405,1500.0,1500.0
11170555_11110530,11170555,11110530,17.8,21.2,3.4,간선:505 | 간선:N75,간선:750B | 지선:8101,1500.0,1500.0
11170555_11110630,11170555,11110630,23.9,23.8,-0.1,간선:505 | 간선:N15,수도권4호선,1500.0,1550.0
11170560_11140550,11170560,11140550,18.3,19.6,1.3,간선:110B국민대 | 간선:N31,간선:162 | 간선:406,1500.0,1500.0
11170560_11110530,11170560,11110530,21.4,21.4,0.0,간선:110B국민대 | 간선:N75,지선:1711 | 간선:750B | 지선:8101,1500.0,1500.0
11170560_11170520,11170560,11170520,18.7,21.9,3.2,간선:110B국민대 | 간선:N31,마을:용산02,1500.0,1200.0
11170560_11110630,11170560,11110630,26.7,26.8,0.1,간선:110B국민대 | 간선:N15,마을:용산02 | 수도권4호선,1500.0,1550.0
11170580_11110530,11170580,11110530,20.6,23.8,3.2,간선:400 | 간선:505 | 간선:N75,간선:400 | 간선:750B | 지선:8101,1500.0,1500.0
11170590_11560605,11170590,11560605,35.0,35.0,0.0,마을:마포17 | 간선:N16,수도권6호선 | 수도권2호선,1500.0,1550.0
11170590_11110640,11170590,11110640,35.8,36.0,0.2,지선:1711 | 간선:151 | 간선:N51,지선:1711 | 간선:162,1500.0,1500.0
11170630_11110530,11170630,11110530,27.2,29.5,2.3,간선:502 | 간선:N75,경의중앙선(급행) | 간선:600,1500.0,1550.0
11170640_11110530,11170640,11110530,25.1,31.3,6.2,지선:0017 | 간선:N15 | 간선:N75,지선:0017 | 간선:새벽A504,1500.0,1500.0
11170640_11110630,11170640,11110630,31.1,32.8,1.7,지선:0017 | 간선:N15,지선:0017 | 수도권4호선,1500.0,1550.0
11170650_11140550,11170650,11140550,16.6,17.8,1.2,간선:N31,간선:143,1500.0,1500.0
11170650_11170520,11170650,11170520,17.0,18.2,1.2,간선:N31,간선:143,1500.0,1500.0
11170650_11140540,11170650,11140540,18.8,19.9,1.1,간선:N31,간선:143,1500.0,1500.0
11170660_11110530,11170660,11110530,24.2,26.2,2.0,간선:402 | 간선:N75,간선:143 | 간선:101,1500.0,1500.0
11170660_11140635,11170660,11140635,18.5,19.6,1.1,간선:402 | 간선:N72,마을:용산03 | 수도권6호선,1500.0,1550.0
11170685_11140550,11170685,11140550,19.7,21.2,1.5,간선:N31,간선:110A고려대 | 순환:TOUR01,1500.0,1500.0
11170685_11110530,11170685,11110530,27.2,28.2,1.0,간선:405 | 간선:N75,간선:741,1500.0,1500.0
11170685_11140625,11170685,11140625,17.9,18.2,0.3,간선:N72,간선:110B국민대 | 수도권6호선,1500.0,1550.0
11170685_11140635,11170685,11140635,12.2,14.1,1.9,간선:N72,간선:110B국민대 | 수도권6호선,1500.0,1550.0
11170690_11140520,11170690,11140520,24.0,27.5,3.5,간선:405 | 간선:N75,지선:6211 | 간선:472,1500.0,1500.0
11170690_11170530,11170690,11170530,19.2,22.3,3.1,간선:405 | 간선:N75,간선:400 | 간선:750B,1500.0,1500.0
11170690_11170555,11170690,11170555,19.9,22.9,3.0,간선:405 | 간선:N75,간선:405 | 간선:740 | 마을:용산03,1500.0,1500.0
11170690_11620695,11170690,11620695,39.0,39.6,0.6,지선:6211 | 간선:N15,지선:6211 | 간선:152,1600.0,1600.0
11200520_11110530,11200520,11110530,27.6,28.0,0.4,간선:N62 | 간선:101,수도권2호선 | 지선:8101,1500.0,1550.0
11200520_11200650,11200520,11200650,20.4,22.3,1.9,간선:N62,수도권2호선,1500.0,1550.0
11200520_11215870,11200520,11215870,31.1,34.0,2.9,간선:N73 | 지선:2224,간선:302,1500.0,1500.0
11200520_11110630,11200520,11110630,15.2,15.2,0.0,간선:N62,지선:2015 | 지선:7212,1500.0,1500.0
11200520_11110710,11200520,11110710,17.3,19.7,2.4,지선:2013 | 간선:N72,지선:2015 | 간선:370,1500.0,1500.0
11200520_11110600,11200520,11110600,27.6,28.3,0.7,지선:2015 | 간선:301 | 간선:N51,수도권2호선 | 수도권3호선,1500.0,1550.0
11200535_11110530,11200535,11110530,27.1,27.1,0.0,간선:N62 | 간선:101,지선:2015 | 지선:7212 | 간선:101,1500.0,1500.0
11200535_11110630,11200535,11110630,13.3,14.6,1.3,간선:421 | 간선:N62,지선:2015 | 지선:7212,1500.0,1500.0
11200535_11710710,11200535,11710710,41.2,44.6,3.4,간선:N62 | 수도권2호선,간선:302 | 수도권2호선,1550.0,1650.0
11200535_11215870,11200535,11215870,36.6,37.4,0.8,간선:N73 | 지선:2224,간선:302,1500.0,1500.0
11200535_11110600,11200535,11110600,27.0,29.9,2.9,지선:2015 | 간선:301 | 간선:N51,간선:421 | 수도권3호선,1500.0,1550.0
11200540_11110630,11200540,11110630,22.6,23.4,0.8,수도권5호선 | 간선:N62,수도권2호선 | 간선:370,1550.0,1550.0
11200550_11110630,11200550,11110630,18.8,22.9,4.1,지선:4211 | 지선:2013 | 간선:N62,지선:4211 | 수도권2호선 | 지선:7212,1500.0,1550.0
11200560_11110530,11200560,11110530,30.0,30.1,0.1,간선:N62 | 간선:101,마을:성동03-1 | 수도권5호선,1500.0,1550.0
11200560_11110630,11200560,11110630,17.5,17.5,0.0,간선:N62,지선:2012 | 지선:7212,1500.0,1500.0
11200560_11215870,11200560,11215870,28.4,31.2,2.8,간선:N73 | 지선:2224,간선:302,1500.0,1500.0
11200560_11110600,11200560,11110600,30.0,31.6,1.6,지선:2012 | 간선:301 | 간선:N51,마을:성동08 | 수도권3호선,1500.0,1550.0
11200570_11110630,11200570,11110630,21.0,21.1,0.1,간선:241 | 간선:N62,수도권5호선 | 수도권4호선,1500.0,1550.0
11200580_11110600,11200580,11110600,30.0,30.5,0.5,간선:110B국민대 | 지선:2015 | 간선:301 | 간선:N51,마을:성동08 | 수도권3호선,1500.0,1550.0
11200590_11110630,11200590,11110630,15.9,18.2,2.3,지선:2233 | 간선:N62,수도권5호선 | 지선:7212,1500.0,1550.0
11200590_11215820,11200590,11215820,30.0,32.5,2.5,수도권5호선 | 수도권2호선 | 간선:N73,수도권5호선 | 지선:2227,1550.0,1550.0
11200615_11110630,11200615,11110630,17.0,21.5,4.5,지선:2233 | 간선:N62,지선:7212,1500.0,1500.0
11200620_11110630,11200620,11110630,20.2,24.6,4.4,지선:2233 | 간선:N62,지선:7212,1500.0,1500.0
11200650_11200535,11200650,11200535,23.0,25.4,2.4,지선:2413 | 간선:N62,수도권2호선 | 마을:성동03-1,1500.0,1550.0
11200650_11140590,11200650,11140590,29.2,29.1,-0.1,지선:2413 | 간선:N73,수도권2호선,1500.0,1550.0
11200650_11200520,11200650,11200520,18.9,20.2,1.3,지선:2413 | 간선:N62,지선:2413 | 지선:2016,1500.0,1500.0
11200660_11215830,11200660,11215830,31.1,31.1,0.0,간선:N73,지선:2014 | 지선:2412,1500.0,1500.0
11200660_11215820,11200660,11215820,23.2,25.5,2.3,간선:N73,지선:2016 | 수도권2호선,1500.0,1550.0
11200660_11110630,11200660,11110630,22.1,25.2,3.1,간선:121 | 간선:N62,수도권2호선 | 지선:7212,1500.0,1550.0
11200670_11200535,11200670,11200535,24.1,26.9,2.8,지선:2413 | 간선:N62,수도권2호선,1500.0,1550.0
11200670_11110630,11200670,11110630,27.0,30.7,3.7,지선:2413 | 간선:N62,수도권2호선 | 간선:370,1500.0,1550.0
11200690_11110630,11200690,11110630,23.4,23.4,0.0,지선:2012 | 간선:N62,지선:2012 | 지선:7212,1500.0,1500.0
11200720_11215830,11200720,11215830,30.7,32.1,1.4,지선:3220 | 간선:N73,지선:3220 | 마을:광진05,1500.0,1500.0
11215710_11110630,11215710,11110630,27.9,28.2,0.3,간선:302 | 간선:N62,지선:2012 | 지선:7212,1500.0,1500.0
11215740_11200690,11215740,11200690,23.9,24.2,0.3,간선:N62,지선:2012,1500.0,1500.0
11215750_11200690,11215750,11200690,23.2,23.6,0.4,간선:N62,지선:4212 | 순환:TOUR12,1500.0,1500.0
11215760_11215780,11215760,11215780,14.4,16.6,2.2,간선:N61,지선:2311,1500.0,1500.0
11215760_11140570,11215760,11140570,41.0,41.0,0.0,지선:2211 | 지선:2112 | 간선:N16,지선:2211 | 간선:370 | 간선:105,1500.0,1600.0
11215770_11200690,11215770,11200690,30.3,30.3,0.0,지선:2227 | 간선:N62,지선:2227 | 지선:2016,1500.0,1500.0
11215770_11200650,11215770,11200650,35.4,35.4,0.0,지선:2227 | 간선:N62,지선:2227 | 지선:2016,1500.0,1500.0
11215780_11200690,11215780,11200690,24.1,25.0,0.9,간선:N62,지선:4212 | 순환:TOUR12,1500.0,1500.0
11215780_11680565,11215780,11680565,24.6,25.7,1.1,간선:N61 | 간선:242,지선:4212,1500.0,1500.0
11215780_11215760,11215780,11215760,12.0,15.4,3.4,간선:N61,지선:2311 | 지선:2016,1500.0,1500.0
11215780_11260590,11215780,11260590,18.7,23.9,5.2,간선:N61,수도권7호선 | 지선:2312,1500.0,1550.0
11215780_11200720,11215780,11200720,13.8,20.4,6.6,간선:N61 | 간선:8146,간선:370 | 지선:2012,1500.0,1500.0
11215780_11350600,11215780,11350600,32.8,32.7,-0.1,간선:N61 | 지선:1224,수도권7호선 | 지선:1224,1500.0,1550.0
11215810_11110600,11215810,11110600,43.4,44.1,0.7,간선:370 | 간선:N51,수도권5호선 | 마을:종로02,1600.0,1650.0
11215820_11200660,11215820,11200660,25.6,29.2,3.6,간선:N73,수도권2호선 | 마을:성동13,1500.0,1550.0
11215820_11140550,11215820,11140550,49.7,50.0,0.3,간선:N73 | 수도권4호선,간선:303 | 수도권5호선 | 간선:463,1650.0,1650.0
11215820_11140605,11215820,11140605,40.2,47.5,7.3,간선:N73,간선:302 | 간선:202,1500.0,1600.0
11215820_11110630,11215820,11110630,37.9,37.7,-0.2,수도권2호선 | 간선:N62,간선:303 | 간선:370,1550.0,1600.0
11215830_11200690,11215830,11200690,25.2,26.6,1.4,간선:N73,간선:303 | 수도권2호선,1500.0,1550.0
11215830_11200660,11215830,11200660,30.6,33.0,2.4,간선:N73,지선:2412 | 지선:2014,1500.0,1500.0
11215830_11140605,11215830,11140605,45.2,47.5,2.3,간선:N73,간선:302 | 수도권2호선,1500.0,1650.0
11215830_11170625,11215830,11170625,62.8,62.0,-0.8,간선:N73 | 수도권4호선,마을:광진05 | 수도권2호선 | 수도권4호선,1750.0,1950.0
11215840_11110630,11215840,11110630,33.0,35.5,2.5,지선:2222 | 간선:N62,지선:2222 | 수도권2호선 | 지선:7212,1500.0,1550.0
11215840_11110640,11215840,11110640,35.5,37.4,1.9,마을:광진05 | 수도권2호선 | 간선:N51,지선:2222 | 수도권2호선 | 간선:301,1550.0,1650.0
11215847_11110630,11215847,11110630,35.0,37.4,2.4,지선:2222 | 간선:N62,간선:721,1500.0,1500.0
11215850_11200660,11215850,11200660,27.1,29.4,2.3,지선:3220 | 간선:N73,수도권2호선 | 마을:성동13,1500.0,1550.0
11215860_11200690,11215860,11200690,24.7,24.8,0.1,지선:3220 | 간선:N73,간선:302,1500.0,1500.0
11215860_11200650,11215860,11200650,29.9,30.1,0.2,지선:3220 | 간선:N73,마을:광진03 | 수도권2호선,1500.0,1550.0
11215870_11680580,11215870,11680580,25.5,26.7,1.2,마을:광진03 | 수도권2호선 | 간선:N61,수도권2호선 | 마을:강남01,1550.0,1550.0
11215870_11110630,11215870,11110630,34.3,35.9,1.6,마을:광진03 | 수도권2호선 | 간선:N62,마을:광진04 | 간선:370,1550.0,1600.0
11215870_11140605,11215870,11140605,36.9,43.3,6.4,마을:광진03 | 수도권2호선 | 간선:N73,간선:302 | 간선:202,1550.0,1600.0
11230515_11140605,11230515,11140605,18.4,19.4,1.0,간선:N30,간선:421 | 간선:202,1500.0,1500.0
11230533_11110600,11230533,11110600,30.1,31.2,1.1,지선:2112 | 간선:N51,수도권1호선 | 마을:종로02,1500.0,1550.0
11230536_11110600,11230536,11110600,30.1,31.2,1.1,지선:2112 | 간선:N51,수도권1호선 | 마을:종로02,1500.0,1550.0
11230536_11410585,11230536,11410585,39.1,39.6,0.5,수도권1호선 | 간선:N51,수도권1호선 | 경의중앙선,1550.0,1650.0
11230545_11140605,11230545,11140605,25.8,25.8,0.0,간선:110A고려대 | 지선:2015 | 간선:N73,간선:110A고려대 | 지선:2015 | 간선:202,1500.0,1500.0
11230545_11110640,11230545,11110640,19.9,21.2,1.3,지선:1222 | 간선:N51,간선:120 | 지선:2112,1500.0,1500.0
11230545_11110600,11230545,11110600,30.5,36.2,5.7,지선:1222 | 간선:N51,간선:272,1500.0,1500.0
11230560_11140540,11230560,11140540,41.1,41.9,0.8,수도권1호선 | 간선:N16,경의중앙선(급행) | 수도권2호선,1550.0,1550.0
11230560_11110600,11230560,11110600,38.7,40.2,1.5,수도권1호선 | 간선:N51,간선:272,1550.0,1500.0
11230570_11140605,11230570,11140605,29.6,29.7,0.1,지선:2013 | 간선:N73,지선:2015 | 순환:TOUR11,1500.0,1500.0
11230600_11110600,11230600,11110600,31.5,33.4,1.9,지선:2112 | 간선:N51,지선:2112 | 간선:109,1500.0,1500.0
11230610_11110600,11230610,11110600,33.6,35.5,1.9,간선:145 | 지선:2112 | 간선:N51,간선:145 | 지선:2112 | 간선:109,1500.0,1500.0
11230660_11140605,11230660,11140605,33.1,33.1,0.0,지선:2015 | 간선:N73,지선:2015 | 간선:202,1500.0,1500.0
11230705_11410585,11230705,11410585,41.5,42.4,0.9,수도권1호선 | 간선:N51,수도권1호선 | 간선:271,1650.0,1650.0
11230710_11110640,11230710,11110640,24.8,25.2,0.4,수도권1호선 | 간선:N51,수도권1호선 | 지선:2112,1550.0,1550.0
11230710_11410585,11230710,11410585,42.5,43.4,0.9,수도권1호선 | 간선:N51,수도권1호선 | 간선:271,1650.0,1650.0
11230710_11140570,11230710,11140570,31.0,32.1,1.1,수도권1호선 | 간선:N16,수도권1호선 | 수도권3호선,1550.0,1550.0
11230710_11440600,11230710,11440600,43.1,44.1,1.0,수도권1호선 | 간선:N51,수도권1호선 | 간선:271,1650.0,1650.0
11230720_11110600,11230720,11110600,39.2,40.8,1.6,간선:271 | 지선:2112 | 간선:N51,간선:272,1500.0,1500.0
11230720_11410585,11230720,11410585,45.2,45.7,0.5,수도권1호선 | 간선:N51,수도권1호선 | 경의중앙선,1650.0,1750.0
11230740_11110640,11230740,11110640,24.9,25.3,0.4,수도권1호선 | 간선:N51,수도권1호선 | 지선:2112,1550.0,1550.0
11230740_11410585,11230740,11410585,42.5,43.5,1.0,수도권1호선 | 간선:N51,수도권1호선 | 간선:271,1650.0,1650.0
11230750_11110640,11230750,11110640,27.1,27.5,0.4,수도권1호선 | 간선:N51,수도권1호선 | 지선:2112,1550.0,1550.0
11260520_11710710,11260520,11710710,40.4,49.6,9.2,간선:N61 | 수도권2호선,간선:8146 | 간선:342,1650.0,1600.0
11260520_11710642,11260520,11710642,47.4,57.3,9.9,간선:N61 | 수도권5호선 | 일반:87,지선:2312 | 지선:3413,1850.0,1700.0
11260520_11680750,11260520,11680750,49.6,60.8,11.2,간선:N61 | 수도권5호선 | 수도권3호선,간선:8146 | 간선:401,1950.0,1700.0
11260520_11140615,11260520,11140615,34.5,36.5,2.0,간선:N61 | 수도권5호선,지선:2416 | 수도권5호선,1650.0,1550.0
11260520_11215840,11260520,11215840,31.1,31.7,0.6,간선:N61 | 지선:2222,간선:8146 | 지선:2014 | 지선:2412,1500.0,1500.0
11260520_11215750,11260520,11215750,21.7,22.8,1.1,간선:N61 | 지선:4212,간선:8146 | 지선:2016,1500.0,1500.0
11260550_11710710,11260550,11710710,34.7,43.9,9.2,간선:N61 | 수도권2호선,간선:8146 | 간선:342,1550.0,1600.0
11260550_11710642,11260550,11710642,41.7,51.6,9.9,간선:N61 | 수도권5호선 | 일반:87,지선:2312 | 지선:3413,1850.0,1700.0
11260550_11215810,11260550,11215810,20.0,25.1,5.1,간선:N61 | 수도권5호선,지선:2416 | 지선:2015 | 수도권5호선,1550.0,1550.0
11260550_11710620,11260550,11710620,37.5,49.8,12.3,간선:N61 | 수도권5호선 | 일반:87,간선:8146 | 수도권9호선 | 지선:3322,1750.0,1750.0
11260550_11215780,11260550,11215780,16.2,22.4,6.2,간선:N61,마을:중랑02 | 수도권7호선,1500.0,1550.0
11260550_11710520,11260550,11710520,31.4,35.4,4.0,간선:N61 | 수도권5호선 | 수도권8호선,간선:8146 | 간선:302 | 지선:3220,1550.0,1600.0
11260550_11710670,11260550,11710670,35.0,38.5,3.5,간선:N61 | 수도권2호선,간선:8146 | 지선:3217,1650.0,1600.0
11260550_11215840,11260550,11215840,25.4,26.0,0.6,간선:N61 | 지선:2222,간선:8146 | 지선:2014 | 지선:2412,1500.0,1500.0
11260550_11680750,11260550,11680750,43.9,53.8,9.9,간선:N61 | 수도권5호선 | 수도권3호선,간선:242 | 수인분당선,1950.0,1750.0
11260550_11110670,11260550,11110670,32.3,32.4,0.1,지선:2416 | 간선:N72,지선:2013 | 지선:2112,1500.0,1500.0
11260550_11740525,11260550,11740525,35.5,35.5,0.0,지선:2312 | 간선:N30,지선:2312 | 간선:340,1500.0,1500.0
11260550_11710641,11260550,11710641,41.4,48.8,7.4,간선:N61 | 수도권5호선 | 지선:3217,간선:8146 | 지선:3217,1750.0,1700.0
11260550_11215750,11260550,11215750,16.0,17.1,1.1,간선:N61 | 지선:4212,간선:8146 | 지선:2016,1500.0,1500.0
11260590_11215840,11260590,11215840,31.2,31.8,0.6,간선:N61 | 지선:2222,간선:8146 | 지선:2014 | 지선:2412,1500.0,1500.0
11260590_11215750,11260590,11215750,21.9,22.2,0.3,간선:N61 | 지선:4212,수도권7호선 | 간선:422,1500.0,1550.0
11260620_11110600,11260620,11110600,50.7,51.4,0.7,간선:105 | 간선:N51,지선:1224 | 간선:272,1600.0,1600.0
11260630_11110600,11260630,11110600,49.2,50.8,1.6,간선:105 | 간선:N51,간선:105 | 간선:272,1600.0,1600.0
11260655_11200690,11260655,11200690,41.7,43.6,1.9,간선:242 | 지선:2230 | 간선:N62,간선:260 | 간선:120 | 지선:2222,1500.0,1600.0
11260655_11215740,11260655,11215740,23.1,27.5,4.4,간선:242 | 지선:2230 | 간선:N62,간선:262 | 수도권7호선,1500.0,1550.0
11260655_11215750,11260655,11215750,22.4,26.6,4.2,간선:242 | 지선:2230 | 간선:N62,간선:262 | 수도권7호선,1500.0,1550.0
11260660_11215740,11260660,11215740,19.1,22.2,3.1,간선:320 | 간선:N62,간선:320 | 간선:422,1500.0,1500.0
11260660_11215750,11260660,11215750,18.4,21.5,3.1,간선:320 | 간선:N62,간선:320 | 간선:422,1500.0,1500.0
11260660_11140605,11260660,11140605,48.5,49.5,1.0,지선:2012 | 간선:N30,지선:2230 | 지선:2015 | 수도권2호선,1700.0,1650.0
11260660_11215760,11260660,11215760,20.6,22.5,1.9,간선:320 | 간선:N62,간선:320,1500.0,1500.0
11260680_11410565,11260680,11410565,60.0,60.7,0.7,간선:N26 | 마을:서대문05,간선:260 | 마을:서대문02소,1700.0,1600.0
11260680_11215750,11260680,11215750,27.2,27.4,0.2,간선:320 | 간선:N62,간선:260 | 수도권7호선,1500.0,1550.0
11260680_11215740,11260680,11215740,27.9,28.4,0.5,간선:320 | 간선:N62,간선:260 | 수도권7호선,1500.0,1550.0
11260690_11110640,11260690,11110640,35.0,36.2,1.2,지선:1122 | 수도권1호선 | 간선:N51,지선:1122 | 수도권1호선 | 마을:종로03,1550.0,1650.0
11260690_11440600,11260690,11440600,53.9,58.8,4.9,지선:1122 | 수도권1호선 | 간선:N51,지선:2115 | 간선:421 | 수도권2호선,1750.0,1750.0
11260690_11215750,11260690,11215750,23.4,24.9,1.5,간선:320 | 간선:N62,지선:2115 | 수도권7호선,1500.0,1550.0
11260690_11110600,11260690,11110600,45.5,50.1,4.6,지선:1122 | 수도권1호선 | 간선:N51,간선:241 | 경의중앙선(급행) | 수도권3호선,1650.0,1750.0
11290525_11290630,11290525,11290630,18.7,22.8,4.1,수도권4호선 | 간선:N31,수도권4호선 | 지선:1014,1550.0,1550.0
11290555_11290630,11290555,11290630,9.9,13.2,3.3,지선:2115 | 간선:N31,우이신설선,1500.0,1550.0
11290555_11290640,11290555,11290640,14.1,15.2,1.1,지선:2115 | 간선:N31,간선:152 | 간선:143 | 지선:1114,1500.0,1500.0
11290575_11290640,11290575,11290640,15.6,17.4,1.8,우이신설선 | 간선:N31,우이신설선 | 지선:1114,1550.0,1550.0
11290590_11110530,11290590,11110530,23.9,25.6,1.7,마을:성북22 | 간선:N31 | 간선:101,마을:성북22 | 간선:162 | 간선:150,1500.0,1500.0
11290600_11110640,11290600,11110640,17.9,17.9,0.0,간선:152 | 간선:N51,간선:152 | 지선:2112,1500.0,1500.0
11290610_11110640,11290610,11110640,13.3,13.3,0.0,간선:152 | 간선:N51,간선:152 | 지선:2112,1500.0,1500.0
11290610_11140540,11290610,11140540,29.4,29.7,0.3,간선:N15 | 간선:N31,간선:144 | 수도권4호선,1500.0,1550.0
11290610_11290640,11290610,11290640,15.8,17.6,1.8,간선:272 | 우이신설선 | 간선:N31,간선:272 | 우이신설선 | 지선:1114,1550.0,1550.0
11290620_11290630,11290620,11290630,7.4,8.2,0.8,간선:N31,간선:171,1500.0,1500.0
11290630_11680640,11290630,11680640,54.4,56.4,2.0,간선:162 | 수도권3호선 | 간선:N61,간선:143 | 간선:140,1750.0,1700.0
11290640_11260575,11290640,11260575,39.2,40.5,1.3,지선:1213 | 지선:1227 | 간선:N72,지선:1213 | 지선:1227 | 지선:2230,1500.0,1500.0
11290640_11440565,11290640,11440565,38.1,38.1,0.0,지선:1711 | 간선:N16,지선:1711 | 지선:7011 | 간선:261,1600.0,1600.0
11290705_11110640,11290705,11110640,20.7,20.7,0.0,간선:N51,간선:101 | 지선:2112,1500.0,1500.0
11290705_11440565,11290705,11440565,40.0,41.3,1.3,간선:101 | 수도권1호선 | 간선:N16,간선:101 | 간선:152 | 간선:261,1650.0,1600.0
11290760_11350595,11290760,11350595,20.3,20.9,0.6,마을:성북13 | 간선:N13,마을:성북13 | 지선:1222 | 지선:1136,1500.0,1500.0
11290760_11110710,11290760,11110710,27.7,28.1,0.4,지선:1017 | 간선:N51,지선:1017 | 간선:101,1500.0,1500.0
11290770_11350595,11290770,11350595,18.7,19.4,0.7,간선:173 | 간선:N13,수도권6호선 | 수도권7호선,1500.0,1550.0
11290770_11110640,11290770,11110640,27.9,27.9,0.0,간선:N51,지선:1111 | 간선:101 | 지선:2112,1500.0,1500.0
11290770_11530560,11290770,11530560,63.1,66.7,3.6,간선:120 | 수도권6호선 | 수도권1호선 | 간선:N51,간선:120 | 수도권6호선 | 수도권2호선 | 지선:6511,1850.0,1850.0
11290780_11110640,11290780,11110640,33.8,34.5,0.7,수도권6호선 | 간선:N51,마을:성북13 | 간선:103 | 간선:102,1550.0,1500.0
11290810_11350595,11290810,11350595,11.1,11.6,0.5,간선:N13,지선:1222 | 지선:1136,1500.0,1500.0
11290810_11350695,11290810,11350695,26.4,27.3,0.9,간선:N13,마을:성북14-1 | 간선:100 | 지선:1154,1500.0,1500.0
11290810_11350640,11290810,11350640,26.2,29.1,2.9,간선:N13 | 마을:노원08,수도권1호선 | 마을:노원05,1500.0,1550.0
11290810_11350625,11290810,11350625,19.4,19.6,0.2,간선:N13,간선:145 | 간선:172 | 지선:1131,1500.0,1500.0
11290810_11110640,11290810,11110640,32.2,33.5,1.3,수도권1호선 | 간선:N51,수도권1호선 | 마을:종로03,1550.0,1550.0
11305608_11350595,11305608,11350595,22.6,22.8,0.2,간선:145 | 지선:2155 | 간선:N13,간선:100 | 수도권7호선,1500.0,1550.0
11305625_11110640,11305625,11110640,35.4,35.9,0.5,간선:120 | 간선:N16,간선:163 | 간선:109,1500.0,1500.0
11305645_11110640,11305645,11110640,37.9,38.3,0.4,우이신설선 | 간선:N51,우이신설선 | 간선:102,1650.0,1650.0
11320521_11110640,11320521,11110640,46.4,46.8,0.4,수도권1호선 | 간선:N51,수도권1호선 | 지선:2112,1750.0,1750.0
11320521_11410585,11320521,11410585,64.0,65.0,1.0,수도권1호선 | 간선:N51,수도권1호선 | 간선:271,1850.0,1850.0
11320522_11110640,11320522,11110640,44.2,44.6,0.4,수도권1호선 | 간선:N51,수도권1호선 | 지선:2112,1650.0,1650.0
11320522_11410585,11320522,11410585,61.8,62.2,0.4,수도권1호선 | 간선:N51,수도권1호선 | 경의중앙선,1850.0,1950.0
11320660_11290770,11320660,11290770,39.0,39.5,0.5,마을:도봉01 | 간선:147 | 간선:N51,마을:도봉02 | 지선:1218 | 지선:1111,1500.0,1500.0
11320680_11290610,11320680,11290610,37.4,38.4,1.0,지선:1119 | 간선:120 | 간선:N15,수도권4호선 | 우이신설선,1500.0,1550.0
11320690_11110640,11320690,11110640,44.8,45.2,0.4,수도권1호선 | 간선:N51,수도권1호선 | 지선:2112,1650.0,1650.0
11320700_11110640,11320700,11110640,48.7,48.6,-0.1,지선:1167 | 간선:N16,지선:1167 | 우이신설선 | 간선:102,1600.0,1750.0
11350560_11350595,11350560,11350595,18.2,26.1,7.9,간선:N13,지선:1136,1500.0,1500.0
11350560_11110640,11350560,11110640,32.5,32.9,0.4,수도권1호선 | 간선:N51,수도권1호선 | 지선:2112,1550.0,1550.0
11350560_11410585,11350560,11410585,50.2,51.1,0.9,수도권1호선 | 간선:N51,수도권1호선 | 간선:271,1750.0,1750.0
11350570_11110640,11350570,11110640,38.9,39.2,0.3,지선:1130 | 수도권1호선 | 간선:N51,지선:1130 | 수도권1호선 | 지선:2112,1650.0,1650.0
11350580_11110640,11350580,11110640,32.6,32.6,0.0,지선:1132 | 수도권6호선 | 간선:152 | 간선:N51,지선:1132 | 수도권6호선 | 간선:152 | 지선:2112,1550.0,1550.0
11350580_11410585,11350580,11410585,50.6,51.6,1.0,지선:1132 | 수도권1호선 | 간선:N51,지선:1132 | 수도권1호선 | 간선:271,1750.0,1750.0
11350595_11290810,11350595,11290810,17.5,18.1,0.6,간선:N13,간선:8146 | 수도권6호선,1500.0,1550.0
11350595_11350560,11350595,11350560,17.1,19.4,2.3,간선:N13,간선:8146 | 수도권6호선,1500.0,1550.0
11350611_11110640,11350611,11110640,40.8,42.6,1.8,지선:1132 | 수도권6호선 | 간선:N51,지선:1132 | 수도권6호선 | 마을:종로03,1650.0,1650.0
11350625_11290810,11350625,11290810,28.2,29.1,0.9,지선:1224 | 간선:N13,지선:1137 | 마을:성북14-1,1500.0,1500.0
11350640_11260590,11350640,11260590,34.3,34.7,0.4,지선:1142 | 간선:N61,수도권7호선,1500.0,1550.0
11350670_11290770,11350670,11290770,43.0,45.5,2.5,지선:1137 | 간선:N51,지선:1137 | 간선:261,1500.0,1500.0
11380510_11170685,11380510,11170685,43.2,46.4,3.2,간선:702A | 간선:N31,수도권3호선 | 수도권6호선,1600.0,1650.0
11380520_11110640,11380520,11110640,31.4,31.5,0.1,수도권3호선 | 간선:N51,수도권3호선 | 간선:162,1550.0,1550.0
11380520_11170685,11380520,11170685,29.3,43.8,14.5,수도권3호선 | GTX-A_2 | 간선:406 | 간선:N31,수도권3호선 | 수도권6호선,3400.0,1650.0
11380530_11110630,11380530,11110630,40.7,41.4,0.7,간선:720 | 수도권3호선 | 간선:N51,간선:720 | 수도권3호선 | 지선:7025,1650.0,1650.0
11380530_11110640,11380530,11110640,39.0,39.1,0.1,간선:720 | 수도권3호선 | 간선:N51,간선:720 | 수도권3호선 | 간선:162,1650.0,1650.0
11380551_11440565,11380551,11440565,32.5,45.6,13.1,GTX-A_2 | 지선:1711 | 간선:N16,수도권3호선 | 수도권5호선,3300.0,1650.0
11380551_11110640,11380551,11110640,38.5,38.6,0.1,수도권3호선 | 간선:N51,수도권3호선 | 간선:162,1650.0,1650.0
11380552_11170685,11380552,11170685,28.8,45.5,16.7,GTX-A_2 | 간선:406 | 간선:N31,수도권6호선 | 마을:용산01,3300.0,1750.0
11380560_11440730,11380560,11440730,26.6,29.1,2.5,간선:742 | 지선:7728 | 간선:N73,수도권6호선 | 마을:마포08,1500.0,1550.0
11380580_11440730,11380580,11440730,24.4,24.6,0.2,지선:7212 | 간선:N73,간선:702A | 수도권6호선 | 마을:마포08,1500.0,1550.0
11380580_11170685,11380580,11170685,42.5,46.3,3.8,간선:702A | 간선:N31,간선:702A | 지선:7720 | 간선:110B국민대,1600.0,1600.0
11380590_11140550,11380590,11140550,38.9,38.9,0.0,지선:7734 | 간선:702A | 간선:N31,지선:7734 | 간선:702A | 간선:143,1500.0,1500.0
11380590_11170685,11380590,11170685,45.5,48.6,3.1,지선:7734 | 간선:702A | 간선:N31,마을:은평08-1 | 수도권6호선,1600.0,1650.0
11380590_11110630,11380590,11110630,35.1,39.8,4.7,지선:7734 | 수도권3호선 | 간선:N51,지선:7019 | 간선:720,1550.0,1500.0
11380600_11380625,11380600,11380625,12.5,13.1,0.6,간선:N75,간선:571,1500.0,1500.0
11380625_11410615,11380625,11410615,21.1,22.4,1.3,간선:N75 | 지선:8774,간선:571 | 간선:702A | 지선:7720,1500.0,1500.0
11380625_11440730,11380625,11440730,20.8,24.9,4.1,간선:N73,간선:571 | 지선:7613 | 지선:7716,1500.0,1500.0
11380625_11170685,11380625,11170685,32.1,44.0,11.9,지선:7715 | GTX-A_2 | 간선:406 | 간선:N31,수도권6호선 | 마을:용산01,3400.0,1650.0
11380625_11410700,11380625,11410700,16.9,21.3,4.4,간선:N75,간선:571 | 지선:7021,1500.0,1500.0
11380625_11110630,11380625,11110630,34.6,36.0,1.4,지선:7715 | GTX-A_2 | 간선:N15,지선:7715 | GTX-A_2 | 간선:103,3300.0,3400.0
11380625_11410685,11380625,11410685,19.1,23.6,4.5,간선:N75 | 지선:7018,간선:571 | 지선:7018,1500.0,1500.0
11380631_11140550,11380631,11140550,40.8,40.8,0.0,간선:702A | 간선:N31,간선:702A | 간선:143,1500.0,1500.0
11380632_11440730,11380632,11440730,20.1,22.1,2.0,간선:N73,지선:7730 | 간선:171,1500.0,1500.0
11380640_11440730,11380640,11440730,15.3,17.3,2.0,간선:N73,지선:7730 | 간선:171,1500.0,1500.0
11380690_11440565,11380690,11440565,40.2,42.7,2.5,수도권3호선 | 지선:1711 | 간선:N16,수도권3호선 | 수도권5호선,1650.0,1650.0
11380690_11110640,11380690,11110640,35.6,35.8,0.2,수도권3호선 | 간선:N51,수도권3호선 | 간선:162,1650.0,1650.0
11410520_11170685,11410520,11170685,30.2,32.2,2.0,간선:702A | 간선:N31,지선:7024 | 간선:261 | 간선:472,1500.0,1500.0
11410520_11110640,11410520,11110640,25.0,25.1,0.1,간선:171 | 간선:N51,간선:171 | 지선:7025,1500.0,1500.0
11410555_11170685,11410555,11170685,29.2,32.7,3.5,수도권2호선 | 간선:N31,지선:7611 | 간선:110B국민대,1550.0,1500.0
11410565_11170685,11410565,11170685,31.7,36.1,4.4,마을:서대문05 | 수도권2호선 | 간선:N31,마을:서대문05 | 간선:173 | 간선:110B국민대,1550.0,1500.0
11410615_11440730,11410615,11440730,21.7,22.5,0.8,마을:서대문03 | 지선:7734 | 간선:N73,지선:7017 | 간선:서대문A01,1500.0,1500.0
11410615_11440720,11410615,11440720,25.8,27.4,1.6,마을:서대문03 | 지선:7734 | 간선:N73,마을:서대문03 | 지선:7612 | 간선:271,1500.0,1500.0
11410620_11110640,11410620,11110640,24.2,24.4,0.2,수도권3호선 | 간선:N51,수도권3호선 | 간선:162,1550.0,1550.0
11410620_11140680,11410620,11140680,25.5,29.9,4.4,일반:790 | 간선:N16,지선:7021 | 간선:261,1650.0,1500.0
11410640_11110640,11410640,11110640,35.9,36.0,0.1,수도권3호선 | 간선:N51,수도권3호선 | 간선:162,1550.0,1550.0
11410655_11110640,11410655,11110640,27.0,27.4,0.4,수도권3호선 | 간선:N51,지선:7025,1550.0,1500.0
11410660_11110640,11410660,11110640,37.5,37.6,0.1,마을:서대문08 | 수도권3호선 | 간선:N51,마을:서대문08 | 수도권3호선 | 간선:162,1550.0,1550.0
11410660_11140680,11410660,11140680,37.0,41.4,4.4,마을:서대문08 | 일반:790 | 간선:N16,마을:서대문08 | 지선:7021 | 간선:261,1650.0,1500.0
11410660_11110710,11410660,11110710,44.3,46.0,1.7,마을:서대문08 | 수도권3호선 | 간선:N51,마을:서대문08 | 간선:720,1550.0,1500.0
11410685_11380625,11410685,11380625,21.2,21.2,0.0,지선:7018 | 간선:N75,지선:7018 | 지선:7613 | 간선:571,1500.0,1500.0
11410685_11440720,11410685,11440720,27.8,29.4,1.6,마을:서대문03 | 지선:7734 | 간선:N73,마을:서대문03 | 지선:7612 | 간선:271,1500.0,1500.0
11410685_11380570,11410685,11380570,23.6,25.5,1.9,지선:7018 | 간선:N75,지선:7021 | 수도권3호선 | 간선:571,1500.0,1550.0
11410690_11380625,11410690,11380625,24.1,28.0,3.9,간선:N75,지선:7613 | 간선:571,1500.0,1500.0
11410690_11380570,11410690,11380570,26.5,30.4,3.9,간선:N75,지선:7739 | 간선:761,1500.0,1500.0
11410700_11380625,11410700,11380625,17.8,21.1,3.3,간선:N75,지선:7021 | 간선:742 | 지선:7715,1500.0,1500.0
11410700_11380570,11410700,11380570,20.1,24.3,4.2,간선:N75,지선:7021 | 간선:742 | 지선:7715,1500.0,1500.0
11410710_11380625,11410710,11380625,23.3,23.6,0.3,간선:742 | 간선:N75,간선:753,1500.0,1500.0
11410720_11380625,11410720,11380625,15.6,18.9,3.3,간선:742 | 간선:N75,간선:742 | 지선:7715,1500.0,1500.0
11440555_11140550,11440555,11140550,24.2,26.7,2.5,간선:600 | 간선:702A | 간선:N31,간선:261 | 순환:TOUR11,1500.0,1500.0
11440600_11170685,11440600,11170685,30.4,31.7,1.3,지선:7011 | 간선:401 | 간선:N31,간선:173 | 간선:110B국민대,1500.0,1500.0
11440600_11440730,11440600,11440730,21.6,22.9,1.3,간선:N73,간선:271 | 지선:7016,1500.0,1500.0
11440600_11440720,11440600,11440720,25.7,25.6,-0.1,간선:N73,간선:163 | 수도권6호선,1500.0,1550.0
11440630_11200650,11440630,11200650,46.6,47.0,0.4,간선:163 | 수도권2호선 | 간선:N62 | 지선:2413,간선:163 | 수도권2호선,1650.0,1650.0
11440680_11440740,11440680,11440740,18.6,21.2,2.6,간선:N72,간선:271,1500.0,1500.0
11440690_11440740,11440690,11440740,19.2,21.9,2.7,간선:N72,간선:271,1500.0,1500.0
11440720_11410585,11440720,11410585,22.7,23.6,0.9,간선:N73,간선:674,1500.0,1500.0
11440720_11140520,11440720,11140520,28.5,29.1,0.6,간선:N73,간선:674 | 간선:472,1500.0,1500.0
11440720_11440600,11440720,11440600,21.2,23.8,2.6,간선:N73,간선:674,1500.0,1500.0
11440730_11440600,11440730,11440600,20.0,20.0,0.0,간선:N73,지선:7016 | 간선:271,1500.0,1500.0
11440740_11440600,11440740,11440600,26.6,27.7,1.1,간선:171 | 간선:N73,간선:171 | 간선:674,1500.0,1500.0
11470510_11500611,11470510,11500611,26.0,26.1,0.1,간선:603 | 간선:N64,간선:603 | 수도권5호선 | 간선:652,1500.0,1550.0
11470520_11140520,11470520,11140520,33.6,34.6,1.0,일반:60 | 간선:N62,수도권9호선(급행) | 수도권2호선,1750.0,1650.0
11470550_11110530,11470550,11110530,39.5,39.7,0.2,간선:603 | 간선:N26,간선:603 | 간선:602,1600.0,1600.0
11470550_11500611,11470550,11500611,30.7,30.5,-0.2,간선:603 | 간선:N64,마을:양천02 | 수도권5호선,1500.0,1550.0
11470560_11470650,11470560,11470650,16.4,18.5,2.1,지선:6648 | 간선:N64,간선:652 | 수도권5호선,1500.0,1550.0
11470560_11140520,11470560,11140520,48.0,52.3,4.3,간선:652 | 수도권5호선 | 간선:N75,지선:6648 | 수도권2호선,1750.0,1950.0
11470570_11140520,11470570,11140520,42.4,49.0,6.6,지선:6715 | 수도권5호선 | 간선:N75,지선:6211 | 수도권2호선,1650.0,1750.0
11470570_11500630,11470570,11500630,34.3,37.5,3.2,지선:5712 | 간선:N64,지선:6514 | 지선:6648,1500.0,1500.0
11470580_11470650,11470580,11470650,15.0,18.6,3.6,지선:6648 | 간선:N64,간선:652 | 간선:602,1500.0,1500.0
11470580_11560605,11470580,11560605,35.8,36.1,0.3,지선:6648 | 간선:N64,지선:6648 | 수도권2호선,1500.0,1550.0
11470580_11140520,11470580,11140520,49.8,51.0,1.2,간선:652 | 수도권5호선 | 간선:N75,지선:6648 | 수도권2호선,1750.0,1950.0
11470590_11545610,11470590,11545610,43.9,47.3,3.4,지선:6624 | 간선:654 | 간선:N51,지선:6624 | 간선:654 | 지선:5626,1600.0,1500.0
11470600_11140520,11470600,11140520,46.1,48.3,2.2,간선:650 | 수도권5호선 | 간선:N75,간선:673 | 간선:270 | 간선:603,1750.0,1700.0
11470611_11545610,11470611,11545610,48.0,49.5,1.5,지선:6624 | 간선:654 | 간선:N51,간선:651 | 지선:5618,1600.0,1500.0
11470630_11140520,11470630,11140520,36.6,37.1,0.5,수도권5호선 | 간선:N75,수도권5호선 | 수도권2호선,1650.0,1650.0
11470640_11140550,11470640,11140550,52.0,57.8,5.8,지선:5712 | 간선:N16 | 간선:401,수도권2호선 | 수도권4호선,1700.0,1750.0
11470640_11500630,11470640,11500630,32.8,32.8,0.0,지선:5712 | 간선:N64,지선:6657 | 지선:6648,1500.0,1500.0
11470650_11140520,11470650,11140520,34.3,34.9,0.6,수도권5호선 | 간선:N75,수도권5호선 | 수도권2호선,1650.0,1650.0
11470680_11140520,11470680,11140520,42.1,42.4,0.3,지선:6640A | 수도권5호선 | 간선:N75,수도권2호선,1650.0,1650.0
11500510_11140520,11500510,11140520,34.7,40.1,5.4,마을:강서04 | 일반:60 | 간선:N62,일반:1002 | 간선:600,1750.0,1850.0
11500530_11140520,11500530,11140520,41.9,42.6,0.7,간선:N62,간선:602 | 수도권2호선,1500.0,1650.0
11500535_11140520,11500535,11140520,41.1,41.3,0.2,일반:60 | 간선:N62,일반:60 | 지선:5712 | 간선:603,1750.0,1750.0
11500540_11470650,11500540,11470650,10.1,14.9,4.8,지선:6648 | 간선:N64,수도권5호선,1500.0,1550.0
11500550_11470650,11500550,11470650,10.4,15.4,5.0,지선:6716 | 간선:N64,지선:6716,1500.0,1500.0
11500550_11500630,11500550,11500630,28.2,29.1,0.9,지선:6628 | 간선:N64,지선:6628 | 수도권5호선 | 지선:6648,1500.0,1550.0
11500560_11140520,11500560,11140520,41.6,42.2,0.6,수도권5호선 | 간선:N75,수도권5호선 | 수도권2호선,1750.0,1750.0
11500570_11500611,11500570,11500611,26.5,27.4,0.9,마을:강서03 | 간선:N64,지선:6628 | 수도권5호선,1500.0,1550.0
11500570_11140520,11500570,11140520,48.3,49.0,0.7,간선:N62,간선:602 | 수도권2호선,1500.0,1650.0
11500590_11140520,11500590,11140520,44.1,50.2,6.1,마을:강서01 | 일반:60 | 간선:N62,수도권5호선 | 수도권2호선,1750.0,1750.0
11500590_11470650,11500590,11470650,18.3,20.1,1.8,마을:강서01 | 간선:N64,수도권5호선,1500.0,1550.0
11500591_11470650,11500591,11470650,18.6,18.6,0.0,지선:5712 | 간선:N64,지선:5712 | 수도권5호선,1500.0,1550.0
11500591_11440690,11500591,11440690,36.4,36.6,0.2,간선:673 | 간선:N72,간선:606 | 지선:7011,1500.0,1500.0
11500605_11470650,11500605,11470650,23.6,23.6,0.0,지선:6627 | 지선:5712 | 간선:N64,지선:6627 | 수도권5호선,1500.0,1550.0
11500611_11140520,11500611,11140520,44.2,50.0,5.8,간선:661 | 일반:60 | 간선:N62,수도권5호선 | 수도권2호선,1750.0,1750.0
11500611_11470650,11500611,11470650,19.6,19.9,0.3,간선:N64,수도권5호선,1500.0,1550.0
11500615_11140520,11500615,11140520,46.5,47.0,0.5,수도권5호선 | 간선:N75,수도권5호선 | 수도권2호선,1750.0,1750.0
11500615_11110640,11500615,11110640,57.8,58.0,0.2,수도권5호선 | 간선:N51,수도권5호선 | 간선:109,1750.0,1750.0
11500620_11140520,11500620,11140520,50.4,53.4,3.0,일반:60 | 간선:N62,수도권9호선(급행) | 수도권2호선,1850.0,1750.0
11500630_11500640,11500630,11500640,11.0,15.8,4.8,간선:N64,지선:6611,1500.0,1500.0
11500630_11545510,11500630,11545510,66.8,68.5,1.7,간선:N64 | 지선:5630,수도권9호선 | 간선:571,1700.0,1750.0
11500640_11500630,11500640,11500630,12.6,14.4,1.8,간선:N64,지선:6611,1500.0,1500.0
11500641_11140520,11500641,11140520,54.7,55.2,0.5,수도권5호선 | 간선:N75,수도권5호선 | 수도권2호선,1850.0,1850.0
11530510_11140550,11530510,11140550,45.6,48.4,2.8,간선:N16 | 간선:401,간선:503 | 간선:505,1600.0,1600.0
11530510_11440740,11530510,11440740,38.5,41.2,2.7,마을:구로09 | 수도권2호선 | 간선:N72,마을:구로09 | 수도권2호선 | 간선:271,1650.0,1650.0
11530510_11500611,11530510,11500611,34.6,34.9,0.3,지선:5630 | 간선:N64,간선:654 | 수도권5호선,1500.0,1550.0
11530510_11140570,11530510,11140570,47.5,49.6,2.1,간선:N16,지선:6713 | 지선:6211 | 간선:507,1500.0,1600.0
11530520_11650530,11530520,11650530,46.1,49.1,3.0,간선:N61 | 지선:5413,간선:643 | 지선:5413,1600.0,1600.0
11530520_11650520,11530520,11650520,59.3,59.1,-0.2,간선:N61 | 간선:350,마을:구로13 | 간선:654 | 수도권7호선 | 마을:서초03,1700.0,1850.0
11530520_11650651,11530520,11650651,64.6,65.0,0.4,간선:N61 | 수도권3호선 | 마을:서초18,간선:643 | 지선:5413 | 간선:406 | 마을:서초18-1,1750.0,1700.0
11530520_11440740,11530520,11440740,48.9,52.0,3.1,마을:구로13 | 지선:6637 | 수도권2호선 | 간선:N72,마을:구로13 | 간선:660 | 간선:760,1750.0,1700.0
11530520_11440565,11530520,11440565,38.3,41.7,3.4,마을:구로13 | 간선:N16,마을:구로13 | 간선:160,1600.0,1600.0
11530530_11560535,11530530,11560535,25.0,25.1,0.1,지선:8641 | 간선:N51,지선:6512 | 지선:5714,1500.0,1500.0
11530530_11140550,11530530,11140550,49.9,50.7,0.8,지선:6512 | 간선:N16 | 간선:401,지선:6512 | 수도권2호선 | 간선:143,1600.0,1650.0
11530530_11440740,11530530,11440740,45.4,53.4,8.0,지선:6512 | 수도권2호선 | 간선:N72,지선:5714 | 공항철도,1650.0,1650.0
11530530_11440565,11530530,11440565,38.9,42.2,3.3,지선:6512 | 간선:N16,지선:6512 | 간선:160,1600.0,1600.0
11530540_11560535,11530540,11560535,25.7,27.9,2.2,마을:구로09 | 지선:8641 | 간선:N51,마을:구로09 | 지선:5714,1500.0,1500.0
11530540_11440680,11530540,11440680,37.9,38.0,0.1,마을:구로09 | 지선:8641 | 간선:N51,마을:구로09 | 지선:8641 | 수도권2호선,1500.0,1550.0
11530560_11545610,11530560,11545610,20.1,20.1,0.0,지선:6613 | 간선:N51,마을:구로09 | 수도권1호선 | 마을:금천08,1500.0,1550.0
11530560_11440565,11530560,11440565,34.0,37.3,3.3,마을:구로09 | 지선:5615 | 간선:N16,마을:구로09 | 지선:5714 | 간선:160,1600.0,1500.0
11530560_11500611,11530560,11500611,34.5,34.8,0.3,마을:구로09 | 지선:5630 | 간선:N64,마을:구로09 | 간선:654 | 수도권5호선,1500.0,1550.0
11530595_11560535,11530595,11560535,31.7,32.9,1.2,지선:5619 | 간선:N51,지선:5714,1500.0,1500.0
11530720_11140550,11530720,11140550,50.8,50.4,-0.4,간선:600 | 간선:N16,간선:600 | 간선:261 | 순환:TOUR11,1600.0,1700.0
11530730_11140550,11530730,11140550,50.7,55.2,4.5,지선:5712 | 간선:N16 | 간선:401,지선:6515 | 신림선 | 간선:505,1700.0,1750.0
11530730_11140570,11530730,11140570,52.6,56.4,3.8,지선:5712 | 간선:N16,지선:6515 | 간선:605 | 수도권4호선,1700.0,1750.0
11530730_11140680,11530730,11140680,39.6,45.3,5.7,지선:5712 | 간선:N16,지선:5712 | 수도권5호선 | 간선:261,1600.0,1750.0
11530740_11140550,11530740,11140550,52.6,52.4,-0.2,지선:5626 | 간선:N16,지선:5626 | 수도권1호선 | 간선:505,1700.0,1750.0
11530740_11545670,11530740,11545670,39.7,44.1,4.4,지선:5626 | 간선:654 | 간선:N51,지선:5626 | 수도권1호선 | 마을:금천08 | 지선:5413,1600.0,1650.0
11530740_11140570,11530740,11140570,53.1,53.8,0.7,지선:5626 | 간선:N16,마을:구로02 | 지선:6637 | 수도권2호선 | 수도권3호선,1700.0,1950.0
11530750_11440740,11530750,11440740,47.5,51.7,4.2,지선:6637 | 수도권2호선 | 간선:N72,지선:6638 | 간선:654 | 지선:6715,1650.0,1600.0
11530760_11440565,11530760,11440565,44.6,48.1,3.5,지선:6637 | 간선:N16,지선:6637 | 간선:160,1600.0,1600.0
11530770_11140570,11530770,11140570,54.3,55.4,1.1,간선:N16,간선:160 | 간선:162 | 간선:505 | 간선:421,1500.0,1700.0
11530780_11545670,11530780,11545670,29.9,31.6,1.7,수도권7호선 | 지선:5537 | 간선:N51,수도권7호선 | 마을:금천07,1550.0,1550.0
11530790_11440565,11530790,11440565,46.5,49.2,2.7,간선:N16,간선:160 | 지선:5713 | 간선:261,1500.0,1600.0
11545510_11680640,11545510,11680640,53.4,53.6,0.2,간선:N61,지선:5618 | 수도권7호선 | 마을:서초03,1500.0,1750.0
11545510_11545670,11545510,11545670,15.0,18.2,3.2,지선:5618 | 간선:N51,지선:5618,1500.0,1500.0
11545610_11545670,11545610,11545670,12.0,14.7,2.7,간선:N51,지선:5621 | 지선:5627,1500.0,1500.0
11545670_11545610,11545670,11545610,12.8,14.7,1.9,간선:N51,지선:5537,1500.0,1500.0
11545670_11545630,11545670,11545630,17.2,17.9,0.7,간선:N51,지선:5413,1500.0,1500.0
11545670_11590670,11545670,11590670,21.4,21.9,0.5,간선:N51,지선:5531,1500.0,1500.0
11545680_11545610,11545680,11545610,18.1,18.8,0.7,마을:금천01 | 간선:N51,마을:금천01 | 지선:5413 | 마을:금천08,1500.0,1500.0
11545680_11650620,11545680,11650620,40.5,41.8,1.3,마을:금천01 | 지선:8541 | 간선:N61,마을:금천01 | 지선:6515 | 수도권2호선,1600.0,1650.0
11545680_11560700,11545680,11560700,29.1,32.6,3.5,마을:금천01 | 간선:N51,마을:금천01 | 지선:5620,1500.0,1500.0
11545700_11440740,11545700,11440740,54.7,57.3,2.6,지선:6516 | 수도권2호선 | 간선:N72,지선:6516 | 수도권2호선 | 간선:271,1750.0,1750.0
11545710_11545610,11545710,11545610,15.4,15.8,0.4,간선:N51,지선:5537,1500.0,1500.0
11545710_11530560,11545710,11530560,35.1,35.9,0.8,마을:금천01 | 간선:N51,지선:5620 | 마을:영등포01 | 마을:구로09,1500.0,1500.0
11545710_11590670,11545710,11590670,24.0,25.2,1.2,간선:N51,지선:5620,1500.0,1500.0
11545710_11560605,11545710,11560605,41.7,44.6,2.9,간선:N51 | 지선:6516,지선:5620 | 일반:5,1600.0,1650.0
11560515_11140520,11560515,11140520,29.0,32.1,3.1,지선:5713 | 간선:160 | 간선:N75,수도권1호선 | 순환:TOUR01,1500.0,1550.0
11560515_11140550,11560515,11140550,35.0,35.1,0.1,지선:5713 | 간선:N16,지선:5713 | 간선:162 | 간선:406,1500.0,1600.0
11560515_11140570,11560515,11140570,35.6,38.2,2.6,지선:5713 | 간선:N16,지선:5713 | 간선:261 | 간선:463,1600.0,1600.0
11560535_11530540,11560535,11530540,31.3,31.2,-0.1,간선:N51 | 마을:구로09,지선:5620 | 수도권7호선,1500.0,1550.0
11560535_11530560,11560535,11530560,23.6,25.5,1.9,간선:N51,지선:5714 | 마을:구로09,1500.0,1500.0
11560560_11440740,11560560,11440740,29.9,29.9,0.0,지선:7612 | 간선:N72,지선:7612 | 공항철도,1500.0,1550.0
11560605_11440565,11560605,11440565,31.4,32.4,1.0,간선:N16,수도권2호선 | 마을:마포03,1500.0,1650.0
11560610_11440740,11560610,11440740,33.1,37.3,4.2,마을:영등포02 | 수도권2호선 | 간선:N72,간선:640 | 지선:5620 | 간선:760,1550.0,1500.0
11560620_11530560,11560620,11530560,28.6,31.4,2.8,간선:605 | 간선:N51,마을:양천01 | 간선:571 | 지선:6613,1500.0,1500.0
11560660_11530560,11560660,11530560,25.1,26.4,1.3,지선:8641 | 간선:N51,간선:507 | 마을:영등포13,1500.0,1500.0
11560660_11545670,11560660,11545670,30.4,33.6,3.2,지선:5713 | 간선:N51,지선:5713,1500.0,1500.0
11560660_11140570,11560660,11140570,35.4,36.6,1.2,지선:5713 | 간선:N16,간선:507,1600.0,1500.0
11560690_11545670,11560690,11545670,32.0,33.8,1.8,지선:5531 | 간선:N51,신림선 | 지선:5531,1500.0,1550.0
11560700_11140540,11560700,11140540,40.2,41.3,1.1,지선:5713 | 간선:N16,간선:505,1600.0,1500.0
11560700_11440740,11560700,11440740,45.0,45.9,0.9,마을:영등포01 | 지선:6211 | 수도권2호선 | 간선:N72,마을:영등포01 | 마을:영등포12 | 지선:6631 | 간선:760,1650.0,1600.0
11560710_11545670,11560710,11545670,23.6,24.2,0.6,간선:N51,수도권7호선 | 마을:금천07 | 마을:금천01,1500.0,1550.0
11560720_11545670,11560720,11545670,27.6,28.6,1.0,마을:영등포04 | 간선:N51,간선:507 | 지선:5531,1500.0,1500.0
11590530_11440740,11590530,11440740,41.1,41.1,0.0,간선:750B | 수도권6호선 | 간선:N72,간선:750B | 수도권6호선 | 지선:6715,1650.0,1650.0
11590530_11110630,11590530,11110630,32.2,32.6,0.4,간선:501 | 간선:N15,간선:750B | 수도권4호선,1600.0,1650.0
11590550_11140520,11590550,11140520,30.1,31.4,1.3,간선:N15,간선:152,1500.0,1500.0
11590550_11140570,11590550,11140570,42.9,43.0,0.1,지선:8561 | 간선:N16,간선:753 | 간선:600 | 간선:463,1600.0,1600.0
11590550_11110630,11590550,11110630,38.2,45.2,7.0,간선:N15,지선:8561 | 간선:260,1500.0,1600.0
11590605_11110630,11590605,11110630,33.4,33.9,0.5,간선:752 | 간선:N15,간선:752 | 수도권4호선,1600.0,1650.0
11590630_11110530,11590630,11110530,35.3,37.4,2.1,수도권4호선 | 간선:N75,간선:502 | 지선:6211 | 간선:741,1650.0,1600.0
11590640_11560535,11590640,11560535,31.4,31.6,0.2,간선:N64,수도권7호선 | 지선:6514,1500.0,1550.0
11590640_11560550,11590640,11560550,34.7,38.1,3.4,간선:N64 | 지선:5620,마을:동작06 | 수도권2호선,1500.0,1650.0
11590650_11110530,11590650,11110530,40.7,41.6,0.9,간선:752 | 간선:N75,간선:752 | 지선:8101,1600.0,1600.0
11590651_11440740,11590651,11440740,53.6,52.5,-1.1,마을:동작06 | 수도권2호선 | 간선:N72,간선:752 | 수도권4호선 | 경의중앙선(급행),1750.0,1950.0
11590651_11560535,11590651,11560535,29.8,34.1,4.3,간선:N64,수도권7호선 | 지선:6514,1500.0,1550.0
11590670_11545670,11590670,11545670,23.0,26.0,3.0,지선:5531 | 간선:N51,지선:5531 | 마을:금천01,1500.0,1500.0
11620525_11140520,11620525,11140520,35.2,36.6,1.4,지선:6516 | 간선:N15,지선:6516 | 간선:152,1600.0,1600.0
11620565_11650620,11620565,11650620,26.3,26.8,0.5,지선:5524 | 간선:N61,간선:500 | 수도권2호선,1500.0,1550.0
11620565_11545670,11620565,11545670,35.1,37.8,2.7,간선:500 | 간선:N51,마을:관악01 | 간선:500,1500.0,1500.0
11620575_11650620,11620575,11650620,16.7,19.6,2.9,간선:N61,지선:5413 | 간선:142,1500.0,1500.0
11620585_11650620,11620585,11650620,18.0,20.9,2.9,간선:N61,지선:5413 | 간선:142,1500.0,1500.0
11620595_11110530,11620595,11110530,40.7,43.0,2.3,간선:506 | 간선:N75,지선:5517 | 간선:750B,1600.0,1600.0
11620605_11620645,11620605,11620645,16.8,17.0,0.2,간선:N75,수도권2호선,1500.0,1550.0
11620625_11110615,11620625,11110615,43.7,44.8,1.1,간선:641 | 간선:501 | 간선:N51,수도권2호선 | 수도권3호선,1600.0,1650.0
11620625_11650620,11620625,11650620,12.9,16.1,3.2,간선:N61,수도권2호선,1500.0,1550.0
11620630_11650620,11620630,11650620,13.2,16.1,2.9,간선:N61,지선:5413 | 간선:142,1500.0,1500.0
11620630_11110530,11620630,11110530,40.3,43.0,2.7,수도권4호선 | 간선:N75,간선:641 | 간선:750B | 지선:8101,1650.0,1600.0
11620645_11620605,11620645,11620605,15.6,15.6,0.0,간선:N75,간선:152 | 지선:5535,1500.0,1500.0
11620645_11620585,11620645,11620585,18.9,19.4,0.5,간선:N75,간선:651 | 지선:6515,1500.0,1500.0
11620645_11620615,11620645,11620615,17.6,20.8,3.2,간선:N75,수도권2호선,1500.0,1550.0
11620645_11650620,11620645,11650620,24.8,25.1,0.3,간선:N75,수도권2호선,1500.0,1550.0
11620645_11620575,11620645,11620575,15.9,18.7,2.8,간선:N75,수도권2호선,1500.0,1550.0
11620645_11620625,11620645,11620625,16.2,19.0,2.8,간선:N75,수도권2호선,1500.0,1550.0
11620655_11620605,11620655,11620605,17.3,18.6,1.3,간선:N75,지선:5413,1500.0,1500.0
11620655_11110530,11620655,11110530,43.0,48.8,5.8,간선:506 | 간선:N75,수도권2호선 | 간선:370,1600.0,1650.0
11620655_11620615,11620655,11620615,19.4,20.1,0.7,간선:N75,수도권2호선,1500.0,1550.0
11620655_11620625,11620655,11620625,18.0,18.4,0.4,간선:N75,수도권2호선,1500.0,1550.0
11620665_11440740,11620665,11440740,51.2,51.6,0.4,간선:152 | 수도권2호선 | 간선:N72,간선:152 | 수도권6호선 | 공항철도,1750.0,1950.0
11620685_11110530,11620685,11110530,46.0,47.1,1.1,간선:506 | 간선:N75,수도권2호선 | 간선:370,1600.0,1650.0
11620695_11140520,11620695,11140520,37.1,38.4,1.3,간선:N15,간선:152,1500.0,1500.0
11620695_11650620,11620695,11650620,26.8,27.5,0.7,간선:461 | 간선:N61,간선:461 | 마을:서초13,1500.0,1500.0
11620715_11440740,11620715,11440740,53.2,55.8,2.6,지선:5522A난곡 | 수도권2호선 | 간선:N72,지선:5522A난곡 | 수도권2호선 | 간선:271,1750.0,1750.0
11620735_11440740,11620735,11440740,50.4,53.0,2.6,지선:5516 | 수도권2호선 | 간선:N72,지선:5516 | 수도권2호선 | 간선:271,1750.0,1750.0
11620745_11650620,11620745,11650620,26.4,27.8,1.4,지선:8541 | 간선:N61,지선:6515 | 수도권2호선,1500.0,1550.0
11620745_11440565,11620745,11440565,38.5,40.9,2.4,신림선 | 간선:360 | 간선:N16,신림선 | 간선:461 | 간선:463,1650.0,1650.0
11620765_11545670,11620765,11545670,22.4,24.6,2.2,지선:5615 | 간선:500 | 간선:N51,지선:5615 | 지선:5413 | 지선:5627,1500.0,1500.0
11620775_11545670,11620775,11545670,28.0,28.4,0.4,지선:5615 | 간선:500 | 간선:N51,지선:5522B호암 | 간선:152 | 마을:금천01,1500.0,1500.0
11620775_11440740,11620775,11440740,51.6,54.2,2.6,지선:5524 | 수도권2호선 | 간선:N72,지선:5524 | 수도권2호선 | 간선:271,1750.0,1750.0
11620775_11110530,11620775,11110530,48.5,51.4,2.9,간선:506 | 간선:N75,간선:506 | 간선:150 | 간선:101,1700.0,1700.0
11650510_11410585,11650510,11410585,47.1,48.1,1.0,마을:서초03 | 지선:3420 | 간선:N75,마을:서초21 | 간선:740 | 마을:마포10,1700.0,1600.0
11650530_11680580,11650530,11680580,29.8,29.6,-0.2,간선:N61,지선:5413 | 수도권9호선(급행),1500.0,1550.0
11650530_11680521,11650530,11680521,26.3,28.5,2.2,간선:N61 | 간선:242 | 지선:6411,수도권3호선 | 간선:240,1500.0,1550.0
11650530_11680531,11650530,11680531,24.5,28.6,4.1,간선:N61 | 간선:242,수도권3호선 | 마을:강남08,1500.0,1550.0
11650530_11110530,11650530,11110530,38.1,44.5,6.4,지선:5413 | 간선:740 | 간선:N75,수도권3호선 | 간선:101,1600.0,1650.0
11650530_11140520,11650530,11140520,36.1,39.5,3.4,지선:5413 | 간선:740 | 간선:N75,수도권3호선 | 수도권2호선,1500.0,1650.0
11650530_11680565,11650530,11680565,28.0,30.5,2.5,간선:N61 | 간선:242,수도권3호선 | 지선:4212,1500.0,1550.0
11650550_11140520,11650550,11140520,31.5,32.5,1.0,간선:406 | 간선:N75,수도권9호선 | 간선:501,1500.0,1550.0
11650570_11140520,11650570,11140520,30.7,34.8,4.1,간선:N75,수도권9호선 | 간선:501,1500.0,1650.0
11650570_11440660,11650570,11440660,39.8,40.4,0.6,간선:N75 | 수도권6호선,수도권9호선 | 수도권2호선 | 마을:마포15,1650.0,1650.0
11650570_11290600,11650570,11290600,36.4,39.6,3.2,간선:N75 | 수도권6호선,간선:142 | 수도권6호선,1650.0,1650.0
11650570_11170555,11650570,11170555,26.6,29.7,3.1,간선:N75,지선:0411 | 간선:502,1500.0,1500.0
11650580_11170530,11650580,11170530,29.6,34.5,4.9,간선:143 | 간선:N75,간선:143 | 마을:용산02,1500.0,1500.0
11650581_11140520,11650581,11140520,35.5,32.7,-2.8,간선:740 | 간선:N75,간선:740 | 간선:143 | 직행좌석:9007,1500.0,3200.0
11650590_11140520,11650590,11140520,35.0,36.1,1.1,간선:406 | 간선:N75,마을:서초15 | 간선:502,1500.0,1600.0
11650600_11680640,11650600,11680640,23.4,23.6,0.2,지선:4319 | 간선:N61,수도권2호선,1500.0,1550.0
11650610_11680640,11650610,11680640,29.1,29.2,0.1,간선:641 | 간선:N61,간선:350 | 마을:서초03,1500.0,1500.0
11650610_11110530,11650610,11110530,41.1,45.2,4.1,수도권4호선 | 간선:150 | 간선:N75,간선:502 | 지선:6211 | 간선:741,1650.0,1600.0
11650620_11650530,11650620,11650530,10.9,13.6,2.7,간선:N61,간선:406,1500.0,1500.0
11650620_11140520,11650620,11140520,36.0,39.1,3.1,마을:서초13 | 간선:740 | 간선:N75,간선:406 | 간선:505,1600.0,1600.0
11650620_11110530,11650620,11110530,38.0,41.5,3.5,마을:서초13 | 간선:740 | 간선:N75,간선:406 | 간선:143 | 간선:101,1600.0,1600.0
11650620_11650560,11650620,11650560,22.4,22.4,0.0,간선:N61 | 지선:3420,수도권2호선 | 간선:640,1500.0,1550.0
11680545_11110630,11680545,11110630,29.8,30.1,0.3,간선:463 | 간선:N62,간선:301,1500.0,1500.0
11680545_11740610,11680545,11740610,48.2,48.2,0.0,간선:345 | 간선:N31,간선:345 | 지선:3411,1600.0,1600.0
11680580_11110530,11680580,11110530,43.0,44.2,1.2,수도권9호선(급행) | 간선:N75,수도권9호선(급행) | 간선:143 | 간선:370,1750.0,1650.0
11680600_11110530,11680600,11110530,44.1,44.4,0.3,간선:N37,간선:402 | 간선:741,1500.0,1600.0
11680600_11110580,11680600,11110580,48.2,48.4,0.2,간선:N37,간선:402 | 간선:741,1500.0,1700.0
11680655_11110530,11680655,11110530,40.3,40.6,0.3,간선:N37,간선:402 | 간선:741,1500.0,1600.0
11680655_11410585,11680655,11410585,52.0,52.3,0.3,간선:N37 | 간선:472,간선:402 | 간선:472,1700.0,1700.0
11680656_11110530,11680656,11110530,41.2,44.3,3.1,지선:4433 | 간선:N37,지선:4312 | 간선:741,1600.0,1600.0
11680660_11140520,11680660,11140520,50.3,53.5,3.2,간선:472 | 수도권3호선 | 간선:N75,간선:472,1650.0,1500.0
11680660_11110530,11680660,11110530,47.1,48.6,1.5,마을:강남10 | 간선:N37,지선:4432 | 간선:420 | 간선:741,1700.0,1700.0
11680670_11110530,11680670,11110530,51.3,51.2,-0.1,지선:3426 | 간선:N37,수인분당선 | 수도권5호선,1700.0,1750.0
11680690_11140550,11680690,11140550,47.9,50.4,2.5,마을:강남02 | 간선:N37,마을:강남02 | 간선:402,1600.0,1600.0
11680690_11110530,11680690,11110530,45.8,47.6,1.8,마을:강남02 | 간선:N37,지선:4312 | 간선:741,1600.0,1600.0
11680730_11740610,11680730,11740610,34.3,34.6,0.3,마을:강남01 | 간선:350 | 간선:N31,마을:강남01 | 지선:4319 | 지선:3411,1500.0,1500.0
11710510_11200690,11710510,11200690,31.8,32.6,0.8,수도권5호선 | 간선:N62,지선:3214 | 수도권2호선,1550.0,1550.0
11710520_11650530,11710520,11650530,43.2,43.4,0.2,지선:3411 | 수도권2호선 | 간선:N61,지선:3411 | 수도권2호선 | 지선:5413,1650.0,1650.0
11710531_11200690,11710531,11200690,42.9,43.4,0.5,간선:N73,지선:3315 | 수도권2호선,1500.0,1650.0
11710532_11200690,11710532,11200690,40.4,40.4,0.0,지선:3217 | 간선:N73,수도권5호선 | 지선:3413 | 순환:TOUR12,1600.0,1650.0
11710532_11215830,11710532,11215830,31.7,38.6,6.9,지선:3217 | 간선:N73,지선:3318 | 지선:3216,1500.0,1500.0
11710540_11200690,11710540,11200690,42.6,45.1,2.5,지선:3314 | 지선:3315 | 간선:N73,지선:3314 | 수도권2호선,1600.0,1650.0
11710550_11200690,11710550,11200690,42.2,44.5,2.3,지선:3314 | 간선:N73,지선:3315 | 수도권2호선,1600.0,1650.0
11710562_11650530,11710562,11650530,36.7,36.9,0.2,지선:3411 | 수도권2호선 | 간선:N61,지선:3411 | 수도권2호선 | 지선:5413,1650.0,1650.0
11710562_11200660,11710562,11200660,33.5,34.6,1.1,지선:3411 | 간선:N73,수도권8호선 | 수도권9호선(급행) | 수인분당선,1500.0,1550.0
11710580_11140520,11710580,11140520,48.1,43.0,-5.1,수도권9호선(급행) | 간선:N75,수도권9호선(급행) | 직행좌석:9007,1750.0,3200.0
11710600_11140520,11710600,11140520,48.8,43.7,-5.1,수도권9호선(급행) | 간선:N75,수도권9호선(급행) | 직행좌석:9007,1750.0,3200.0
11710631_11110530,11710631,11110530,57.2,60.8,3.6,지선:4312 | 수도권3호선 | 간선:N37,수도권8호선 | 수도권5호선,1750.0,1750.0
11710641_11200690,11710641,11200690,38.6,44.4,5.8,지선:3217 | 간선:N73,수도권8호선 | 순환:TOUR12,1500.0,1650.0
11710646_11200690,11710646,11200690,39.1,40.8,1.7,지선:3322 | 간선:N73,지선:3322 | 지선:3315 | 간선:340 | 순환:TOUR12,1600.0,1600.0
11710670_11170685,11710670,11170685,39.3,41.2,1.9,수도권2호선 | 간선:N13,수도권2호선 | 간선:140,1650.0,1550.0
11710680_11260590,11710680,11260590,41.8,44.4,2.6,간선:360 | 수도권2호선 | 간선:N61,간선:360 | 수도권2호선 | 간선:8146,1650.0,1650.0
11710680_11170530,11710680,11170530,45.8,47.8,2.0,간선:360 | 수도권9호선(급행) | 간선:N75,간선:360 | 수도권2호선 | 간선:740 | 간선:421,1650.0,1750.0
11710690_11200660,11710690,11200660,35.6,34.6,-1.0,지선:3411 | 간선:N73,지선:3411 | 수도권2호선 | 수인분당선,1500.0,1750.0
11710690_11170685,11710690,11170685,50.6,51.9,1.3,지선:3411 | 수도권2호선 | 간선:N13,수도권8호선 | 수도권5호선 | 수도권6호선,1650.0,1750.0
11710710_11140520,11710710,11140520,57.6,56.0,-1.6,수도권2호선 | 간선:N62,간선:342 | 수도권5호선 | 광역:9401,1650.0,3200.0
11710710_11140605,11710710,11140605,43.8,48.3,4.5,수도권2호선 | 간선:N73,수도권2호선 | 수도권3호선,1650.0,1650.0
11710710_11110630,11710710,11110630,41.2,45.4,4.2,수도권2호선 | 간선:N62,수도권2호선 | 수도권1호선,1650.0,1650.0
11710720_11110630,11710720,11110630,47.6,47.6,0.0,수도권9호선 | 간선:463 | 간선:N62,수도권2호선 | 간선:370,1650.0,1750.0
11740515_11200690,11740515,11200690,46.8,48.0,1.2,간선:370 | 수도권5호선 | 간선:N62,간선:370 | 수도권5호선 | 수도권2호선,1650.0,1750.0
11740525_11200690,11740525,11200690,46.6,47.7,1.1,간선:370 | 수도권5호선 | 간선:N62,간선:370 | 수도권5호선 | 수도권2호선,1650.0,1750.0
11740526_11200690,11740526,11200690,51.9,52.4,0.5,수도권5호선 | 간선:N62,수도권5호선 | 지선:4212 | 순환:TOUR12,1650.0,1650.0
11740530_11200690,11740530,11200690,35.7,36.1,0.4,수도권5호선 | 간선:N62,수도권5호선 | 지선:4212 | 순환:TOUR12,1650.0,1650.0
11740540_11200690,11740540,11200690,47.0,48.2,1.2,지선:3411 | 수도권5호선 | 간선:N62,지선:3411 | 수도권5호선 | 수도권2호선,1650.0,1750.0
11740550_11200690,11740550,11200690,43.8,44.2,0.4,수도권5호선 | 간선:N62,수도권5호선 | 지선:4212 | 순환:TOUR12,1650.0,1650.0
11740560_11680580,11740560,11680580,55.8,56.6,0.8,수도권5호선 | 간선:N61,간선:340 | 수도권9호선,1750.0,1650.0
11740560_11200690,11740560,11200690,48.2,49.4,1.2,수도권5호선 | 간선:N62,수도권5호선 | 수도권2호선,1650.0,1650.0
11740570_11200690,11740570,11200690,40.8,41.9,1.1,수도권8호선 | 수도권5호선 | 간선:N62,수도권8호선 | 수도권5호선 | 수도권2호선,1550.0,1550.0
11740580_11200690,11740580,11200690,36.1,37.3,1.2,수도권8호선 | 수도권5호선 | 간선:N62,수도권8호선 | 수도권5호선 | 수도권2호선,1550.0,1550.0
11740600_11200690,11740600,11200690,43.1,44.3,1.2,수도권5호선 | 간선:N62,수도권5호선 | 수도권2호선,1650.0,1650.0
11740610_11740515,11740610,11740515,30.7,32.5,1.8,지선:3321 | 간선:N30,마을:강동05 | 간선:370,1500.0,1500.0
11740620_11200690,11740620,11200690,37.5,38.7,1.2,수도권5호선 | 간선:N62,수도권5호선 | 수도권2호선,1550.0,1550.0
11740640_11200690,11740640,11200690,30.9,31.0,0.1,지선:3220 | 간선:N73,지선:3220 | 간선:302,1500.0,1500.0
11740640_11200650,11740640,11200650,36.0,36.2,0.2,지선:3220 | 간선:N73,수도권8호선 | 수도권2호선,1500.0,1550.0
11740640_11260590,11740640,11260590,31.8,32.9,1.1,수도권8호선 | 수도권5호선 | 간선:N61,수도권8호선 | 수도권5호선 | 수도권7호선,1550.0,1550.0
11740650_11200690,11740650,11200690,34.6,35.8,1.2,수도권5호선 | 간선:N62,수도권5호선 | 수도권2호선,1550.0,1550.0
11740685_11650530,11740685,11650530,49.3,49.5,0.2,간선:341 | 수도권2호선 | 간선:N61,간선:341 | 수도권2호선 | 지선:5413,1650.0,1750.0
11740700_11200690,11740700,11200690,36.1,37.2,1.1,간선:370 | 수도권5호선 | 간선:N62,간선:370 | 수도권5호선 | 수도권2호선,1550.0,1550.0
