행정동코드,미분류,1순위_지번정밀,2순위_도로명근사,3순위_텍스트추정,총거래수,근사배정_건수,근사배정_비중,단독다가구_건수,단독다가구_비중,행정동명,교통비_커버리지
11110515,399,0,0,0,399,0,0.0,193,0.4837,청운효자동,
11110530,671,0,0,0,671,0,0.0,149,0.2221,사직동,
11110540,48,0,0,0,48,0,0.0,48,1.0,삼청동,
11110550,394,0,0,0,394,0,0.0,204,0.5178,부암동,
11110560,175,0,0,0,175,0,0.0,96,0.5486,평창동,
11110570,21,0,0,0,21,0,0.0,10,0.4762,무악동,
11110580,368,0,0,0,368,0,0.0,140,0.3804,교남동,
11110600,192,0,0,0,192,0,0.0,87,0.4531,가회동,
11110615,521,0,0,0,521,0,0.0,120,0.2303,종로1.2.3.4가동,
11110630,808,0,0,0,808,0,0.0,156,0.1931,종로5.6가동,
11110640,1134,0,0,0,1134,0,0.0,574,0.5062,이화동,
11110650,4070,0,0,0,4070,0,0.0,2993,0.7354,혜화동,
11110670,904,0,0,0,904,0,0.0,597,0.6604,창신제1동,
11110700,2628,0,0,0,2628,0,0.0,591,0.2249,숭인제1동,
11140520,97,0,0,0,97,0,0.0,5,0.0515,소공동,
11140540,190,0,0,0,190,0,0.0,141,0.7421,회현동,
11140550,355,0,0,0,355,0,0.0,135,0.3803,명동,
11140570,1515,0,0,0,1515,0,0.0,424,0.2799,필동,
11140580,242,0,0,0,242,0,0.0,157,0.6488,장충동,
11140590,435,0,0,0,435,0,0.0,122,0.2805,광희동,
11140605,169,0,0,0,169,0,0.0,0,0.0,을지로동,
11140615,328,0,0,0,328,0,0.0,36,0.1098,신당동,
11140635,3381,0,0,0,3381,0,0.0,1954,0.5779,약수동,
11140670,1121,0,0,0,1121,0,0.0,146,0.1302,황학동,
11140680,504,0,0,0,504,0,0.0,58,0.1151,중림동,
11170510,993,0,0,0,993,0,0.0,637,0.6415,후암동,
11170520,637,0,0,0,637,0,0.0,424,0.6656,용산2가동,
11170530,543,0,0,0,543,0,0.0,236,0.4346,남영동,
11170555,2332,0,0,0,2332,0,0.0,1716,0.7358,청파동,
11170560,1024,0,0,0,1024,0,0.0,234,0.2285,원효로제1동,
11170570,442,0,0,0,442,0,0.0,208,0.4706,원효로제2동,
11170580,348,0,0,0,348,0,0.0,129,0.3707,효창동,
11170590,415,0,0,0,415,0,0.0,182,0.4386,용문동,
11170625,499,0,0,0,499,0,0.0,82,0.1643,한강로동,
11170630,66,0,0,0,66,0,0.0,11,0.1667,이촌제1동,
11170650,1345,0,0,0,1345,0,0.0,1100,0.8178,이태원제1동,
11170685,333,0,0,0,333,0,0.0,261,0.7838,한남동,
11170690,254,0,0,0,254,0,0.0,164,0.6457,서빙고동,
11170700,459,0,0,0,459,0,0.0,431,0.939,보광동,
11200520,965,0,0,0,965,0,0.0,576,0.5969,왕십리제2동,
11200535,1365,0,0,0,1365,0,0.0,412,0.3018,왕십리도선동,
11200540,2004,0,0,0,2004,0,0.0,1610,0.8034,마장동,
11200550,3439,0,0,0,3439,0,0.0,2536,0.7374,사근동,
11200580,130,0,0,0,130,0,0.0,47,0.3615,응봉동,
11200590,139,0,0,0,139,0,0.0,34,0.2446,금호1가동,
11200615,480,0,0,0,480,0,0.0,362,0.7542,금호2.3가동,
11200620,180,0,0,0,180,0,0.0,145,0.8056,금호4가동,
11200645,214,0,0,0,214,0,0.0,94,0.4393,옥수동,
11200650,1861,0,0,0,1861,0,0.0,999,0.5368,성수1가제1동,
11200670,1515,0,0,0,1515,0,0.0,895,0.5908,성수2가제1동,
11200720,1259,0,0,0,1259,0,0.0,1107,0.8793,송정동,
11200790,2149,0,0,0,2149,0,0.0,1020,0.4746,용답동,
11215710,9660,0,0,0,9660,0,0.0,6315,0.6537,화양동,
11215730,3870,0,0,0,3870,0,0.0,3043,0.7863,군자동,
11215740,7703,0,0,0,7703,0,0.0,5319,0.6905,중곡제1동,
11215780,2316,0,0,0,2316,0,0.0,1817,0.7845,능동,
11215810,387,0,0,0,387,0,0.0,199,0.5142,광장동,
11215820,8520,0,0,0,8520,0,0.0,6292,0.7385,자양제1동,
11215850,6887,0,0,0,6887,0,0.0,4053,0.5885,구의제1동,
11230515,989,0,0,0,989,0,0.0,127,0.1284,신설동,
11230533,3438,0,0,0,3438,0,0.0,1493,0.4343,용두동,
11230545,2402,0,0,0,2402,0,0.0,1746,0.7269,제기동,
11230560,2623,0,0,0,2623,0,0.0,1364,0.52,전농제1동,
11230600,2573,0,0,0,2573,0,0.0,834,0.3241,답십리제1동,
11230650,3865,0,0,0,3865,0,0.0,1054,0.2727,장안제1동,
11230705,1245,0,0,0,1245,0,0.0,442,0.355,청량리동,
11230710,1759,0,0,0,1759,0,0.0,1416,0.805,회기동,
11230720,6256,0,0,0,6256,0,0.0,4464,0.7136,휘경제1동,
11230740,3593,0,0,0,3593,0,0.0,2736,0.7615,이문제1동,
11260520,8548,0,0,0,8548,0,0.0,6643,0.7771,면목제2동,
11260580,2727,0,0,0,2727,0,0.0,1454,0.5332,상봉제1동,
11260600,2675,0,0,0,2675,0,0.0,1917,0.7166,중화제1동,
11260620,2561,0,0,0,2561,0,0.0,1740,0.6794,묵제1동,
11260655,2914,0,0,0,2914,0,0.0,2150,0.7378,망우본동,
11260680,620,0,0,0,620,0,0.0,196,0.3161,신내1동,
11290525,1002,0,0,0,1002,0,0.0,595,0.5938,성북동,
11290555,1850,0,0,0,1850,0,0.0,1301,0.7032,삼선동,
11290575,2808,0,0,0,2808,0,0.0,1651,0.588,동선동,
11290600,2925,0,0,0,2925,0,0.0,2386,0.8157,안암동,
11290610,1191,0,0,0,1191,0,0.0,829,0.6961,보문동,
11290620,3665,0,0,0,3665,0,0.0,2150,0.5866,정릉제1동,
11290685,1498,0,0,0,1498,0,0.0,1157,0.7724,길음제2동,
11290705,1491,0,0,0,1491,0,0.0,1131,0.7586,종암동,
11290725,478,0,0,0,478,0,0.0,435,0.91,월곡제2동,
11290760,1491,0,0,0,1491,0,0.0,756,0.507,장위제1동,
11290810,1819,0,0,0,1819,0,0.0,1362,0.7488,석관동,
11305534,5095,0,0,0,5095,0,0.0,3411,0.6695,삼양동,
11305595,2145,0,0,0,2145,0,0.0,1325,0.6177,번1동,
11305615,7358,0,0,0,7358,0,0.0,4182,0.5684,수유1동,
11305645,522,0,0,0,522,0,0.0,288,0.5517,우이동,
11320511,3738,0,0,0,3738,0,0.0,1327,0.355,창제1동,
11320521,1932,0,0,0,1932,0,0.0,979,0.5067,도봉제1동,
11320660,1949,0,0,0,1949,0,0.0,1101,0.5649,쌍문제1동,
11320690,2655,0,0,0,2655,0,0.0,1373,0.5171,방학제1동,
11350560,1579,0,0,0,1579,0,0.0,909,0.5757,월계1동,
11350595,6394,0,0,0,6394,0,0.0,4888,0.7645,공릉1동,
11350611,395,0,0,0,395,0,0.0,232,0.5873,하계1동,
11350619,373,0,0,0,373,0,0.0,140,0.3753,중계본동,
11350624,3218,0,0,0,3218,0,0.0,1786,0.555,중계4동,
11380510,2003,0,0,0,2003,0,0.0,924,0.4613,녹번동,
11380520,3064,0,0,0,3064,0,0.0,1793,0.5852,불광제1동,
11380551,1893,0,0,0,1893,0,0.0,984,0.5198,갈현제1동,
11380560,974,0,0,0,974,0,0.0,358,0.3676,구산동,
11380570,2191,0,0,0,2191,0,0.0,999,0.456,대조동,
11380580,3831,0,0,0,3831,0,0.0,1755,0.4581,응암제1동,
11380625,2181,0,0,0,2181,0,0.0,1175,0.5387,역촌동,
11380631,1903,0,0,0,1903,0,0.0,907,0.4766,신사제1동,
11380640,244,0,0,0,244,0,0.0,132,0.541,증산동,
11380650,142,0,0,0,142,0,0.0,35,0.2465,수색동,
11380690,3083,0,0,0,3083,0,0.0,4,0.0013,진관동,
11410520,496,0,0,0,496,0,0.0,419,0.8448,천연동,
11410555,3677,0,0,0,3677,0,0.0,996,0.2709,북아현동,
11410565,649,0,0,0,649,0,0.0,255,0.3929,충현동,
11410585,6109,0,0,0,6109,0,0.0,4300,0.7039,신촌동,
11410615,5361,0,0,0,5361,0,0.0,3546,0.6614,연희동,
11410620,1552,0,0,0,1552,0,0.0,1023,0.6591,홍제제1동,
11410660,2017,0,0,0,2017,0,0.0,1240,0.6148,홍은제1동,
11410690,1980,0,0,0,1980,0,0.0,1494,0.7545,남가좌제1동,
11410710,1918,0,0,0,1918,0,0.0,968,0.5047,북가좌제1동,
11440555,1513,0,0,0,1513,0,0.0,558,0.3688,아현동,
11440565,1749,0,0,0,1749,0,0.0,299,0.171,공덕동,
11440585,1141,0,0,0,1141,0,0.0,246,0.2156,도화동,
11440590,2099,0,0,0,2099,0,0.0,1330,0.6336,용강동,
11440600,1520,0,0,0,1520,0,0.0,777,0.5112,대흥동,
11440630,1485,0,0,0,1485,0,0.0,1145,0.771,신수동,
11440655,2013,0,0,0,2013,0,0.0,1233,0.6125,서강동,
11440660,3892,0,0,0,3892,0,0.0,2018,0.5185,서교동,
11440680,1842,0,0,0,1842,0,0.0,673,0.3654,합정동,
11440690,3081,0,0,0,3081,0,0.0,1854,0.6018,망원제1동,
11440710,2636,0,0,0,2636,0,0.0,1453,0.5512,연남동,
11440720,6563,0,0,0,6563,0,0.0,1327,0.2022,성산제1동,
11440730,299,0,0,0,299,0,0.0,151,0.505,성산제2동,
11440740,2978,0,0,0,2978,0,0.0,223,0.0749,상암동,
11470510,4836,0,0,0,4836,0,0.0,1826,0.3776,목1동,
11470560,3440,0,0,0,3440,0,0.0,1495,0.4346,신월1동,
11470620,3933,0,0,0,3933,0,0.0,2067,0.5256,신정1동,
11500510,2106,0,0,0,2106,0,0.0,209,0.0992,염창동,
11500520,4170,0,0,0,4170,0,0.0,740,0.1775,등촌제1동,
11500540,14916,0,0,0,14916,0,0.0,4607,0.3089,화곡제1동,
11500603,10788,0,0,0,10788,0,0.0,68,0.0063,가양제1동,
11500611,1026,0,0,0,1026,0,0.0,455,0.4435,발산제1동,
11500620,5059,0,0,0,5059,0,0.0,1906,0.3768,공항동,
11500640,42,0,0,0,42,0,0.0,34,0.8095,방화제2동,
11530510,731,0,0,0,731,0,0.0,87,0.119,신도림동,
11530520,9447,0,0,0,9447,0,0.0,4092,0.4332,구로제1동,
11530595,1737,0,0,0,1737,0,0.0,1437,0.8273,가리봉동,
11530720,1774,0,0,0,1774,0,0.0,1079,0.6082,고척제1동,
11530740,2704,0,0,0,2704,0,0.0,1271,0.47,개봉제1동,
11530770,3007,0,0,0,3007,0,0.0,835,0.2777,오류제1동,
11530780,163,0,0,0,163,0,0.0,1,0.0061,오류제2동,
11530790,816,0,0,0,816,0,0.0,257,0.315,수궁동,
11530800,89,0,0,0,89,0,0.0,41,0.4607,항동,
11545510,5382,0,0,0,5382,0,0.0,778,0.1446,가산동,
11545610,9321,0,0,0,9321,0,0.0,4919,0.5277,독산제1동,
11545670,4096,0,0,0,4096,0,0.0,2482,0.606,시흥제1동,
11560515,6032,0,0,0,6032,0,0.0,4545,0.7535,영등포본동,
11560535,5523,0,0,0,5523,0,0.0,323,0.0585,영등포동,
11560540,935,0,0,0,935,0,0.0,2,0.0021,여의동,
11560550,1341,0,0,0,1341,0,0.0,727,0.5421,당산제1동,
11560560,3312,0,0,0,3312,0,0.0,430,0.1298,당산제2동,
11560585,1854,0,0,0,1854,0,0.0,1230,0.6634,도림동,
11560605,479,0,0,0,479,0,0.0,69,0.1441,문래동,
11560610,1436,0,0,0,1436,0,0.0,315,0.2194,양평제1동,
11560620,1392,0,0,0,1392,0,0.0,273,0.1961,양평제2동,
11560670,5295,0,0,0,5295,0,0.0,4135,0.7809,신길제5동,
11590510,4239,0,0,0,4239,0,0.0,3319,0.783,노량진제1동,
11590530,10554,0,0,0,10554,0,0.0,7682,0.7279,상도제1동,
11590605,1553,0,0,0,1553,0,0.0,1411,0.9086,흑석동,
11590620,8558,0,0,0,8558,0,0.0,6540,0.7642,사당제1동,
11590630,6,0,0,0,6,0,0.0,2,0.3333,사당제2동,
11590660,2283,0,0,0,2283,0,0.0,1395,0.611,대방동,
11590670,3724,0,0,0,3724,0,0.0,3041,0.8166,신대방제1동,
11620525,26398,0,0,0,26398,0,0.0,18377,0.6962,보라매동,
11620630,1933,0,0,0,1933,0,0.0,1141,0.5903,남현동,
11620735,27596,0,0,0,27596,0,0.0,21091,0.7643,대학동,
11650510,4922,0,0,0,4922,0,0.0,1205,0.2448,서초1동,
11650530,4486,0,0,0,4486,0,0.0,2081,0.4639,서초3동,
11650550,2583,0,0,0,2583,0,0.0,1752,0.6783,반포본동,
11650580,910,0,0,0,910,0,0.0,596,0.6549,반포3동,
11650651,4049,0,0,0,4049,0,0.0,1676,0.4139,양재1동,
11650652,4,0,0,0,4,0,0.0,1,0.25,양재2동,
11650660,581,0,0,0,581,0,0.0,74,0.1274,내곡동,
11680510,985,0,0,0,985,0,0.0,632,0.6416,신사동,
11680521,4468,0,0,0,4468,0,0.0,2790,0.6244,논현1동,
11680545,1,0,0,0,1,0,0.0,1,1.0,압구정동,
11680565,892,0,0,0,892,0,0.0,495,0.5549,청담동,
11680580,1745,0,0,0,1745,0,0.0,531,0.3043,삼성1동,
11680600,2885,0,0,0,2885,0,0.0,1332,0.4617,대치1동,
11680640,7235,0,0,0,7235,0,0.0,2833,0.3916,역삼1동,
11680655,751,0,0,0,751,0,0.0,426,0.5672,도곡1동,
11680660,1525,0,0,0,1525,0,0.0,635,0.4164,개포1동,
11680670,1016,0,0,0,1016,0,0.0,826,0.813,개포2동,
11680700,2155,0,0,0,2155,0,0.0,189,0.0877,세곡동,
11680720,96,0,0,0,96,0,0.0,4,0.0417,일원본동,
11710510,1749,0,0,0,1749,0,0.0,1109,0.6341,풍납1동,
11710531,1238,0,0,0,1238,0,0.0,603,0.4871,거여1동,
11710540,1475,0,0,0,1475,0,0.0,1079,0.7315,마천1동,
11710561,5906,0,0,0,5906,0,0.0,798,0.1351,방이1동,
11710570,1189,0,0,0,1189,0,0.0,391,0.3288,오금동,
11710580,3739,0,0,0,3739,0,0.0,856,0.2289,송파1동,
11710600,4781,0,0,0,4781,0,0.0,1277,0.2671,석촌동,
11710610,3988,0,0,0,3988,0,0.0,951,0.2385,삼전동,
11710620,2504,0,0,0,2504,0,0.0,668,0.2668,가락본동,
11710641,7046,0,0,0,7046,0,0.0,585,0.083,문정1동,
11710650,4490,0,0,0,4490,0,0.0,1285,0.2862,잠실본동,
11710690,9,0,0,0,9,0,0.0,0,0.0,잠실4동,
11740515,724,0,0,0,724,0,0.0,22,0.0304,강일동,
11740525,307,0,0,0,307,0,0.0,179,0.5831,상일제1동,
11740530,1463,0,0,0,1463,0,0.0,440,0.3008,명일제1동,
11740550,1118,0,0,0,1118,0,0.0,770,0.6887,고덕제1동,
11740570,3170,0,0,0,3170,0,0.0,1733,0.5467,암사제1동,
11740600,7913,0,0,0,7913,0,0.0,3429,0.4333,천호제1동,
11740640,5523,0,0,0,5523,0,0.0,3366,0.6095,성내제1동,
11740685,3286,0,0,0,3286,0,0.0,1472,0.448,길동,
11740690,987,0,0,0,987,0,0.0,571,0.5785,둔촌제1동,
