행정동코드_최종,0순위_비분동확정,1순위_지번정밀,2순위_도로명근사,3순위_텍스트추정,총거래수,근사배정_건수,근사배정_비중,행정동명,자치구,교통비_커버리지
1174069000,0,0,0,3,3,3,1.0,둔촌제1동,강동구,0.935568048404642
1171069000,0,0,31,0,31,31,1.0,잠실4동,송파구,0.9348561822774762
1171068000,0,0,71,0,71,71,1.0,잠실3동,송파구,0.9001963818666694
1171067000,0,0,2,14,16,16,1.0,잠실2동,송파구,0.895971047084964
1171063100,0,0,0,11,11,11,1.0,가락1동,송파구,0.8951933767508624
1150060500,0,0,119,0,119,119,1.0,가양제3동,강서구,0.9505628509601995
1126069000,0,0,228,0,228,228,1.0,신내2동,중랑구,0.9477122973400174
1165058000,0,0,22,0,22,22,1.0,반포3동,서초구,0.910433645735811
1168072000,0,0,33,0,33,33,1.0,일원본동,강남구,0.8847892984971112
1174052600,0,0,35,0,35,35,1.0,상일제2동,강동구,0.8478894132754831
1135058000,0,0,15,0,15,15,1.0,월계3동,노원구,0.9491799502547084
1156069000,0,2,418,0,420,418,0.9952,신길제7동,영등포구,0.9526502965635756
1129066000,0,2,105,3,110,108,0.9818,길음제1동,성북구,0.9386766778332386
1168075000,0,3,90,0,93,90,0.9677,수서동,강남구,0.8375627292194138
1156068000,0,50,1211,0,1261,1211,0.9603,신길제6동,영등포구,0.9576185510142108
1156065000,0,33,703,0,736,703,0.9552,신길제3동,영등포구,0.9575666411068868
1123073000,0,196,3589,0,3785,3589,0.9482,휘경제2동,동대문구,0.9519158881022708
1120057000,0,7,109,0,116,109,0.9397,행당제2동,성동구,0.9496244292806312
1156070000,0,83,1264,19,1366,1283,0.9392,대림제1동,영등포구,0.9471623193922102
1162065500,0,206,2827,0,3033,2827,0.9321,신원동,관악구,0.9727468931282394
1171051000,0,48,509,8,565,517,0.915,풍납1동,송파구,0.9448065783652926
1130560800,0,15,157,0,172,157,0.9128,번3동,강북구,0.9209778659574684
1126057500,0,161,1643,0,1804,1643,0.9108,면목제3.8동,중랑구,0.9343991117830762
1162066500,0,413,4042,0,4455,4042,0.9073,서림동,관악구,0.966188420315928
1141069000,0,5,40,8,53,48,0.9057,남가좌제1동,서대문구,0.9492587358998686
1159067000,0,188,1688,28,1904,1716,0.9013,신대방제1동,동작구,0.9244817104740816
1144055500,0,41,349,2,392,351,0.8954,아현동,마포구,0.9336332400159028
1121584000,0,94,800,0,894,800,0.8949,자양제3동,광진구,0.9333633330916372
1126068000,0,52,439,2,493,441,0.8945,신내1동,중랑구,0.8769770532450192
1126054000,0,107,894,0,1001,894,0.8931,면목제4동,중랑구,0.943592337508816
1120072000,0,138,1074,9,1221,1083,0.887,송정동,성동구,0.9541996065915976
1159068000,0,186,1434,0,1620,1434,0.8852,신대방제2동,동작구,0.912014735644094
1121584700,0,380,2916,0,3296,2916,0.8847,자양제4동,광진구,0.9139456980473608
1162074500,0,28,209,0,237,209,0.8819,삼성동,관악구,0.9216778558799666
1130555500,0,145,1078,0,1223,1078,0.8814,송천동,강북구,0.906279878411848
1117065000,0,67,463,14,544,477,0.8768,이태원제1동,용산구,0.8806637582047347
1126066000,0,122,841,0,963,841,0.8733,망우제3동,중랑구,0.9446458222844634
1144058500,0,111,746,7,864,753,0.8715,도화동,마포구,0.9364728172629632
1174055000,0,49,325,7,381,332,0.8714,고덕제1동,강동구,0.9219768440252512
1135060000,0,389,2623,0,3012,2623,0.8708,공릉2동,노원구,0.8217585508920127
1156067000,0,63,422,0,485,422,0.8701,신길제5동,영등포구,0.9573944894148908
1154564000,0,191,1263,0,1454,1263,0.8686,독산제4동,금천구,0.9147462174586216
1162068500,0,394,2605,0,2999,2605,0.8686,신사동,관악구,0.9705221252239256
1159056000,0,313,2060,0,2373,2060,0.8681,상도제4동,동작구,0.9621430021778796
1135057000,0,38,247,0,285,247,0.8667,월계2동,노원구,0.9375870580648268
1162071500,0,19,122,0,141,122,0.8652,난향동,관악구,0.9318331527754472
1168073000,0,136,834,0,970,834,0.8598,일원1동,강남구,0.9305426633072142
1156066000,0,47,282,0,329,282,0.8571,신길제4동,영등포구,0.9735075580056484
1153073000,0,108,642,0,750,642,0.856,고척제2동,구로구,0.9517261201891232
1156051500,0,141,825,0,966,825,0.854,영등포본동,영등포구,0.953916715457218
1141055500,0,71,407,7,485,414,0.8536,북아현동,서대문구,0.9608626928708772
1154563000,0,350,1946,24,2320,1970,0.8491,독산제3동,금천구,0.9559496279440816
1114066500,0,24,134,0,158,134,0.8481,동화동,중구,0.9384617845378654
1162062500,0,582,3209,0,3791,3209,0.8465,인헌동,관악구,0.9454929369388648
1162073500,0,306,1678,0,1984,1678,0.8458,대학동,관악구,0.808387695707621
1159062000,0,608,3255,77,3940,3332,0.8457,사당제1동,동작구,0.9512783465267602
1135062400,0,11,60,0,71,60,0.8451,중계4동,노원구,0.9346469179868718
1126052000,0,189,1028,0,1217,1028,0.8447,면목제2동,중랑구,0.9293609284533504
1162052500,0,483,2599,0,3082,2599,0.8433,보라매동,관악구,0.9518170679586132
1135067000,0,126,677,0,803,677,0.8431,상계5동,노원구,0.937936469204737
1129064000,0,285,1531,0,1816,1531,0.8431,정릉제3동,성북구,0.9191259576167156
1129062000,0,40,190,23,253,213,0.8419,정릉제1동,성북구,0.9588279128256414
1141066000,0,83,424,10,517,434,0.8395,홍은제1동,서대문구,0.9379944050370784
1130554500,0,206,1072,0,1278,1072,0.8388,송중동,강북구,0.8934409784112111
1121582000,0,509,2638,7,3154,2645,0.8386,자양제1동,광진구,0.925259405775594
1141070000,0,369,1900,0,2269,1900,0.8374,남가좌제2동,서대문구,0.9142736647114412
1120067000,0,91,457,10,558,467,0.8369,성수2가제1동,성동구,0.8916116387490077
1159063000,6,176,919,0,1101,919,0.8347,사당제2동,동작구,0.9019802347959388
1126058000,0,135,648,27,810,675,0.8333,상봉제1동,중랑구,0.9549023400134716
1154570000,0,162,783,0,945,783,0.8286,시흥제4동,금천구,0.9314129197982935
1132051300,0,81,389,0,470,389,0.8277,창제3동,도봉구,0.9198760061851852
1111070000,0,82,385,7,474,392,0.827,숭인제1동,종로구,0.9533694917463548
1156071000,0,356,1691,0,2047,1691,0.8261,대림제2동,영등포구,0.958613991433334
1159065000,0,254,1202,0,1456,1202,0.8255,사당제4동,동작구,0.9669096539829444
1126063000,0,187,882,0,1069,882,0.8251,묵제2동,중랑구,0.9435709134877984
1126056500,0,437,1960,66,2463,2026,0.8226,면목본동,중랑구,0.9428312965787586
1123074000,0,542,2471,31,3044,2502,0.8219,이문제1동,동대문구,0.9018605744872522
1132068000,0,112,507,0,619,507,0.8191,쌍문제3동,도봉구,0.9630157846043512
1147063000,0,34,154,0,188,154,0.8191,신정2동,양천구,0.9407642392612632
1162057500,0,966,4292,0,5258,4292,0.8163,행운동,관악구,0.9618042843273712
1162064500,0,956,4209,0,5165,4209,0.8149,서원동,관악구,0.9607865498240992
1117066000,0,133,581,0,714,581,0.8137,이태원제2동,용산구,0.9050149404295148
1114054000,13,17,130,0,160,130,0.8125,회현동,중구,0.5806033169702414
1162054500,0,33,142,0,175,142,0.8114,청림동,관악구,0.9686740726370446
1126057000,0,248,1032,0,1280,1032,0.8062,면목제7동,중랑구,0.9632498058765236
1135059500,0,674,2700,43,3417,2743,0.8028,공릉1동,노원구,0.9054935266162208
1154562000,0,337,1318,0,1655,1318,0.7964,독산제2동,금천구,0.96644759903337
1156072000,0,441,1708,0,2149,1708,0.7948,대림제3동,영등포구,0.9172086694243392
1121586000,0,348,1346,0,1694,1346,0.7946,구의제2동,광진구,0.9359883661209074
1111068000,0,100,380,0,480,380,0.7917,창신제2동,종로구,0.9258567838589804
1111069000,0,17,64,0,81,64,0.7901,창신제3동,종로구,0.9756165248792672
1159064000,0,239,898,0,1137,898,0.7898,사당제3동,동작구,0.956978506824806
1171054000,0,133,487,8,628,495,0.7882,마천1동,송파구,0.9554114125377492
1126055000,0,129,473,0,602,473,0.7857,면목제5동,중랑구,0.9686074931490906
1135063000,0,235,848,0,1083,848,0.783,상계1동,노원구,0.8955637628758655
1121576000,0,321,1154,0,1475,1154,0.7824,중곡제3동,광진구,0.9496903953554704
1130553400,0,146,524,0,670,524,0.7821,삼양동,강북구,0.9384643997565244
1171055000,0,164,588,0,752,588,0.7819,마천2동,송파구,0.8935821893605328
1121575000,0,469,1676,0,2145,1676,0.7814,중곡제2동,광진구,0.9596641817263698
1174065000,0,535,1910,0,2445,1910,0.7812,성내제2동,강동구,0.9267609420083052
1121577000,0,321,1145,0,1466,1145,0.781,중곡제4동,광진구,0.9238861213605756
1162060500,0,380,1302,0,1682,1302,0.7741,은천동,관악구,0.9242916800869854
1123057000,0,43,147,0,190,147,0.7737,전농제2동,동대문구,0.9289781610417756
1154571000,0,170,567,0,737,567,0.7693,시흥제5동,금천구,0.9098189373524151
1162058500,0,793,2331,289,3413,2620,0.7677,낙성대동,관악구,0.9487092049969356
1126060000,0,205,651,22,878,673,0.7665,중화제1동,중랑구,0.9501809246485828
1129068500,0,56,157,21,234,178,0.7607,길음제2동,성북구,0.9322201859246426
1126061000,0,401,1244,0,1645,1244,0.7562,중화제2동,중랑구,0.9316085519255598
1174056000,0,171,524,0,695,524,0.754,고덕제2동,강동구,0.8977188418375776
1165056000,0,561,1694,18,2273,1712,0.7532,반포1동,서초구,0.9017548574083732
1141064000,0,169,514,0,683,514,0.7526,홍제제3동,서대문구,0.9051101425537909
1168051000,0,185,554,5,744,559,0.7513,신사동,강남구,0.7759460600968392
1121583000,0,330,994,0,1324,994,0.7508,자양제2동,광진구,0.913423217784244
1159065100,0,226,677,0,903,677,0.7497,사당제5동,동작구,0.9588328105689984
1162072500,0,813,2430,0,3243,2430,0.7493,조원동,관악구,0.9450359986616996
1144063000,130,186,931,11,1258,942,0.7488,신수동,마포구,0.9384257045491304
1174059000,0,38,113,0,151,113,0.7483,암사제3동,강동구,0.948330978621455
1159052000,0,398,1163,0,1561,1163,0.745,노량진제2동,동작구,0.9253243580138336
1147051000,0,61,148,29,238,177,0.7437,목1동,양천구,0.9252484220386826
1171053100,0,159,452,5,616,457,0.7419,거여1동,송파구,0.9297764222570212
1129058000,0,15,42,1,58,43,0.7414,돈암제1동,성북구,0.9668891480895312
1138053000,0,441,1264,0,1705,1264,0.7413,불광제2동,은평구,0.9306591975182678
1144070000,0,324,928,0,1252,928,0.7412,망원제2동,마포구,0.9500128523745716
1147058000,0,125,358,0,483,358,0.7412,신월3동,양천구,0.9491657627253212
1153053000,0,685,1961,0,2646,1961,0.7411,구로제2동,구로구,0.8610359552058627
1159051000,232,460,1945,25,2662,1970,0.74,노량진제1동,동작구,0.86286958281604
1168053100,0,400,1136,0,1536,1136,0.7396,논현2동,강남구,0.8036729856482676
1129071500,0,170,482,0,652,482,0.7393,월곡제1동,성북구,0.9375615235734848
1159055000,0,444,1244,0,1688,1244,0.737,상도제3동,동작구,0.9617393171953268
1147062000,0,46,109,17,172,126,0.7326,신정1동,양천구,0.9465944871002482
1130563500,0,834,2277,0,3111,2277,0.7319,수유3동,강북구,0.9367786322391488
1144060000,0,509,1363,13,1885,1376,0.73,대흥동,마포구,0.9146151151234916
1168052100,0,790,2113,19,2922,2132,0.7296,논현1동,강남구,0.7896747838699514
1162076500,0,406,1087,0,1493,1087,0.7281,미성동,관악구,0.933278719956523
1141065500,0,66,174,0,240,174,0.725,홍제제2동,서대문구,0.9690279754144104
1174052500,0,77,201,2,280,203,0.725,상일제1동,강동구,0.8753461387340441
1126065500,0,504,1291,19,1814,1310,0.7222,망우본동,중랑구,0.8890199260534365
1126062000,0,438,1099,27,1564,1126,0.7199,묵제1동,중랑구,0.9256719563233454
1130559500,0,456,1169,1,1626,1170,0.7196,번1동,강북구,0.921972261494896
1111067000,0,99,245,7,351,252,0.7179,창신제1동,종로구,0.9110668410620236
1138059000,0,123,313,0,436,313,0.7179,응암제2동,은평구,0.9358167171977082
1132070000,0,296,728,0,1024,728,0.7109,방학제2동,도봉구,0.9349368114604298
1120052000,0,225,551,0,776,551,0.7101,왕십리제2동,성동구,0.9527533239193852
1168065500,0,171,411,7,589,418,0.7097,도곡1동,강남구,0.8973348057712895
1135064000,0,225,541,0,766,541,0.7063,상계2동,노원구,0.8919791246876981
1159054000,0,310,743,0,1053,743,0.7056,상도제2동,동작구,0.939074176750248
1162077500,0,395,945,0,1340,945,0.7052,난곡동,관악구,0.9358923092547352
1162056500,0,144,335,0,479,335,0.6994,성현동,관악구,0.931522633865398
1129065000,0,203,468,0,671,468,0.6975,정릉제4동,성북구,0.9206119080849784
1130562500,0,222,510,0,732,510,0.6967,수유2동,강북구,0.9239230387503726
1165054000,0,267,598,5,870,603,0.6931,잠원동,서초구,0.8766691884248101
1129077000,0,158,353,0,511,353,0.6908,장위제2동,성북구,0.9251654746769776
1174057000,0,735,1606,22,2363,1628,0.689,암사제1동,강동구,0.9263520047932764
1171053200,0,89,196,0,285,196,0.6877,거여2동,송파구,0.9204007581017908
1144069000,0,519,1103,21,1643,1124,0.6841,망원제1동,마포구,0.9307522407555208
1135066500,0,91,197,0,288,197,0.684,상계3.4동,노원구,0.8981912270052205
1111071000,0,676,1452,0,2128,1452,0.6823,숭인제2동,종로구,0.949119535016913
1132066000,0,300,631,10,941,641,0.6812,쌍문제1동,도봉구,0.94784041196834
1130566000,0,509,1084,0,1593,1084,0.6805,인수동,강북구,0.9068441059161472
1153074000,0,447,945,4,1396,949,0.6798,개봉제1동,구로구,0.9351243839780116
1129076000,0,215,449,4,668,453,0.6781,장위제1동,성북구,0.9235682203694624
1132052100,0,330,682,3,1015,685,0.6749,도봉제1동,도봉구,0.9258780272821469
1135061900,0,65,134,0,199,134,0.6734,중계본동,노원구,0.924049797065416
1162061500,0,1118,2289,0,3407,2289,0.6719,중앙동,관악구,0.9666293090208876
1165061000,0,342,689,0,1031,689,0.6683,방배2동,서초구,0.9350552915002198
1132067000,0,169,330,0,499,330,0.6613,쌍문제2동,도봉구,0.9264297241265412
1174070000,0,315,614,0,929,614,0.6609,둔촌제2동,강동구,0.8863349128975394
1174060000,0,661,1253,34,1948,1287,0.6607,천호제1동,강동구,0.9430388918935376
1144059000,198,13,410,0,621,410,0.6602,용강동,마포구,0.9190438957469922
1121574000,0,780,1505,10,2295,1515,0.6601,중곡제1동,광진구,0.9618856941137384
1141072000,0,598,1151,0,1749,1151,0.6581,북가좌제2동,서대문구,0.9275522915265088
1174066000,0,640,1221,0,1861,1221,0.6561,성내제3동,강동구,0.8870475095375164
1114064500,0,97,185,0,282,185,0.656,청구동,중구,0.9587808502950064
1138055100,0,244,452,9,705,461,0.6539,갈현제1동,은평구,0.9348367751481927
1141062000,0,205,368,8,581,376,0.6472,홍제제1동,서대문구,0.934429743514533
1168069000,0,402,714,0,1116,714,0.6398,개포4동,강남구,0.9146051809004934
1129063000,0,230,406,0,636,406,0.6384,정릉제2동,성북구,0.9386120673251848
1132068100,0,37,65,0,102,65,0.6373,쌍문제4동,도봉구,0.965740171812278
1147056000,0,405,699,8,1112,707,0.6358,신월1동,양천구,0.9216631161100204
1150053500,0,175,302,0,477,302,0.6331,등촌제3동,강서구,0.9025368343136326
1132069000,0,573,975,5,1553,980,0.631,방학제1동,도봉구,0.903471320937264
1168054500,0,94,157,1,252,158,0.627,압구정동,강남구,0.8077241033198881
1147057000,0,232,387,0,619,387,0.6252,신월2동,양천구,0.9632158436351465
1121585000,0,1446,2398,9,3853,2407,0.6247,구의제1동,광진구,0.9418940826329631
1171064700,0,122,203,0,325,203,0.6246,위례동,송파구,0.9076901043163323
1154567000,0,817,1355,1,2173,1356,0.624,시흥제1동,금천구,0.8641317812131771
1132051100,0,235,380,7,622,387,0.6222,창제1동,도봉구,0.9598293490748736
1153076000,0,254,418,0,672,418,0.622,개봉제3동,구로구,0.9367420373078368
1121587000,0,515,847,0,1362,847,0.6219,구의제3동,광진구,0.8957860800322034
1165058100,0,117,191,0,308,191,0.6201,반포4동,서초구,0.8638969314072367
1120066000,0,349,567,0,916,567,0.619,성수1가제2동,성동구,0.8724437677470178
1120065000,0,418,667,11,1096,678,0.6186,성수1가제1동,성동구,0.8906880424899593
1144061000,0,351,560,7,918,567,0.6176,염리동,마포구,0.9685420101512804
1144072000,0,629,994,18,1641,1012,0.6167,성산제1동,마포구,0.9448838104686376
1154569000,0,121,194,0,315,194,0.6159,시흥제3동,금천구,0.8839076799530151
1126059000,0,852,1362,0,2214,1362,0.6152,상봉제2동,중랑구,0.9400385519837278
1147064000,0,111,175,0,286,175,0.6119,신정3동,양천구,0.9200668850199072
1138063200,0,260,409,0,669,409,0.6114,신사제2동,은평구,0.9539589462515268
1156063000,0,561,811,67,1439,878,0.6101,신길제1동,영등포구,0.9460310860122576
1147065000,0,1103,1697,0,2800,1697,0.6061,신정4동,양천구,0.917289001482632
1165051000,0,425,636,18,1079,654,0.6061,서초1동,서초구,0.8692633203947437
1168066000,0,17,17,9,43,26,0.6047,개포1동,강남구,0.915909828427583
1130553500,0,708,1078,0,1786,1078,0.6036,미아동,강북구,0.9319586533302244
1135056000,0,524,787,10,1321,797,0.6033,월계1동,노원구,0.9076770452876048
1147059000,0,127,193,0,320,193,0.6031,신월4동,양천구,0.9706609528379953
1150053000,0,398,602,0,1000,602,0.602,등촌제2동,강서구,0.947419166803825
1138052000,0,428,633,11,1072,644,0.6007,불광제1동,은평구,0.9333517837916556
1114065000,0,294,439,0,733,439,0.5989,신당제5동,중구,0.9525946278463172
1174058000,0,332,490,0,822,490,0.5961,암사제2동,강동구,0.935988983936082
1123075000,0,259,382,0,641,382,0.5959,이문제2동,동대문구,0.9446840939634842
1165059000,0,322,469,0,791,469,0.5929,방배본동,서초구,0.9155749825872944
1123061000,0,319,461,0,780,461,0.591,답십리제2동,동대문구,0.9307903673960162
1114063500,0,165,238,0,403,238,0.5906,약수동,중구,0.9476459362385002
1138060000,0,728,1049,0,1777,1049,0.5903,응암제3동,은평구,0.9333445812861684
1135061100,0,147,207,4,358,211,0.5894,하계1동,노원구,0.9200847508295856
1171064200,0,2015,2865,0,4880,2865,0.5871,문정2동,송파구,0.7741835099855967
1174053000,0,177,244,5,426,249,0.5845,명일제1동,강동구,0.9072662967160678
1153055000,0,632,888,0,1520,888,0.5842,구로제4동,구로구,0.9295843610743544
1150061500,0,543,705,57,1305,762,0.5839,우장산동,강서구,0.942166848276508
1150064000,42,565,846,0,1453,846,0.5822,방화제2동,강서구,0.9069305610238696
1150057000,0,517,720,0,1237,720,0.5821,화곡제4동,강서구,0.9519430007327522
1147053000,0,581,806,0,1387,806,0.5811,목3동,양천구,0.9588768841867232
1168063000,0,933,1286,0,2219,1286,0.5795,대치4동,강남구,0.8368122156484598
1123072000,0,1047,1384,53,2484,1437,0.5785,휘경제1동,동대문구,0.951693748696379
1171052000,0,491,670,0,1161,670,0.5771,풍납2동,송파구,0.7150397934053901
1174064000,0,494,639,29,1162,668,0.5749,성내제1동,강동구,0.8676480844590323
1150059300,0,658,889,0,1547,889,0.5747,화곡제8동,강서구,0.9499628570970792
1114061500,328,63,508,16,915,524,0.5727,신당동,중구,0.878790214859515
1174061000,0,1346,1801,0,3147,1801,0.5723,천호제2동,강동구,0.902615746606938
1130557500,0,6,8,0,14,8,0.5714,삼각산동,강북구,0.9284617750674335
1129072500,478,84,746,0,1308,746,0.5703,월곡제2동,성북구,0.9109842142298552
1150062000,0,859,1115,22,1996,1137,0.5696,공항동,강서구,0.865154839225996
1150061100,48,186,298,6,538,304,0.5651,발산제1동,강서구,0.8872235620613934
1114062500,0,518,672,0,1190,672,0.5647,다산동,중구,0.909290080656648
1120056000,0,424,546,0,970,546,0.5629,행당제1동,성동구,0.931651033875284
1129059000,0,14,18,0,32,18,0.5625,돈암제2동,성북구,0.9642206305036394
1114052000,43,0,54,0,97,54,0.5567,소공동,중구,0.6245268306306857
1138055200,0,480,595,0,1075,595,0.5535,갈현제2동,은평구,0.9458603027578188
1147054000,0,420,520,0,940,520,0.5532,목4동,양천구,0.948069875610636
1147060000,0,224,271,0,495,271,0.5475,신월5동,양천구,0.9540124664317734
1153075000,0,314,375,0,689,375,0.5443,개봉제2동,구로구,0.95138591492578
1150056000,0,542,647,0,1189,647,0.5442,화곡제3동,강서구,0.9486051561313672
1123056000,0,1060,1224,14,2298,1238,0.5387,전농제1동,동대문구,0.903804487767307
1153078000,163,231,438,12,844,450,0.5332,오류제2동,구로구,0.8924438044256702
1141068500,0,536,600,2,1138,602,0.529,홍은제2동,서대문구,0.9517548941330968
1165065200,4,1024,1153,0,2181,1153,0.5287,양재2동,서초구,0.7494033403610654
1154568000,0,17,19,0,36,19,0.5278,시흥제2동,금천구,0.9086424805067654
1123053300,0,1192,1270,15,2477,1285,0.5188,용두동,동대문구,0.926687752682624
1141071000,0,68,59,14,141,73,0.5177,북가좌제1동,서대문구,0.929576377004206
1171064600,0,382,410,0,792,410,0.5177,장지동,송파구,0.9171827142672956
1130561500,0,818,867,7,1692,874,0.5165,수유1동,강북구,0.925587926238746
1138063100,0,567,592,9,1168,601,0.5146,신사제1동,은평구,0.947719661578296
1144056500,856,595,1511,10,2972,1521,0.5118,공덕동,마포구,0.918817610117496
1130560300,0,188,194,0,382,194,0.5079,번2동,강북구,0.95217620007087
1165060000,0,680,672,17,1369,689,0.5033,방배1동,서초구,0.90290624643551
1171056100,0,281,268,10,559,278,0.4973,방이1동,송파구,0.935005217245728
1165062100,0,570,553,0,1123,553,0.4924,방배4동,서초구,0.9087109899564072
1162069500,0,1730,1370,267,3367,1637,0.4862,신림동,관악구,0.961794350793516
1168067000,0,75,64,6,145,70,0.4828,개포2동,강남구,0.9200179776906492
1168058000,0,194,178,3,375,181,0.4827,삼성1동,강남구,0.6419496186993048
1174062000,0,1422,1313,0,2735,1313,0.4801,천호제3동,강동구,0.9439025139391216
1171062000,0,676,621,0,1297,621,0.4788,가락본동,송파구,0.8812717927056587
1171065000,0,2323,2114,0,4437,2114,0.4764,잠실본동,송파구,0.9059143266780246
1150059100,0,1330,1205,0,2535,1205,0.4753,화곡제6동,강서구,0.9162841048288748
1153056000,0,1628,1470,0,3098,1470,0.4745,구로제5동,구로구,0.8840256296621576
1153072000,0,470,417,7,894,424,0.4743,고척제1동,구로구,0.8978079593665536
1162059500,0,2767,2483,0,5250,2483,0.473,청룡동,관악구,0.9334641289496312
1120055000,1088,167,1085,37,2377,1122,0.472,사근동,성동구,0.8801305266257261
1171059000,0,277,247,0,524,247,0.4714,송파2동,송파구,0.9417622596799452
1132051200,0,576,510,0,1086,510,0.4696,창제2동,도봉구,0.9354664591677656
1168064000,0,2952,2571,33,5556,2604,0.4687,역삼1동,강남구,0.635698175002129
1168065600,0,87,75,0,162,75,0.463,도곡2동,강남구,0.917162075708074
1165065100,599,405,834,18,1856,852,0.4591,양재1동,서초구,0.7944477873047113
1168059000,0,747,623,0,1370,623,0.4547,삼성2동,강남구,0.8561645380321339
1168061000,0,326,270,0,596,270,0.453,대치2동,강남구,0.8523435934792093
1147052000,0,1014,835,0,1849,835,0.4516,목2동,양천구,0.9520460049524372
1117064000,0,34,28,0,62,28,0.4516,이촌제2동,용산구,0.9502007285728078
1150055000,0,467,377,0,844,377,0.4467,화곡제2동,강서구,0.9740418028287642
1135062500,0,58,46,0,104,46,0.4423,중계2.3동,노원구,0.9329400793161609
1159053000,2385,457,2121,83,5046,2204,0.4368,상도제1동,동작구,0.9327358278557876
1120069000,0,461,352,0,813,352,0.433,성수2가제3동,성동구,0.7711399959350578
1171056200,0,3007,2294,0,5301,2294,0.4327,방이2동,송파구,0.9156812748754452
1171058000,0,1837,1345,14,3196,1359,0.4252,송파1동,송파구,0.9353519345273106
1168065000,0,986,715,0,1701,715,0.4203,역삼2동,강남구,0.8562906627316631
1150063000,0,854,615,0,1469,615,0.4187,방화제1동,강서구,0.906934676159804
1154561000,0,2134,1481,10,3625,1491,0.4113,독산제1동,금천구,0.9083351492296996
1150054000,0,2248,1511,0,3759,1511,0.402,화곡제1동,강서구,0.9389358644859808
1165053000,0,1229,805,0,2034,805,0.3958,서초3동,서초구,0.7264629462881708
1138058000,0,995,630,13,1638,643,0.3926,응암제1동,은평구,0.9425303872493178
1150059000,0,1776,1134,0,2910,1134,0.3897,화곡본동,강서구,0.9517799410763644
1171064100,0,861,515,5,1381,520,0.3765,문정1동,송파구,0.9308431273210258
1132051500,0,492,296,0,788,296,0.3756,창제5동,도봉구,0.944563460825126
1171063200,0,764,432,0,1196,432,0.3612,가락2동,송파구,0.934494770742964
1135072000,0,32,2,16,50,18,0.36,상계10동,노원구,0.9631824603446378
1123065000,0,1420,774,7,2201,781,0.3548,장안제1동,동대문구,0.8753900239643213
1153054000,0,711,388,0,1099,388,0.353,구로제3동,구로구,0.6881735501038879
1123066000,0,1128,579,0,1707,579,0.3392,장안제2동,동대문구,0.8853871992828412
1114058000,242,576,405,4,1227,409,0.3333,장충동,중구,0.8802117125249035
1150052000,0,1748,818,0,2566,818,0.3188,등촌제1동,강서구,0.9461993939185273
1141056500,649,91,336,0,1076,336,0.3123,충현동,서대문구,0.8820232235400614
1132052200,0,540,238,0,778,238,0.3059,도봉제2동,도봉구,0.916201327069557
1150060300,0,7463,3198,19,10680,3217,0.3012,가양제1동,강서구,0.8040653184990413
1150064100,0,601,251,0,852,251,0.2946,방화제3동,강서구,0.9214244125616298
1153077000,0,1688,677,4,2369,681,0.2875,오류제1동,구로구,0.94490352989928
1132071000,0,10,4,0,14,4,0.2857,방학제3동,도봉구,0.9519825409727872
1165062000,0,116,44,0,160,44,0.275,방배3동,서초구,0.9248940950630196
1165053100,0,337,121,0,458,121,0.2642,서초4동,서초구,0.8620988035472859
1153080000,89,0,31,0,120,31,0.2583,항동,구로구,0.9274839961821768
1147061000,0,56,19,0,75,19,0.2533,신월6동,양천구,0.9828778119200052
1123060000,0,1291,425,7,1723,432,0.2507,답십리제1동,동대문구,0.9243661510904182
1135069500,0,113,37,0,150,37,0.2467,상계6.7동,노원구,0.8856465682418645
1147061100,0,369,106,0,475,106,0.2232,신월7동,양천구,0.9231022126907892
1138065000,142,0,39,0,181,39,0.2155,수색동,은평구,0.921493799478838
1165052000,0,1109,290,0,1399,290,0.2073,서초2동,서초구,0.7883156701795477
1138064000,244,0,61,0,305,61,0.2,증산동,은평구,0.9601885906390836
1174054000,0,752,188,0,940,188,0.2,명일제2동,강동구,0.9384903649614456
1129078000,0,216,52,0,268,52,0.194,장위제3동,성북구,0.9702121913590772
1123051500,989,530,364,0,1883,364,0.1933,신설동,동대문구,0.904514749181059
1159066000,2283,0,541,0,2824,541,0.1916,대방동,동작구,0.9216170796816736
1114057000,355,40,89,0,484,89,0.1839,필동,중구,0.8337613011277627
1147068000,0,144,32,0,176,32,0.1818,신정7동,양천구,0.926771607958744
1130564500,522,173,146,0,841,146,0.1736,우이동,강북구,0.9142378402629612
1153052000,0,901,120,39,1060,159,0.15,구로제1동,구로구,0.9384877193971224
1147055000,0,364,58,0,422,58,0.1374,목5동,양천구,0.9142043783655736
1168060000,0,32,5,0,37,5,0.1351,대치1동,강남구,0.909756169826451
1120064500,214,0,31,0,245,31,0.1265,옥수동,성동구,0.8998098048413303
1132051400,0,674,89,0,763,89,0.1166,창제4동,도봉구,0.9160545106182828
1156061000,939,305,159,4,1407,163,0.1158,양평제1동,영등포구,0.9253205388813042
1120053500,1365,2,153,5,1525,158,0.1036,왕십리도선동,성동구,0.9017662662385246
1117068500,333,0,37,0,370,37,0.1,한남동,용산구,0.7523448486087713
1138062500,2181,0,222,0,2403,222,0.0924,역촌동,은평구,0.9080432221330408
1144073000,299,4387,428,0,5114,428,0.0837,성산제2동,마포구,0.9115261010112432
1144068000,1842,0,143,0,1985,143,0.072,합정동,마포구,0.9241134191574228
1117070000,459,0,34,0,493,34,0.069,보광동,용산구,0.950959137210028
1171057000,1189,0,84,0,1273,84,0.066,오금동,송파구,0.893582058675855
1141058500,6109,2209,582,0,8900,582,0.0654,신촌동,서대문구,0.7571512334556362
1144071000,2636,0,171,0,2807,171,0.0609,연남동,마포구,0.9260088696204112
1168067500,0,233,2,13,248,15,0.0605,개포3동,강남구,0.944286991329591
1117069000,254,0,16,0,270,16,0.0593,서빙고동,용산구,0.898784221910464
1114055000,297,17,17,1,332,18,0.0542,명동,중구,0.6091153314560998
1114059000,435,89,30,0,554,30,0.0542,광희동,중구,0.8193963436348934
1138057000,2191,0,122,0,2313,122,0.0527,대조동,은평구,0.9360686897042676
1159060500,1553,0,80,0,1633,80,0.049,흑석동,동작구,0.8428384515246478
1174068500,3286,0,158,0,3444,158,0.0459,길동,강동구,0.8626715739151797
1156058500,1854,0,86,0,1940,86,0.0443,도림동,영등포구,0.9473309131399418
1156060500,479,0,21,0,500,21,0.042,문래동,영등포구,0.881219330714425
1123070500,1245,0,49,0,1294,49,0.0379,청량리동,동대문구,0.9035516649237132
1120059000,139,0,5,0,144,5,0.0347,금호1가동,성동구,0.9471161873177552
1129070500,1491,0,53,0,1544,53,0.0343,종암동,성북구,0.8603242748705179
1121573000,3870,0,127,0,3997,127,0.0318,군자동,광진구,0.93670985519975
1154551000,5382,0,157,0,5539,157,0.0283,가산동,금천구,0.5458862444378404
1144066000,3892,440,122,0,4454,122,0.0274,서교동,마포구,0.8198592349981271
1135062100,0,36,0,1,37,1,0.027,중계1동,노원구,0.9567926588937804
1123054500,2402,0,54,0,2456,54,0.022,제기동,동대문구,0.8652788010344248
1111061500,518,0,11,0,529,11,0.0208,종로1.2.3.4가동,종로구,0.5135551105613096
1153059500,1737,0,24,0,1761,24,0.0136,가리봉동,구로구,0.9769058884820128
1141061500,5361,0,69,0,5430,69,0.0127,연희동,서대문구,0.8532389195060617
1123071000,1759,0,21,0,1780,21,0.0118,회기동,동대문구,0.8211146676759302
1156055000,1341,0,13,0,1354,13,0.0096,당산제1동,영등포구,0.9205892953269668
1111064000,1134,0,10,0,1144,10,0.0087,이화동,종로구,0.7593968760608274
1171060000,4781,0,38,0,4819,38,0.0079,석촌동,송파구,0.9317826257522552
1156062000,1392,18,11,0,1421,11,0.0077,양평제2동,영등포구,0.907079967273175
1150051000,936,0,7,0,943,7,0.0074,염창동,강서구,0.9093526168989272
1114067000,1121,0,8,0,1129,8,0.0071,황학동,중구,0.9423073607975356
1129057500,2808,1,18,0,2827,18,0.0064,동선동,성북구,0.929113608996719
1117062500,499,0,3,0,502,3,0.006,한강로동,용산구,0.7658813873794664
1153051000,731,0,3,0,734,3,0.0041,신도림동,구로구,0.9012150762158192
1121578000,2316,0,9,0,2325,9,0.0039,능동,광진구,0.9585693420468282
1144074000,2978,0,10,0,2988,10,0.0033,상암동,마포구,0.7286245434844654
1141052000,496,0,1,0,497,1,0.002,천연동,서대문구,0.933812481123697
1121571000,9660,0,16,0,9676,16,0.0017,화양동,광진구,0.9326912660741732
1156053500,5523,0,1,8,5532,9,0.0016,영등포동,영등포구,0.9108635783547429
1144065500,2013,1,3,0,2017,3,0.0015,서강동,마포구,0.9193870312006092
1138051000,2003,0,2,0,2005,2,0.001,녹번동,은평구,0.9146592836378936
1171061000,3988,0,1,0,3989,1,0.0003,삼전동,송파구,0.9312616402271862
1117052000,637,0,0,0,637,0,0.0,용산2가동,용산구,0.9420230034617068
1117058000,348,0,0,0,348,0,0.0,효창동,용산구,0.9562327647017912
1117055500,2332,0,0,0,2332,0,0.0,청파동,용산구,0.9057015515101564
1162063000,1933,0,0,0,1933,0,0.0,남현동,관악구,0.924680536958708
1111057000,21,0,0,0,21,0,0.0,무악동,종로구,0.9838439373927556
1117053000,543,0,0,0,543,0,0.0,남영동,용산구,0.9052774447000336
1111065000,4070,0,0,0,4070,0,0.0,혜화동,종로구,0.8517114920747921
1117051000,993,0,0,0,993,0,0.0,후암동,용산구,0.9512666131745388
1114068000,504,0,0,0,504,0,0.0,중림동,중구,0.9371988286479108
1174051500,724,0,0,0,724,0,0.0,강일동,강동구,0.871055580662269
1111060000,192,0,0,0,192,0,0.0,가회동,종로구,0.8054155232170386
1111063000,808,0,0,0,808,0,0.0,종로5.6가동,종로구,0.7538750364156752
1111058000,368,0,0,0,368,0,0.0,교남동,종로구,0.945762361038754
1121581000,387,0,0,0,387,0,0.0,광장동,광진구,0.8970501767649047
1120061500,480,0,0,0,480,0,0.0,금호2.3가동,성동구,0.9406225755659772
1120062000,180,0,0,0,180,0,0.0,금호4가동,성동구,0.937875114623137
1120079000,2149,0,0,0,2149,0,0.0,용답동,성동구,0.9270064837050772
1120058000,130,0,0,0,130,0,0.0,응봉동,성동구,0.9588792064273964
1117059000,415,0,0,0,415,0,0.0,용문동,용산구,0.9597443128229152
1117063000,0,1,0,0,1,0,0.0,이촌제1동,용산구,0.9020105570631384
1120054000,2004,0,0,0,2004,0,0.0,마장동,성동구,0.8795680891052456
1117056000,1024,0,0,0,1024,0,0.0,원효로제1동,용산구,0.937851524827064
1117057000,442,0,0,0,442,0,0.0,원효로제2동,용산구,0.925334634515758
1150060400,0,688,0,0,688,0,0.0,가양제2동,강서구,0.9281950133071462
1165066000,581,0,0,0,581,0,0.0,내곡동,서초구,0.7747574049241467
1129055500,1693,0,0,0,1693,0,0.0,삼선동,성북구,0.8985555632889572
1153079000,816,0,0,0,816,0,0.0,수궁동,구로구,0.9115082386188348
1156056000,3312,0,0,0,3312,0,0.0,당산제2동,영등포구,0.9218358148708394
1156054000,935,0,0,0,935,0,0.0,여의동,영등포구,0.435638418273752
1147067000,0,172,0,0,172,0,0.0,신정6동,양천구,0.9785900156838474
1168056500,892,0,0,0,892,0,0.0,청담동,강남구,0.7971554824159945
1129052500,1002,0,0,0,1002,0,0.0,성북동,성북구,0.9227054516337942
1129060000,2925,0,0,0,2925,0,0.0,안암동,성북구,0.8505264763756265
1129061000,1191,0,0,0,1191,0,0.0,보문동,성북구,0.9378475847094166
1138056000,974,0,0,0,974,0,0.0,구산동,은평구,0.921661955271791
1138069000,3083,0,0,0,3083,0,0.0,진관동,은평구,0.8068724832897818
1129081000,1819,0,0,0,1819,0,0.0,석관동,성북구,0.8867434813760697
1168070000,2155,0,0,0,2155,0,0.0,세곡동,강남구,0.886725351685392
1114060500,169,0,0,0,169,0,0.0,을지로동,중구,0.7187230680747306
1111056000,175,0,0,0,175,0,0.0,평창동,종로구,0.9124693705182104
1111055000,394,0,0,0,394,0,0.0,부암동,종로구,0.9234018565275596
1171071000,0,9,0,0,9,0,0.0,잠실6동,송파구,0.7352802592381132
1111054000,48,0,0,0,48,0,0.0,삼청동,종로구,0.8878399207181453
1111051500,399,0,0,0,399,0,0.0,청운효자동,종로구,0.9043547678480884
1111053000,671,0,0,0,671,0,0.0,사직동,종로구,0.7039235800123109
