dong_code,dong_name,gu,status,reason,road_acc,road_n,fare_coverage,tx_count
11110570,무악동,,low_confidence,거래 30건 미만,,,0.9838439373927556,21.0
11110615,종로1.2.3.4가동,,low_confidence,교통비 커버리지 70% 미만,,,0.5135551105613096,529.0
11140520,소공동,,low_confidence,교통비 커버리지 70% 미만,,,0.6245268306306857,97.0
11140540,회현동,,low_confidence,교통비 커버리지 70% 미만,1.0,7.0,0.5806033169702414,160.0
11140550,명동,,low_confidence,교통비 커버리지 70% 미만,1.0,25.0,0.6091153314560998,332.0
11170630,이촌제1동,,low_confidence,거래 30건 미만,,,0.9020105570631384,1.0
11215710,화양동,,low_confidence,도로명 배정 정확도 50% 미만,0.3893,149.0,0.9326912660741732,9676.0
11305575,삼각산동,,low_confidence,거래 30건 미만,,,0.9284617750674335,14.0
11320710,방학제3동,,low_confidence,거래 30건 미만,,,0.9519825409727872,14.0
11350580,월계3동,,low_confidence,거래 30건 미만,,,0.9491799502547084,15.0
11380510,녹번동,,low_confidence,도로명 배정 정확도 50% 미만,0.2217,203.0,0.9146592836378936,2005.0
11380570,대조동,,low_confidence,도로명 배정 정확도 50% 미만,0.1026,78.0,0.9360686897042676,2313.0
11440655,서강동,,low_confidence,도로명 배정 정확도 50% 미만,0.2344,64.0,0.9193870312006092,2017.0
11440680,합정동,,low_confidence,도로명 배정 정확도 50% 미만,0.1964,112.0,0.9241134191574228,1985.0
11530540,구로제3동,,low_confidence,교통비 커버리지 70% 미만,,,0.6881735501038879,1099.0
11545510,가산동,,low_confidence,교통비 커버리지 70% 미만,0.5797,69.0,0.5458862444378404,5539.0
11560540,여의동,,low_confidence,교통비 커버리지 70% 미만,,,0.435638418273752,935.0
11560585,도림동,,low_confidence,도로명 배정 정확도 50% 미만,0.2535,213.0,0.9473309131399418,1940.0
11590660,대방동,,low_confidence,도로명 배정 정확도 50% 미만,0.3984,128.0,0.9216170796816736,2824.0
11650580,반포3동,,low_confidence,거래 30건 미만,,,0.910433645735811,22.0
11680580,삼성1동,,low_confidence,교통비 커버리지 70% 미만,,,0.6419496186993048,375.0
11680640,역삼1동,,low_confidence,교통비 커버리지 70% 미만,,,0.635698175002129,5556.0
11710631,가락1동,,low_confidence,거래 30건 미만,,,0.8951933767508624,11.0
11710670,잠실2동,,low_confidence,거래 30건 미만,,,0.895971047084964,16.0
11710710,잠실6동,,low_confidence,거래 30건 미만,,,0.7352802592381132,9.0
11740690,둔촌제1동,,low_confidence,거래 30건 미만,,,0.935568048404642,3.0
11350612,하계2동,,no_data,표면주거비 미산출,,,,
11350700,상계8동,,no_data,표면주거비 미산출,,,,
11350710,상계9동,,no_data,표면주거비 미산출,,,,
11650550,반포본동,,no_data,표면주거비 미산출,,,,
11650570,반포2동,,no_data,표면주거비 미산출,,,,
11710566,오륜동,,no_data,표면주거비 미산출,,,,
11710720,잠실7동,,no_data,표면주거비 미산출,,,,
11110515,청운효자동,,ok,,,,0.9043547678480884,399.0
11110530,사직동,,ok,,,,0.7039235800123109,671.0
11110540,삼청동,,ok,,,,0.8878399207181453,48.0
11110550,부암동,,ok,,,,0.9234018565275596,394.0
11110560,평창동,,ok,,,,0.9124693705182104,175.0
11110580,교남동,,ok,,,,0.945762361038754,368.0
11110600,가회동,,ok,,,,0.8054155232170386,192.0
11110630,종로5.6가동,,ok,,0.0,2.0,0.7538750364156752,808.0
11110640,이화동,,ok,,1.0,54.0,0.7593968760608274,1144.0
11110650,혜화동,,ok,,,,0.8517114920747921,4070.0
11110670,창신제1동,,ok,,,,0.9110668410620236,351.0
11110680,창신제2동,,ok,,,,0.9258567838589804,480.0
11110690,창신제3동,,ok,,,,0.9756165248792672,81.0
11110700,숭인제1동,,ok,,,,0.9533694917463548,474.0
11110710,숭인제2동,,ok,,,,0.949119535016913,2128.0
11140570,필동,,ok,,1.0,61.0,0.8337613011277627,484.0
11140580,장충동,,ok,,1.0,9.0,0.8802117125249035,1227.0
11140590,광희동,,ok,,0.8936,47.0,0.8193963436348934,554.0
11140605,을지로동,,ok,,,,0.7187230680747306,169.0
11140615,신당동,,ok,,0.8929,28.0,0.878790214859515,915.0
11140625,다산동,,ok,,,,0.909290080656648,1190.0
11140635,약수동,,ok,,,,0.9476459362385002,403.0
11140645,청구동,,ok,,,,0.9587808502950064,282.0
11140650,신당제5동,,ok,,,,0.9525946278463172,733.0
11140665,동화동,,ok,,,,0.9384617845378654,158.0
11140670,황학동,,ok,,1.0,1.0,0.9423073607975356,1129.0
11140680,중림동,,ok,,,,0.9371988286479108,504.0
11170510,후암동,,ok,,0.0,4.0,0.9512666131745388,993.0
11170520,용산2가동,,ok,,,,0.9420230034617068,637.0
11170530,남영동,,ok,,,,0.9052774447000336,543.0
11170555,청파동,,ok,,,,0.9057015515101564,2332.0
11170560,원효로제1동,,ok,,,,0.937851524827064,1024.0
11170570,원효로제2동,,ok,,,,0.925334634515758,442.0
11170580,효창동,,ok,,,,0.9562327647017912,348.0
11170590,용문동,,ok,,,,0.9597443128229152,415.0
11170625,한강로동,,ok,,,,0.7658813873794664,502.0
11170640,이촌제2동,,ok,,,,0.9502007285728078,62.0
11170650,이태원제1동,,ok,,,,0.8806637582047347,544.0
11170660,이태원제2동,,ok,,,,0.9050149404295148,714.0
11170685,한남동,,ok,,0.0,18.0,0.7523448486087713,370.0
11170690,서빙고동,,ok,,,,0.898784221910464,270.0
11170700,보광동,,ok,,0.5926,27.0,0.950959137210028,493.0
11200520,왕십리제2동,,ok,,,,0.9527533239193852,776.0
11200535,왕십리도선동,,ok,,0.0,1.0,0.9017662662385246,1525.0
11200550,사근동,,ok,,1.0,147.0,0.8801305266257261,2377.0
11200560,행당제1동,,ok,,,,0.931651033875284,970.0
11200570,행당제2동,,ok,,,,0.9496244292806312,116.0
11200580,응봉동,,ok,,,,0.9588792064273964,130.0
11200590,금호1가동,,ok,,1.0,7.0,0.9471161873177552,144.0
11200615,금호2.3가동,,ok,,,,0.9406225755659772,480.0
11200620,금호4가동,,ok,,,,0.937875114623137,180.0
11200645,옥수동,,ok,,,,0.8998098048413303,245.0
11200650,성수1가제1동,,ok,,,,0.8906880424899593,1096.0
11200660,성수1가제2동,,ok,,,,0.8724437677470178,916.0
11200670,성수2가제1동,,ok,,,,0.8916116387490077,558.0
11200690,성수2가제3동,,ok,,,,0.7711399959350578,813.0
11200720,송정동,,ok,,,,0.9541996065915976,1221.0
11200790,용답동,,ok,,,,0.9270064837050772,2149.0
11215730,군자동,,ok,,0.7216,176.0,0.93670985519975,3997.0
11215740,중곡제1동,,ok,,,,0.9618856941137384,2295.0
11215750,중곡제2동,,ok,,,,0.9596641817263698,2145.0
11215760,중곡제3동,,ok,,,,0.9496903953554704,1475.0
11215770,중곡제4동,,ok,,,,0.9238861213605756,1466.0
11215780,능동,,ok,,0.0,17.0,0.9585693420468282,2325.0
11215810,광장동,,ok,,0.0,8.0,0.8970501767649047,387.0
11215820,자양제1동,,ok,,,,0.925259405775594,3154.0
11215830,자양제2동,,ok,,,,0.913423217784244,1324.0
11215840,자양제3동,,ok,,,,0.9333633330916372,894.0
11215847,자양제4동,,ok,,,,0.9139456980473608,3296.0
11215850,구의제1동,,ok,,,,0.9418940826329631,3853.0
11215860,구의제2동,,ok,,,,0.9359883661209074,1694.0
11215870,구의제3동,,ok,,,,0.8957860800322034,1362.0
11230515,신설동,,ok,,0.5,10.0,0.904514749181059,1883.0
11230533,용두동,,ok,,,,0.926687752682624,2477.0
11230545,제기동,,ok,,0.6505,103.0,0.8652788010344248,2456.0
11230560,전농제1동,,ok,,,,0.903804487767307,2298.0
11230570,전농제2동,,ok,,,,0.9289781610417756,190.0
11230600,답십리제1동,,ok,,,,0.9243661510904182,1723.0
11230610,답십리제2동,,ok,,,,0.9307903673960162,780.0
11230650,장안제1동,,ok,,,,0.8753900239643213,2201.0
11230660,장안제2동,,ok,,,,0.8853871992828412,1707.0
11230705,청량리동,,ok,,0.0,12.0,0.9035516649237132,1294.0
11230710,회기동,,ok,,0.5042,119.0,0.8211146676759302,1780.0
11230720,휘경제1동,,ok,,,,0.951693748696379,2484.0
11230730,휘경제2동,,ok,,,,0.9519158881022708,3785.0
11230740,이문제1동,,ok,,,,0.9018605744872522,3044.0
11230750,이문제2동,,ok,,,,0.9446840939634842,641.0
11260520,면목제2동,,ok,,,,0.9293609284533504,1217.0
11260540,면목제4동,,ok,,,,0.943592337508816,1001.0
11260550,면목제5동,,ok,,,,0.9686074931490906,602.0
11260565,면목본동,,ok,,,,0.9428312965787586,2463.0
11260570,면목제7동,,ok,,,,0.9632498058765236,1280.0
11260575,면목제3.8동,,ok,,,,0.9343991117830762,1804.0
11260580,상봉제1동,,ok,,,,0.9549023400134716,810.0
11260590,상봉제2동,,ok,,,,0.9400385519837278,2214.0
11260600,중화제1동,,ok,,,,0.9501809246485828,878.0
11260610,중화제2동,,ok,,,,0.9316085519255598,1645.0
11260620,묵제1동,,ok,,,,0.9256719563233454,1564.0
11260630,묵제2동,,ok,,,,0.9435709134877984,1069.0
11260655,망우본동,,ok,,,,0.8890199260534365,1814.0
11260660,망우제3동,,ok,,,,0.9446458222844634,963.0
11260680,신내1동,,ok,,,,0.8769770532450192,493.0
11260690,신내2동,,ok,,,,0.9477122973400174,228.0
11290555,삼선동,,ok,,0.0,1.0,0.8985555632889572,1693.0
11290575,동선동,,ok,,0.7113,97.0,0.929113608996719,2827.0
11290580,돈암제1동,,ok,,,,0.9668891480895312,58.0
11290590,돈암제2동,,ok,,,,0.9642206305036394,32.0
11290600,안암동,,ok,,,,0.8505264763756265,2925.0
11290610,보문동,,ok,,,,0.9378475847094166,1191.0
11290620,정릉제1동,,ok,,,,0.9588279128256414,253.0
11290630,정릉제2동,,ok,,,,0.9386120673251848,636.0
11290640,정릉제3동,,ok,,,,0.9191259576167156,1816.0
11290650,정릉제4동,,ok,,,,0.9206119080849784,671.0
11290660,길음제1동,,ok,,,,0.9386766778332386,110.0
11290685,길음제2동,,ok,,,,0.9322201859246426,234.0
11290705,종암동,,ok,,0.84,50.0,0.8603242748705179,1544.0
11290715,월곡제1동,,ok,,,,0.9375615235734848,652.0
11290725,월곡제2동,,ok,,0.8857,175.0,0.9109842142298552,1308.0
11290760,장위제1동,,ok,,,,0.9235682203694624,668.0
11290770,장위제2동,,ok,,,,0.9251654746769776,511.0
11290780,장위제3동,,ok,,,,0.9702121913590772,268.0
11305534,삼양동,,ok,,,,0.9384643997565244,670.0
11305535,미아동,,ok,,,,0.9319586533302244,1786.0
11305545,송중동,,ok,,,,0.8934409784112111,1278.0
11305555,송천동,,ok,,,,0.906279878411848,1223.0
11305595,번1동,,ok,,,,0.921972261494896,1626.0
11305603,번2동,,ok,,,,0.95217620007087,382.0
11305608,번3동,,ok,,,,0.9209778659574684,172.0
11305615,수유1동,,ok,,,,0.925587926238746,1692.0
11305625,수유2동,,ok,,,,0.9239230387503726,732.0
11305635,수유3동,,ok,,,,0.9367786322391488,3111.0
11305645,우이동,,ok,,0.6327,49.0,0.9142378402629612,841.0
11305660,인수동,,ok,,,,0.9068441059161472,1593.0
11320511,창제1동,,ok,,,,0.9598293490748736,622.0
11320512,창제2동,,ok,,,,0.9354664591677656,1086.0
11320513,창제3동,,ok,,,,0.9198760061851852,470.0
11320514,창제4동,,ok,,,,0.9160545106182828,763.0
11320515,창제5동,,ok,,,,0.944563460825126,788.0
11320521,도봉제1동,,ok,,,,0.9258780272821469,1015.0
11320522,도봉제2동,,ok,,,,0.916201327069557,778.0
11320660,쌍문제1동,,ok,,,,0.94784041196834,941.0
11320670,쌍문제2동,,ok,,,,0.9264297241265412,499.0
11320680,쌍문제3동,,ok,,,,0.9630157846043512,619.0
11320681,쌍문제4동,,ok,,,,0.965740171812278,102.0
11320690,방학제1동,,ok,,,,0.903471320937264,1553.0
11320700,방학제2동,,ok,,,,0.9349368114604298,1024.0
11350560,월계1동,,ok,,,,0.9076770452876048,1321.0
11350570,월계2동,,ok,,,,0.9375870580648268,285.0
11350595,공릉1동,,ok,,,,0.9054935266162208,3417.0
11350600,공릉2동,,ok,,,,0.8217585508920127,3012.0
11350611,하계1동,,ok,,,,0.9200847508295856,358.0
11350619,중계본동,,ok,,,,0.924049797065416,199.0
11350621,중계1동,,ok,,,,0.9567926588937804,37.0
11350624,중계4동,,ok,,,,0.9346469179868718,71.0
11350625,중계2.3동,,ok,,,,0.9329400793161609,104.0
11350630,상계1동,,ok,,,,0.8955637628758655,1083.0
11350640,상계2동,,ok,,,,0.8919791246876981,766.0
11350665,상계3.4동,,ok,,,,0.8981912270052205,288.0
11350670,상계5동,,ok,,,,0.937936469204737,803.0
11350695,상계6.7동,,ok,,,,0.8856465682418645,150.0
11350720,상계10동,,ok,,,,0.9631824603446378,50.0
11380520,불광제1동,,ok,,,,0.9333517837916556,1072.0
11380530,불광제2동,,ok,,,,0.9306591975182678,1705.0
11380551,갈현제1동,,ok,,,,0.9348367751481927,705.0
11380552,갈현제2동,,ok,,,,0.9458603027578188,1075.0
11380580,응암제1동,,ok,,,,0.9425303872493178,1638.0
11380590,응암제2동,,ok,,,,0.9358167171977082,436.0
11380600,응암제3동,,ok,,,,0.9333445812861684,1777.0
11380625,역촌동,,ok,,0.8413,271.0,0.9080432221330408,2403.0
11380631,신사제1동,,ok,,,,0.947719661578296,1168.0
11380632,신사제2동,,ok,,,,0.9539589462515268,669.0
11380640,증산동,,ok,,0.75,4.0,0.9601885906390836,305.0
11380650,수색동,,ok,,,,0.921493799478838,181.0
11380690,진관동,,ok,,,,0.8068724832897818,3083.0
11410520,천연동,,ok,,0.5385,26.0,0.933812481123697,497.0
11410555,북아현동,,ok,,,,0.9608626928708772,485.0
11410565,충현동,,ok,,0.625,16.0,0.8820232235400614,1076.0
11410585,신촌동,,ok,,0.9835,243.0,0.7571512334556362,8900.0
11410615,연희동,,ok,,0.9037,187.0,0.8532389195060617,5430.0
11410620,홍제제1동,,ok,,,,0.934429743514533,581.0
11410640,홍제제3동,,ok,,,,0.9051101425537909,683.0
11410655,홍제제2동,,ok,,,,0.9690279754144104,240.0
11410660,홍은제1동,,ok,,,,0.9379944050370784,517.0
11410685,홍은제2동,,ok,,,,0.9517548941330968,1138.0
11410690,남가좌제1동,,ok,,,,0.9492587358998686,53.0
11410700,남가좌제2동,,ok,,,,0.9142736647114412,2269.0
11410710,북가좌제1동,,ok,,,,0.929576377004206,141.0
11410720,북가좌제2동,,ok,,,,0.9275522915265088,1749.0
11440555,아현동,,ok,,,,0.9336332400159028,392.0
11440565,공덕동,,ok,,1.0,59.0,0.918817610117496,2972.0
11440585,도화동,,ok,,,,0.9364728172629632,864.0
11440590,용강동,,ok,,0.3333,6.0,0.9190438957469922,621.0
11440600,대흥동,,ok,,,,0.9146151151234916,1885.0
11440610,염리동,,ok,,,,0.9685420101512804,918.0
11440630,신수동,,ok,,0.5588,68.0,0.9384257045491304,1258.0
11440660,서교동,,ok,,0.5645,287.0,0.8198592349981271,4454.0
11440690,망원제1동,,ok,,,,0.9307522407555208,1643.0
11440700,망원제2동,,ok,,,,0.9500128523745716,1252.0
11440710,연남동,,ok,,0.5043,345.0,0.9260088696204112,2807.0
11440720,성산제1동,,ok,,,,0.9448838104686376,1641.0
11440730,성산제2동,,ok,,0.4483,29.0,0.9115261010112432,5114.0
11440740,상암동,,ok,,1.0,29.0,0.7286245434844654,2988.0
11470510,목1동,,ok,,,,0.9252484220386826,238.0
11470520,목2동,,ok,,,,0.9520460049524372,1849.0
11470530,목3동,,ok,,,,0.9588768841867232,1387.0
11470540,목4동,,ok,,,,0.948069875610636,940.0
11470550,목5동,,ok,,,,0.9142043783655736,422.0
11470560,신월1동,,ok,,,,0.9216631161100204,1112.0
11470570,신월2동,,ok,,,,0.9632158436351465,619.0
11470580,신월3동,,ok,,,,0.9491657627253212,483.0
11470590,신월4동,,ok,,,,0.9706609528379953,320.0
11470600,신월5동,,ok,,,,0.9540124664317734,495.0
11470610,신월6동,,ok,,,,0.9828778119200052,75.0
11470611,신월7동,,ok,,,,0.9231022126907892,475.0
11470620,신정1동,,ok,,,,0.9465944871002482,172.0
11470630,신정2동,,ok,,,,0.9407642392612632,188.0
11470640,신정3동,,ok,,,,0.9200668850199072,286.0
11470650,신정4동,,ok,,,,0.917289001482632,2800.0
11470670,신정6동,,ok,,,,0.9785900156838474,172.0
11470680,신정7동,,ok,,,,0.926771607958744,176.0
11500510,염창동,,ok,,0.7037,27.0,0.9093526168989272,943.0
11500520,등촌제1동,,ok,,,,0.9461993939185273,2566.0
11500530,등촌제2동,,ok,,,,0.947419166803825,1000.0
11500535,등촌제3동,,ok,,,,0.9025368343136326,477.0
11500540,화곡제1동,,ok,,,,0.9389358644859808,3759.0
11500550,화곡제2동,,ok,,,,0.9740418028287642,844.0
11500560,화곡제3동,,ok,,,,0.9486051561313672,1189.0
11500570,화곡제4동,,ok,,,,0.9519430007327522,1237.0
11500590,화곡본동,,ok,,,,0.9517799410763644,2910.0
11500591,화곡제6동,,ok,,,,0.9162841048288748,2535.0
11500593,화곡제8동,,ok,,,,0.9499628570970792,1547.0
11500603,가양제1동,,ok,,,,0.8040653184990413,10680.0
11500604,가양제2동,,ok,,,,0.9281950133071462,688.0
11500605,가양제3동,,ok,,,,0.9505628509601995,119.0
11500611,발산제1동,,ok,,,,0.8872235620613934,538.0
11500615,우장산동,,ok,,,,0.942166848276508,1305.0
11500620,공항동,,ok,,,,0.865154839225996,1996.0
11500630,방화제1동,,ok,,,,0.906934676159804,1469.0
11500640,방화제2동,,ok,,,,0.9069305610238696,1453.0
11500641,방화제3동,,ok,,,,0.9214244125616298,852.0
11530510,신도림동,,ok,,,,0.9012150762158192,734.0
11530520,구로제1동,,ok,,,,0.9384877193971224,1060.0
11530530,구로제2동,,ok,,,,0.8610359552058627,2646.0
11530550,구로제4동,,ok,,,,0.9295843610743544,1520.0
11530560,구로제5동,,ok,,,,0.8840256296621576,3098.0
11530595,가리봉동,,ok,,0.6173,196.0,0.9769058884820128,1761.0
11530720,고척제1동,,ok,,,,0.8978079593665536,894.0
11530730,고척제2동,,ok,,,,0.9517261201891232,750.0
11530740,개봉제1동,,ok,,,,0.9351243839780116,1396.0
11530750,개봉제2동,,ok,,,,0.95138591492578,689.0
11530760,개봉제3동,,ok,,,,0.9367420373078368,672.0
11530770,오류제1동,,ok,,,,0.94490352989928,2369.0
11530780,오류제2동,,ok,,,,0.8924438044256702,844.0
11530790,수궁동,,ok,,0.0,16.0,0.9115082386188348,816.0
11530800,항동,,ok,,,,0.9274839961821768,120.0
11545610,독산제1동,,ok,,,,0.9083351492296996,3625.0
11545620,독산제2동,,ok,,,,0.96644759903337,1655.0
11545630,독산제3동,,ok,,,,0.9559496279440816,2320.0
11545640,독산제4동,,ok,,,,0.9147462174586216,1454.0
11545670,시흥제1동,,ok,,,,0.8641317812131771,2173.0
11545680,시흥제2동,,ok,,,,0.9086424805067654,36.0
11545690,시흥제3동,,ok,,,,0.8839076799530151,315.0
11545700,시흥제4동,,ok,,,,0.9314129197982935,945.0
11545710,시흥제5동,,ok,,,,0.9098189373524151,737.0
11560515,영등포본동,,ok,,,,0.953916715457218,966.0
11560535,영등포동,,ok,,0.76,25.0,0.9108635783547429,5532.0
11560550,당산제1동,,ok,,0.069,29.0,0.9205892953269668,1354.0
11560560,당산제2동,,ok,,,,0.9218358148708394,3312.0
11560605,문래동,,ok,,0.4,5.0,0.881219330714425,500.0
11560610,양평제1동,,ok,,0.8,15.0,0.9253205388813042,1407.0
11560620,양평제2동,,ok,,1.0,1.0,0.907079967273175,1421.0
11560630,신길제1동,,ok,,,,0.9460310860122576,1439.0
11560650,신길제3동,,ok,,,,0.9575666411068868,736.0
11560660,신길제4동,,ok,,,,0.9735075580056484,329.0
11560670,신길제5동,,ok,,,,0.9573944894148908,485.0
11560680,신길제6동,,ok,,,,0.9576185510142108,1261.0
11560690,신길제7동,,ok,,,,0.9526502965635756,420.0
11560700,대림제1동,,ok,,,,0.9471623193922102,1366.0
11560710,대림제2동,,ok,,,,0.958613991433334,2047.0
11560720,대림제3동,,ok,,,,0.9172086694243392,2149.0
11590510,노량진제1동,,ok,,0.0,1.0,0.86286958281604,2662.0
11590520,노량진제2동,,ok,,,,0.9253243580138336,1561.0
11590530,상도제1동,,ok,,0.8352,892.0,0.9327358278557876,5046.0
11590540,상도제2동,,ok,,,,0.939074176750248,1053.0
11590550,상도제3동,,ok,,,,0.9617393171953268,1688.0
11590560,상도제4동,,ok,,,,0.9621430021778796,2373.0
11590605,흑석동,,ok,,1.0,73.0,0.8428384515246478,1633.0
11590620,사당제1동,,ok,,,,0.9512783465267602,3940.0
11590630,사당제2동,,ok,,,,0.9019802347959388,1101.0
11590640,사당제3동,,ok,,,,0.956978506824806,1137.0
11590650,사당제4동,,ok,,,,0.9669096539829444,1456.0
11590651,사당제5동,,ok,,,,0.9588328105689984,903.0
11590670,신대방제1동,,ok,,,,0.9244817104740816,1904.0
11590680,신대방제2동,,ok,,,,0.912014735644094,1620.0
11620525,보라매동,,ok,,,,0.9518170679586132,3082.0
11620545,청림동,,ok,,,,0.9686740726370446,175.0
11620565,성현동,,ok,,,,0.931522633865398,479.0
11620575,행운동,,ok,,,,0.9618042843273712,5258.0
11620585,낙성대동,,ok,,,,0.9487092049969356,3413.0
11620595,청룡동,,ok,,,,0.9334641289496312,5250.0
11620605,은천동,,ok,,,,0.9242916800869854,1682.0
11620615,중앙동,,ok,,,,0.9666293090208876,3407.0
11620625,인헌동,,ok,,,,0.9454929369388648,3791.0
11620630,남현동,,ok,,0.0,12.0,0.924680536958708,1933.0
11620645,서원동,,ok,,,,0.9607865498240992,5165.0
11620655,신원동,,ok,,,,0.9727468931282394,3033.0
11620665,서림동,,ok,,,,0.966188420315928,4455.0
11620685,신사동,,ok,,,,0.9705221252239256,2999.0
11620695,신림동,,ok,,,,0.961794350793516,3367.0
11620715,난향동,,ok,,,,0.9318331527754472,141.0
11620725,조원동,,ok,,,,0.9450359986616996,3243.0
11620735,대학동,,ok,,,,0.808387695707621,1984.0
11620745,삼성동,,ok,,,,0.9216778558799666,237.0
11620765,미성동,,ok,,,,0.933278719956523,1493.0
11620775,난곡동,,ok,,,,0.9358923092547352,1340.0
11650510,서초1동,,ok,,,,0.8692633203947437,1079.0
11650520,서초2동,,ok,,,,0.7883156701795477,1399.0
11650530,서초3동,,ok,,,,0.7264629462881708,2034.0
11650531,서초4동,,ok,,,,0.8620988035472859,458.0
11650540,잠원동,,ok,,,,0.8766691884248101,870.0
11650560,반포1동,,ok,,,,0.9017548574083732,2273.0
11650581,반포4동,,ok,,,,0.8638969314072367,308.0
11650590,방배본동,,ok,,,,0.9155749825872944,791.0
11650600,방배1동,,ok,,,,0.90290624643551,1369.0
11650610,방배2동,,ok,,,,0.9350552915002198,1031.0
11650620,방배3동,,ok,,,,0.9248940950630196,160.0
11650621,방배4동,,ok,,,,0.9087109899564072,1123.0
11650651,양재1동,,ok,,,,0.7944477873047113,1856.0
11650652,양재2동,,ok,,,,0.7494033403610654,2181.0
11650660,내곡동,,ok,,,,0.7747574049241467,581.0
11680510,신사동,,ok,,,,0.7759460600968392,744.0
11680521,논현1동,,ok,,,,0.7896747838699514,2922.0
11680531,논현2동,,ok,,,,0.8036729856482676,1536.0
11680545,압구정동,,ok,,,,0.8077241033198881,252.0
11680565,청담동,,ok,,,,0.7971554824159945,892.0
11680590,삼성2동,,ok,,,,0.8561645380321339,1370.0
11680600,대치1동,,ok,,,,0.909756169826451,37.0
11680610,대치2동,,ok,,,,0.8523435934792093,596.0
11680630,대치4동,,ok,,,,0.8368122156484598,2219.0
11680650,역삼2동,,ok,,,,0.8562906627316631,1701.0
11680655,도곡1동,,ok,,,,0.8973348057712895,589.0
11680656,도곡2동,,ok,,,,0.917162075708074,162.0
11680660,개포1동,,ok,,,,0.915909828427583,43.0
11680670,개포2동,,ok,,,,0.9200179776906492,145.0
11680675,개포3동,,ok,,,,0.944286991329591,248.0
11680690,개포4동,,ok,,,,0.9146051809004934,1116.0
11680700,세곡동,,ok,,,,0.886725351685392,2155.0
11680720,일원본동,,ok,,,,0.8847892984971112,33.0
11680730,일원1동,,ok,,,,0.9305426633072142,970.0
11680750,수서동,,ok,,,,0.8375627292194138,93.0
11710510,풍납1동,,ok,,,,0.9448065783652926,565.0
11710520,풍납2동,,ok,,,,0.7150397934053901,1161.0
11710531,거여1동,,ok,,,,0.9297764222570212,616.0
11710532,거여2동,,ok,,,,0.9204007581017908,285.0
11710540,마천1동,,ok,,,,0.9554114125377492,628.0
11710550,마천2동,,ok,,,,0.8935821893605328,752.0
11710561,방이1동,,ok,,,,0.935005217245728,559.0
11710562,방이2동,,ok,,,,0.9156812748754452,5301.0
11710570,오금동,,ok,,0.6782,87.0,0.893582058675855,1273.0
11710580,송파1동,,ok,,,,0.9353519345273106,3196.0
11710590,송파2동,,ok,,,,0.9417622596799452,524.0
11710600,석촌동,,ok,,1.0,32.0,0.9317826257522552,4819.0
11710610,삼전동,,ok,,1.0,1.0,0.9312616402271862,3989.0
11710620,가락본동,,ok,,,,0.8812717927056587,1297.0
11710632,가락2동,,ok,,,,0.934494770742964,1196.0
11710641,문정1동,,ok,,,,0.9308431273210258,1381.0
11710642,문정2동,,ok,,,,0.7741835099855967,4880.0
11710646,장지동,,ok,,,,0.9171827142672956,792.0
11710647,위례동,,ok,,,,0.9076901043163323,325.0
11710650,잠실본동,,ok,,,,0.9059143266780246,4437.0
11710680,잠실3동,,ok,,,,0.9001963818666694,71.0
11710690,잠실4동,,ok,,,,0.9348561822774762,31.0
11740515,강일동,,ok,,,,0.871055580662269,724.0
11740525,상일제1동,,ok,,,,0.8753461387340441,280.0
11740526,상일제2동,,ok,,,,0.8478894132754831,35.0
11740530,명일제1동,,ok,,,,0.9072662967160678,426.0
11740540,명일제2동,,ok,,,,0.9384903649614456,940.0
11740550,고덕제1동,,ok,,,,0.9219768440252512,381.0
11740560,고덕제2동,,ok,,,,0.8977188418375776,695.0
11740570,암사제1동,,ok,,,,0.9263520047932764,2363.0
11740580,암사제2동,,ok,,,,0.935988983936082,822.0
11740590,암사제3동,,ok,,,,0.948330978621455,151.0
11740600,천호제1동,,ok,,,,0.9430388918935376,1948.0
11740610,천호제2동,,ok,,,,0.902615746606938,3147.0
11740620,천호제3동,,ok,,,,0.9439025139391216,2735.0
11740640,성내제1동,,ok,,,,0.8676480844590323,1162.0
11740650,성내제2동,,ok,,,,0.9267609420083052,2445.0
11740660,성내제3동,,ok,,,,0.8870475095375164,1861.0
11740685,길동,,ok,,0.6417,254.0,0.8626715739151797,3444.0
11740700,둔촌제2동,,ok,,,,0.8863349128975394,929.0
11200540,마장동,,unreliable,도로명 배정 검증 정확도 0%,0.0,127.0,0.8795680891052456,2004.0
11290525,성북동,,unreliable,도로명 배정 검증 정확도 0%,0.0,66.0,0.9227054516337942,1002.0
11290810,석관동,,unreliable,도로명 배정 검증 정확도 0%,0.0,52.0,0.8867434813760697,1819.0
11380560,구산동,,unreliable,도로명 배정 검증 정확도 0%,0.0,69.0,0.921661955271791,974.0
